case_id,seg_path,failed,failure_reason,voxel_volume_mm3,mask_voxel_count,volume_mm3,connected_component_count,largest_component_voxel_count,largest_component_fraction,component_volume_fraction_largest,component_volume_fraction_second_largest,equivalent_sphere_diameter_mm,max_diameter_bbox_mm,bbox_volume_mm3,bbox_fill_fraction,principal_axis_length_major_mm,principal_axis_length_minor1_mm,principal_axis_length_minor2_mm,principal_axis_sign_aligned,flatness,aspect_ratio_major_to_minor2,elongation_legacy_major_to_minor2,elongation,secondary_axis_ratio,surface_area_mm2,sphericity,compactness,surface_to_volume_ratio,roughness_index,empty_mask,multiple_components,tiny_component_fraction,surface_area_failed,principal_axis_failed,voxel_spacing_mm_x,voxel_spacing_mm_y,voxel_spacing_mm_z,centroid_vox_x,centroid_vox_y,centroid_vox_z,centroid_mm_x,centroid_mm_y,centroid_mm_z,bounding_box_min_vox_x,bounding_box_min_vox_y,bounding_box_min_vox_z,bounding_box_max_vox_x,bounding_box_max_vox_y,bounding_box_max_vox_z,bounding_box_size_vox_x,bounding_box_size_vox_y,bounding_box_size_vox_z,bounding_box_size_mm_x,bounding_box_size_mm_y,bounding_box_size_mm_z,principal_axis_vector_vox_x,principal_axis_vector_vox_y,principal_axis_vector_vox_z,principal_axis_vector_mm_x,principal_axis_vector_mm_y,principal_axis_vector_mm_z,principal_axis_lengths_mm_x,principal_axis_lengths_mm_y,principal_axis_lengths_mm_z
57_0_0,/Users/kvothearcane/Personal/Coding Projects/GrowthNet/rivanna_pull/analysis/synthetic_lollipop_v1/masks/57_0_0_synthetic_lollipop.nii.gz,False,,1.0,104,104.0,1,104,1.0,1.0,0.0,5.834606511185437,6.0,180.0,0.5777777777777777,5.376333594282634,5.376333594282634,4.0,False,0.987868886380605,1.1335362432184326,1.1335362432184326,1.1197851862602477,0.8930284239066469,111.33536529541016,0.960594020586915,127.59472980799144,1.070532358609713,1.0410225116631564,False,False,False,False,False,1.0,1.0,1.0,52.80769230769231,53.0,52.57692307692308,52.80769230769231,53.0,52.57692307692308,50.0,51.0,50.0,55.0,55.0,55.0,6.0,5.0,6.0,6.0,5.0,6.0,-0.3176297563592856,0.0,-0.9482148163128126,-0.3176297563592856,0.0,-0.9482148163128126,5.65114929594898,5.046636949022475,4.985415622798047
57_1_208,/Users/kvothearcane/Personal/Coding Projects/GrowthNet/rivanna_pull/analysis/synthetic_lollipop_v1/masks/57_1_208_synthetic_lollipop.nii.gz,False,,1.0,39,39.0,1,39,1.0,1.0,0.0,4.207479366835002,4.0,64.0,0.609375,3.8666123650759476,3.3738654967112467,3.3426710888985776,False,0.9494169820086434,1.2221720459987324,1.2221720459987324,1.1603508954074455,0.8618082719269675,56.84814453125,0.9783124225477688,120.78685372685966,1.4576447315705128,1.0221683553764465,False,False,False,False,False,1.0,1.0,1.0,43.61538461538461,44.282051282051285,44.15384615384615,43.61538461538461,44.282051282051285,44.15384615384615,42.0,43.0,43.0,45.0,46.0,46.0,4.0,4.0,4.0,4.0,4.0,4.0,-0.822791716356295,0.5478398848298749,0.15127872317365645,-0.822791716356295,0.5478398848298749,0.15127872317365645,4.264881679681143,3.675510310338989,3.489591906183695
57_2_572,/Users/kvothearcane/Personal/Coding Projects/GrowthNet/rivanna_pull/analysis/synthetic_lollipop_v1/masks/57_2_572_synthetic_lollipop.nii.gz,False,,1.0,41,41.0,1,41,1.0,1.0,0.0,4.278206515598402,4.0,64.0,0.640625,4.058103830263347,3.67338189780535,2.8284271247461916,False,0.9013873788710653,1.2237993512952248,1.2237993512952248,1.1031172895281127,0.9065219170191559,57.87479019165039,0.9935367426541492,115.31892238874602,1.4115802485768387,1.0065053027919075,False,False,False,False,False,1.0,1.0,1.0,43.73170731707317,44.26829268292683,43.609756097560975,43.73170731707317,44.26829268292683,43.609756097560975,42.0,43.0,42.0,45.0,46.0,45.0,4.0,4.0,4.0,4.0,4.0,4.0,0.5684213346943994,-0.5684213346943982,0.5948061638285844,0.5684213346943994,-0.5684213346943982,0.5948061638285844,4.239365309426323,3.843077567245657,3.4641016151377535
58_1_214,/Users/kvothearcane/Personal/Coding Projects/GrowthNet/rivanna_pull/analysis/synthetic_lollipop_v1/masks/58_1_214_synthetic_lollipop.nii.gz,False,,1.0,102,102.0,1,102,1.0,1.0,0.0,5.796962840557109,6.0,150.0,0.68,5.0,4.0,4.0,False,1.0,1.2122683673983226,1.2122683673983226,1.2122683673983226,0.8248998545974794,106.98542785644531,0.986793494728319,117.6992078763685,1.0488767436906403,1.0133832512498646,False,False,False,False,False,1.0,1.0,1.0,55.0,55.0,54.5,55.0,55.0,54.5,53.0,53.0,52.0,57.0,57.0,57.0,5.0,5.0,6.0,5.0,5.0,6.0,0.0,0.0,1.0,0.0,0.0,1.0,5.86987610981309,4.842059949490036,4.842059949490036
69_1_106,/Users/kvothearcane/Personal/Coding Projects/GrowthNet/rivanna_pull/analysis/synthetic_lollipop_v1/masks/69_1_106_synthetic_lollipop.nii.gz,False,,1.0,300,300.0,1,300,1.0,1.0,0.0,8.305661184154147,9.0,576.0,0.5208333333333334,8.658947495006416,7.071067811865488,7.058124313950739,False,0.9876853919107198,1.2042794271502484,1.2042794271502484,1.1894491979749102,0.8407252715816229,236.27557373046875,0.9172325704368566,146.55949833941744,0.7875852457682292,1.0902360341649482,False,False,False,False,False,1.0,1.0,1.0,63.556666666666665,63.556666666666665,64.78333333333333,63.556666666666665,63.556666666666665,64.78333333333333,60.0,60.0,61.0,67.0,67.0,69.0,8.0,8.0,9.0,8.0,8.0,9.0,-0.44091587823266876,-0.4409158782326673,0.7817840984854004,-0.44091587823266876,-0.4409158782326673,0.7817840984854004,8.390962288722818,7.054494049017648,6.967620719535836
69_2_469,/Users/kvothearcane/Personal/Coding Projects/GrowthNet/rivanna_pull/analysis/synthetic_lollipop_v1/masks/69_2_469_synthetic_lollipop.nii.gz,False,,1.0,528,528.0,1,528,1.0,1.0,0.0,10.027940922541108,12.0,1080.0,0.4888888888888889,12.403619109305511,8.724383283770658,8.455296321318427,False,0.9864363899542382,1.360116506384834,1.360116506384834,1.3416684164754262,0.7453406428296255,355.5905456542969,0.8884299703290234,161.2808380923528,0.6734669425270774,1.1255811188243205,False,False,False,False,False,1.0,1.0,1.0,65.75568181818181,67.20643939393939,67.54924242424242,65.75568181818181,67.20643939393939,67.54924242424242,61.0,63.0,63.0,72.0,71.0,72.0,12.0,9.0,10.0,12.0,9.0,10.0,-0.896881785092233,0.15662852201276845,0.4136067814505286,-0.896881785092233,0.15662852201276845,0.4136067814505286,11.007131348051068,8.204062354666506,8.092785652096696
74_0_0,/Users/kvothearcane/Personal/Coding Projects/GrowthNet/rivanna_pull/analysis/synthetic_lollipop_v1/masks/74_0_0_synthetic_lollipop.nii.gz,False,,1.0,164,164.0,1,164,1.0,1.0,0.0,6.791229523398109,8.0,392.0,0.41836734693877553,7.050313382811698,6.200149037777191,5.900623643618465,False,0.9962185427150811,1.1711062654647562,1.1711062654647562,1.1666777771458003,0.8571346944195968,162.37014770507812,0.8923608409738233,159.1588751621488,0.9900618762504764,1.1206229073305272,False,False,False,False,False,1.0,1.0,1.0,57.920731707317074,57.3719512195122,57.957317073170735,57.920731707317074,57.3719512195122,57.957317073170735,55.0,54.0,55.0,61.0,61.0,61.0,7.0,8.0,7.0,7.0,8.0,7.0,0.08558957573853647,0.9949605438675946,0.05222969147523142,0.08558957573853647,0.9949605438675946,0.05222969147523142,6.789307516981598,5.819351023888693,5.797345396565909
74_2_1367,/Users/kvothearcane/Personal/Coding Projects/GrowthNet/rivanna_pull/analysis/synthetic_lollipop_v1/masks/74_2_1367_synthetic_lollipop.nii.gz,False,,1.0,1056,1056.0,1,1056,1.0,1.0,0.0,12.634413855411756,15.0,2340.0,0.4512820512820513,16.90486971619779,10.676344916083416,10.655999367698097,False,0.9933846391771873,1.5214679846351338,1.5214679846351338,1.5114029249364147,0.6616369357906796,592.46533203125,0.8464418489123188,186.49233729335734,0.5610467159386837,1.1814160668981621,False,False,False,False,False,1.0,1.0,1.0,72.34848484848484,71.50568181818181,74.07954545454545,72.34848484848484,71.50568181818181,74.07954545454545,67.0,65.0,68.0,78.0,79.0,80.0,12.0,15.0,13.0,12.0,15.0,13.0,-0.3323987922215308,-0.7668685432277182,0.5490206556564743,-0.33239879222153074,-0.7668685432277181,0.5490206556564742,15.024175214498584,9.94054925170312,9.874788931626163
80_1_106,/Users/kvothearcane/Personal/Coding Projects/GrowthNet/rivanna_pull/analysis/synthetic_lollipop_v1/masks/80_1_106_synthetic_lollipop.nii.gz,False,,1.0,177,177.0,1,177,1.0,1.0,0.0,6.966129569086082,8.0,392.0,0.45153061224489793,7.0463091643562965,6.323479629039744,6.099279024891791,False,0.9899511004700294,1.1590061228358457,1.1590061228358457,1.1473593867528475,0.8715664956819756,166.06935119628906,0.9180016879988191,146.19143669454536,0.9382449220129325,1.0893226157131928,False,False,False,False,False,1.0,1.0,1.0,59.271186440677965,60.03954802259887,60.09604519774011,59.271186440677965,60.03954802259887,60.09604519774011,56.0,57.0,57.0,63.0,63.0,63.0,8.0,7.0,7.0,8.0,7.0,7.0,-0.9992072080632687,0.014968228075136935,0.036890479838278915,-0.9992072080632687,0.014968228075136935,0.036890479838278915,6.883324341929936,5.999274875338315,5.938988764863364
80_2_294,/Users/kvothearcane/Personal/Coding Projects/GrowthNet/rivanna_pull/analysis/synthetic_lollipop_v1/masks/80_2_294_synthetic_lollipop.nii.gz,False,,1.0,105,105.0,1,105,1.0,1.0,0.0,5.853247553205011,6.0,180.0,0.5833333333333334,5.868428931047796,5.30540718658537,4.402678912568953,False,0.9682882349375321,1.1772103039498816,1.1772103039498816,1.1398788873619066,0.8772861846001578,112.26563262939453,0.9587311301279461,128.33995594065433,1.0691965012323288,1.043045300788915,False,False,False,False,False,1.0,1.0,1.0,54.97142857142857,55.24761904761905,54.56190476190476,54.97142857142857,55.24761904761905,54.56190476190476,53.0,53.0,52.0,57.0,58.0,57.0,5.0,6.0,6.0,5.0,6.0,6.0,-0.05632403529465664,0.46371091463629316,-0.8841944303688521,-0.05632403529465664,0.46371091463629316,-0.8841944303688521,5.776490206710039,5.067635053824827,4.906931401575608
80_3_661,/Users/kvothearcane/Personal/Coding Projects/GrowthNet/rivanna_pull/analysis/synthetic_lollipop_v1/masks/80_3_661_synthetic_lollipop.nii.gz,False,,1.0,228,228.0,1,228,1.0,1.0,0.0,7.579584661161639,8.0,512.0,0.4453125,7.655368424482843,6.594644016520116,5.870003558312373,False,0.9879905106709914,1.2480527094516036,1.2480527094516036,1.2330642337554043,0.8109877592949177,192.84024047851562,0.9359292597960018,137.95050643568695,0.8457905284145422,1.0684568192877775,False,False,False,False,False,1.0,1.0,1.0,61.60964912280702,61.521929824561404,62.49561403508772,61.60964912280702,61.521929824561404,62.49561403508772,58.0,58.0,59.0,65.0,65.0,66.0,8.0,8.0,8.0,8.0,8.0,8.0,-0.4999643955513327,-0.5951714846409583,0.6291315498775023,-0.4999643955513327,-0.5951714846409583,0.6291315498775023,7.853099384762192,6.368767473568587,6.292281828555828
87_1_1322,/Users/kvothearcane/Personal/Coding Projects/GrowthNet/rivanna_pull/analysis/synthetic_lollipop_v1/masks/87_1_1322_synthetic_lollipop.nii.gz,False,,1.0,128,128.0,1,128,1.0,1.0,0.0,6.252741134374176,6.0,216.0,0.5925925925925926,6.368473036100719,5.723633979892542,5.369122135567606,False,0.9671340768855412,1.169976164711169,1.169976164711169,1.1315238180360225,0.8837639862815195,132.37088012695312,0.9278938888489807,141.56550095401462,1.0341475009918213,1.0777094364103037,False,False,False,False,False,1.0,1.0,1.0,57.4375,58.2265625,57.8828125,57.4375,58.2265625,57.8828125,55.0,56.0,55.0,60.0,61.0,60.0,6.0,6.0,6.0,6.0,6.0,6.0,-0.8759489073086478,0.46599524823638805,-0.124747506611928,-0.8759489073086478,0.46599524823638805,-0.124747506611928,6.162851146689642,5.4465058962580715,5.267501452229207
87_3_1668,/Users/kvothearcane/Personal/Coding Projects/GrowthNet/rivanna_pull/analysis/synthetic_lollipop_v1/masks/87_3_1668_synthetic_lollipop.nii.gz,False,,1.0,226,226.0,1,226,1.0,1.0,0.0,7.557357012536988,8.0,392.0,0.576530612244898,7.420366351236037,6.677471677585765,6.290411571627396,False,0.989677663056569,1.2024224516322821,1.2024224516322821,1.1900106419381873,0.8403286195586332,189.13217163085938,0.9486900406815878,132.45835257072827,0.8368680160657495,1.0540850616304018,False,False,False,False,False,1.0,1.0,1.0,61.27433628318584,62.07964601769911,61.991150442477874,61.27433628318584,62.07964601769911,61.991150442477874,58.0,59.0,59.0,65.0,65.0,65.0,8.0,7.0,7.0,8.0,7.0,7.0,-0.9854218807466946,0.17001616247547394,-0.006182349291376491,-0.9854218807466945,0.1700161624754739,-0.00618234929137649,7.627122084641247,6.409288972591744,6.343130132248835
87_4_1793,/Users/kvothearcane/Personal/Coding Projects/GrowthNet/rivanna_pull/analysis/synthetic_lollipop_v1/masks/87_4_1793_synthetic_lollipop.nii.gz,False,,1.0,267,267.0,2,266,0.9962546816479401,0.9962546816479401,0.003745318352059925,7.989216918353326,8.0,448.0,0.5959821428571429,7.9236381946646235,7.030698533365692,6.913750323125788,False,0.9852705311223733,1.2229513490637598,1.2229513490637598,1.2049379252288737,0.8299182713582973,213.86761474609375,0.9352481470808875,138.25212143161517,0.8040135892710292,1.0692349438180841,False,True,False,False,False,1.0,1.0,1.0,62.32706766917293,63.04887218045113,63.75187969924812,62.32706766917293,63.04887218045113,63.75187969924812,59.0,60.0,60.0,66.0,66.0,67.0,8.0,7.0,8.0,8.0,7.0,8.0,-0.6820744070859007,0.04250837415500423,0.7300462597158589,-0.6820744070859007,0.04250837415500423,0.7300462597158589,8.13288337891145,6.749628514984818,6.650210071837807
91_0_0,/Users/kvothearcane/Personal/Coding Projects/GrowthNet/rivanna_pull/analysis/synthetic_lollipop_v1/masks/91_0_0_synthetic_lollipop.nii.gz,False,,1.0,14,14.0,1,14,1.0,1.0,0.0,2.9902658734369907,3.0,27.0,0.5185185185185185,2.4494897427831783,2.385790165173903,2.159875448674956,False,0.9052659592988239,1.2418456016109483,1.2418456016109483,1.1242005498433603,0.8895210024041835,26.95071792602539,1.0423153725416856,99.87457505649525,1.925051280430385,0.9594025247478606,False,False,False,False,False,1.0,1.0,1.0,36.785714285714285,36.642857142857146,36.92857142857143,36.785714285714285,36.642857142857146,36.92857142857143,36.0,36.0,36.0,38.0,38.0,38.0,3.0,3.0,3.0,3.0,3.0,3.0,-0.5190124268707158,-0.20927196917967586,-0.8287528845617558,-0.5190124268707158,-0.20927196917967586,-0.8287528845617558,3.0549755144648727,2.7174648819470297,2.460028453216643
91_1_318,/Users/kvothearcane/Personal/Coding Projects/GrowthNet/rivanna_pull/analysis/synthetic_lollipop_v1/masks/91_1_318_synthetic_lollipop.nii.gz,False,,1.0,78,78.0,1,78,1.0,1.0,0.0,5.301091821273772,6.0,150.0,0.52,5.0,4.0,4.0,False,1.0,1.1467344941179713,1.1467344941179713,1.1467344941179713,0.8720414403938948,92.57115173339844,0.9536847964271187,130.38805165677599,1.1868096376076722,1.0485644772218206,False,False,False,False,False,1.0,1.0,1.0,52.5,53.0,53.0,52.5,53.0,53.0,50.0,51.0,51.0,55.0,55.0,55.0,6.0,5.0,5.0,6.0,5.0,5.0,1.0,0.0,0.0,1.0,0.0,0.0,5.227300959833413,4.558423058385518,4.558423058385518
95_0_0,/Users/kvothearcane/Personal/Coding Projects/GrowthNet/rivanna_pull/analysis/synthetic_lollipop_v1/masks/95_0_0_synthetic_lollipop.nii.gz,False,,1.0,32,32.0,1,32,1.0,1.0,0.0,3.938980087370786,4.0,48.0,0.6666666666666666,3.6883585510017074,3.240566944649729,2.5086576451270712,False,0.8683368616133518,1.2975921872459744,1.2975921872459744,1.126747127527174,0.887510582959869,49.19129180908203,0.9908986019764795,116.24244238910036,1.5372278690338135,1.0091849943126032,False,False,False,False,False,1.0,1.0,1.0,41.84375,41.78125,41.96875,41.84375,41.78125,41.96875,40.0,40.0,41.0,43.0,43.0,43.0,4.0,4.0,3.0,4.0,4.0,3.0,-0.4868258413729946,-0.8654387810415325,-0.11839052513112036,-0.48682584137299456,-0.8654387810415324,-0.11839052513112035,4.022340389970814,3.5698696643660233,3.099849420724302
95_1_182,/Users/kvothearcane/Personal/Coding Projects/GrowthNet/rivanna_pull/analysis/synthetic_lollipop_v1/masks/95_1_182_synthetic_lollipop.nii.gz,False,,1.0,48,48.0,1,48,1.0,1.0,0.0,4.509006607147306,5.0,125.0,0.384,4.1806285716235525,3.7449142026104534,3.5886033807458473,False,0.9672522967438506,1.1087922721757075,1.1087922721757075,1.0724818718737859,0.9324166927435806,67.53297424316406,0.9457922238935873,133.67960585959023,1.4069369633992512,1.0573146773011657,False,False,False,False,False,1.0,1.0,1.0,49.520833333333336,50.104166666666664,50.041666666666664,49.520833333333336,50.104166666666664,50.041666666666664,48.0,48.0,48.0,52.0,52.0,52.0,5.0,5.0,5.0,5.0,5.0,5.0,-0.9037984546025152,0.3906296636441925,0.1748050895692987,-0.9037984546025152,0.3906296636441925,0.1748050895692987,4.339082396087323,4.045832857301633,3.9133411234667403
95_2_574,/Users/kvothearcane/Personal/Coding Projects/GrowthNet/rivanna_pull/analysis/synthetic_lollipop_v1/masks/95_2_574_synthetic_lollipop.nii.gz,False,,1.0,80,80.0,1,80,1.0,1.0,0.0,5.346018470287903,6.0,150.0,0.5333333333333333,5.417161404143991,4.615694130109997,4.4889419206287,False,0.9743088605894055,1.1901824133741523,1.1901824133741523,1.159605271068119,0.8623624132709351,94.31964874267578,0.951937877637718,131.10720233920836,1.1789956092834473,1.0504887172696087,False,False,False,False,False,1.0,1.0,1.0,51.8,51.7625,52.4375,51.8,51.7625,52.4375,50.0,50.0,50.0,54.0,54.0,55.0,5.0,5.0,6.0,5.0,5.0,6.0,-0.3072921172163193,-0.41936061703204497,0.8542296105727163,-0.3072921172163193,-0.41936061703204497,0.8542296105727163,5.356072130889749,4.618875288447284,4.5002111194916345
126_1_312,/Users/kvothearcane/Personal/Coding Projects/GrowthNet/rivanna_pull/analysis/synthetic_lollipop_v1/masks/126_1_312_synthetic_lollipop.nii.gz,False,,1.0,198,198.0,1,198,1.0,1.0,0.0,7.231396743301495,8.0,392.0,0.5051020408163265,7.1229833623106344,6.19554593278009,6.000000000000001,False,0.9992228598456001,1.132274188357426,1.132274188357426,1.131394252619863,0.8838651934852897,175.18618774414062,0.937765798345439,137.14159792450303,0.8847787259805082,1.0663643329329826,False,False,False,False,False,1.0,1.0,1.0,58.343434343434346,59.02020202020202,59.0,58.343434343434346,59.02020202020202,59.0,55.0,56.0,56.0,62.0,62.0,62.0,8.0,7.0,7.0,8.0,7.0,7.0,-0.9975398023746361,0.07010237284409095,2.324813922834929e-17,-0.9975398023746361,0.07010237284409095,2.324813922834929e-17,7.034679614617963,6.217708458681329,6.212876427769737
126_2_582,/Users/kvothearcane/Personal/Coding Projects/GrowthNet/rivanna_pull/analysis/synthetic_lollipop_v1/masks/126_2_582_synthetic_lollipop.nii.gz,False,,1.0,307,307.0,1,307,1.0,1.0,0.0,8.369764743424398,9.0,504.0,0.6091269841269841,8.866346899557321,7.623070654039708,6.443664084749219,False,0.9593656640136182,1.2674936138531219,1.2674936138531219,1.2159898524872208,0.8223752837694912,239.2455291748047,0.9198828964600234,145.29636234680942,0.7793013979635331,1.0870948941960878,False,False,False,False,False,1.0,1.0,1.0,62.91205211726384,63.93485342019544,63.69055374592834,62.91205211726384,63.93485342019544,63.69055374592834,59.0,61.0,60.0,67.0,67.0,67.0,9.0,7.0,8.0,9.0,7.0,8.0,-0.954086782508779,-0.05902221689791399,-0.2936576056472939,-0.954086782508779,-0.05902221689791399,-0.2936576056472939,8.667665173777651,7.128073606904333,6.838429069025722
126_3_921,/Users/kvothearcane/Personal/Coding Projects/GrowthNet/rivanna_pull/analysis/synthetic_lollipop_v1/masks/126_3_921_synthetic_lollipop.nii.gz,False,,1.0,482,482.0,1,482,1.0,1.0,0.0,9.72783372317443,12.0,1080.0,0.4462962962962963,12.184097717057924,8.528862835599861,8.326445609344894,False,0.9856950218234047,1.3182227225064034,1.3182227225064034,1.2993655752290572,0.7696063517949644,337.1929016113281,0.881665255321071,165.02175219444328,0.6995703352932119,1.134217316566292,False,False,False,False,False,1.0,1.0,1.0,68.50207468879668,69.14522821576763,67.72821576763485,68.50207468879668,69.14522821576763,67.72821576763485,64.0,65.0,63.0,73.0,73.0,74.0,10.0,9.0,12.0,10.0,9.0,12.0,-0.3322933055542357,0.1079119442193014,-0.9369824818952859,-0.3322933055542357,0.1079119442193014,-0.9369824818952859,10.461136965140874,8.050957455369513,7.935788684669755
126_4_1231,/Users/kvothearcane/Personal/Coding Projects/GrowthNet/rivanna_pull/analysis/synthetic_lollipop_v1/masks/126_4_1231_synthetic_lollipop.nii.gz,False,,1.0,855,855.0,1,855,1.0,1.0,0.0,11.775765920395354,14.0,2184.0,0.3914835164835165,15.698649333618572,9.965295848644182,9.911596173924384,False,0.9914285851883324,1.526482043279964,1.526482043279964,1.5133979324844495,0.6607647456993438,507.8375244140625,0.8578343112870229,179.16044585057477,0.5939620168585527,1.1657262793553729,False,False,False,False,False,1.0,1.0,1.0,68.7812865497076,68.86315789473684,69.58245614035087,68.7812865497076,68.86315789473684,69.58245614035087,63.0,63.0,64.0,76.0,75.0,75.0,14.0,13.0,12.0,14.0,13.0,12.0,-0.7015277591645919,-0.6611145459632056,-0.2660570619949239,-0.7015277591645919,-0.6611145459632056,-0.2660570619949239,14.023041227466058,9.265931270598024,9.186509130061326
126_5_1607,/Users/kvothearcane/Personal/Coding Projects/GrowthNet/rivanna_pull/analysis/synthetic_lollipop_v1/masks/126_5_1607_synthetic_lollipop.nii.gz,False,,1.0,3396,3396.0,1,3396,1.0,1.0,0.0,18.649034530283927,23.0,7820.0,0.43427109974424555,25.230392128081913,16.03825107546441,15.914410625644212,False,0.9934906101530354,1.5279311277185552,1.5279311277185552,1.5179852283489228,0.6587679387945538,1307.060302734375,0.8359243076215565,193.6205774474943,0.3848823035142447,1.1962805613887288,False,False,False,False,False,1.0,1.0,1.0,98.98380447585394,100.98910482921083,102.25441696113074,98.98380447585394,100.98910482921083,102.25441696113074,89.0,93.0,93.0,111.0,109.0,112.0,23.0,17.0,20.0,23.0,17.0,20.0,-0.846057516386398,-0.0027380732940829825,0.5330845917119685,-0.846057516386398,-0.0027380732940829825,0.5330845917119685,22.223688486899384,14.640253456926963,14.544954339717455
132_0_0,/Users/kvothearcane/Personal/Coding Projects/GrowthNet/rivanna_pull/analysis/synthetic_lollipop_v1/masks/132_0_0_synthetic_lollipop.nii.gz,False,,1.0,7674,7674.0,1,7674,1.0,1.0,0.0,24.47227762531871,28.0,18928.0,0.40543110735418425,33.2645323626799,21.174260390370797,20.879809403710787,False,0.9980990678412075,1.5399791584248717,1.5399791584248717,1.5370517625187516,0.650596176644897,2248.80419921875,0.8366561559054335,193.11292455169553,0.2930419858247003,1.1952341388294634,False,False,False,False,False,1.0,1.0,1.0,110.42572322126661,109.91217096690123,110.36929893145687,110.42572322126661,109.91217096690123,110.36929893145687,98.0,97.0,98.0,123.0,124.0,123.0,26.0,28.0,26.0,26.0,28.0,26.0,-0.5212605881006578,-0.673585770209123,-0.5239939021255294,-0.5212605881006578,-0.673585770209123,-0.5239939021255294,29.359923210173765,19.10145378712682,19.065143219343184
132_1_148,/Users/kvothearcane/Personal/Coding Projects/GrowthNet/rivanna_pull/analysis/synthetic_lollipop_v1/masks/132_1_148_synthetic_lollipop.nii.gz,False,,1.0,10057,10057.0,1,10057,1.0,1.0,0.0,26.780783335687033,34.0,22032.0,0.45647240377632536,35.766927524881865,22.992914307434766,22.94281450522748,False,0.9972268086833809,1.501008546938896,1.501008546938896,1.496845963070354,0.6680714146088782,2681.9404296875,0.8401315557855383,190.72625506244523,0.26667400116212586,1.190289774397275,False,False,False,False,False,1.0,1.0,1.0,110.3793377746843,108.73341950879984,112.46276225514568,110.3793377746843,108.73341950879984,112.46276225514568,97.0,94.0,101.0,123.0,127.0,124.0,27.0,34.0,24.0,27.0,34.0,24.0,-0.42935832682665326,-0.8938777241616797,0.12897302598665056,-0.4293583268266532,-0.8938777241616795,0.12897302598665053,31.604012396897183,21.113737269311624,21.05518483645499
132_2_232,/Users/kvothearcane/Personal/Coding Projects/GrowthNet/rivanna_pull/analysis/synthetic_lollipop_v1/masks/132_2_232_synthetic_lollipop.nii.gz,False,,1.0,8812,8812.0,1,8812,1.0,1.0,0.0,25.626656956887715,31.0,19964.0,0.4413945101182128,34.15702685476253,21.91625729025584,21.84211535271053,False,0.9970034678914695,1.4930893816948863,1.4930893816948863,1.4886152914217317,0.6717652342835536,2449.611328125,0.8422414321486849,189.2964930714663,0.277985852034158,1.1873080114912529,False,False,False,False,False,1.0,1.0,1.0,111.36824784384929,109.22843849296414,114.09872900590105,111.36824784384929,109.22843849296414,114.09872900590105,100.0,95.0,100.0,122.0,125.0,127.0,23.0,31.0,28.0,23.0,31.0,28.0,-0.16776618362183052,-0.7876472276659119,0.5928459769477815,-0.16776618362183052,-0.7876472276659119,0.5928459769477815,30.10093483383194,20.220761540803093,20.16016937958714
137_0_0,/Users/kvothearcane/Personal/Coding Projects/GrowthNet/rivanna_pull/analysis/synthetic_lollipop_v1/masks/137_0_0_synthetic_lollipop.nii.gz,False,,1.0,91,91.0,1,91,1.0,1.0,0.0,5.580600367226721,6.0,150.0,0.6066666666666667,5.442990669158527,4.579280327667934,4.362148793465389,False,0.9713509033447119,1.1888592684947539,1.1888592684947539,1.1547995244021125,0.8659511706308862,100.64981079101562,0.972072722661949,123.12779547578218,1.1060418768243476,1.0287296173290144,False,False,False,False,False,1.0,1.0,1.0,51.73626373626374,51.91208791208791,51.97802197802198,51.73626373626374,51.91208791208791,51.97802197802198,49.0,50.0,50.0,54.0,54.0,54.0,6.0,5.0,5.0,6.0,5.0,5.0,-0.9457464951788449,-0.31227624675926113,-0.08970569974578081,-0.9457464951788449,-0.31227624675926113,-0.08970569974578081,5.544427010246169,4.801203060000175,4.663652929472565
137_1_571,/Users/kvothearcane/Personal/Coding Projects/GrowthNet/rivanna_pull/analysis/synthetic_lollipop_v1/masks/137_1_571_synthetic_lollipop.nii.gz,False,,1.0,117,117.0,1,117,1.0,1.0,0.0,6.068235308895068,6.0,180.0,0.65,5.554676701055287,5.325377957958692,4.000000000000105,False,0.9975773381430886,1.1983249623405108,1.1983249623405108,1.1954218261620637,0.8365247966155419,121.53224182128906,0.9518821653655178,131.1302242255104,1.0387371095836673,1.0505502008392027,False,False,False,False,False,1.0,1.0,1.0,56.2991452991453,57.0,56.82051282051282,56.2991452991453,57.0,56.82051282051282,54.0,55.0,54.0,59.0,59.0,59.0,6.0,5.0,6.0,6.0,5.0,6.0,-0.9733560943531003,-1.3418127566757658e-16,-0.2292987430965955,-0.9733560943531003,-1.3418127566757658e-16,-0.2292987430965955,6.1345456613936165,5.13169956172605,5.119267188936727
137_2_2111,/Users/kvothearcane/Personal/Coding Projects/GrowthNet/rivanna_pull/analysis/synthetic_lollipop_v1/masks/137_2_2111_synthetic_lollipop.nii.gz,False,,1.0,170,170.0,1,170,1.0,1.0,0.0,6.873059437985092,8.0,392.0,0.4336734693877551,7.13974096211566,5.908631555690711,5.86067356296059,False,0.9865506455076852,1.1950401354801596,1.1950401354801596,1.1789676170655432,0.8481997177233803,162.01812744140625,0.9159809965722189,147.16108544720976,0.9530478084788603,1.0917257058194403,False,False,False,False,False,1.0,1.0,1.0,56.81764705882353,57.68235294117647,56.870588235294115,56.81764705882353,57.68235294117647,56.870588235294115,54.0,54.0,54.0,60.0,61.0,60.0,7.0,8.0,7.0,7.0,8.0,7.0,0.15907880171032956,-0.9787143275276393,0.12966186771185437,0.15907880171032956,-0.9787143275276393,0.12966186771185437,6.929834112626554,5.877883338199695,5.798829601519777
140_0_0,/Users/kvothearcane/Personal/Coding Projects/GrowthNet/rivanna_pull/analysis/synthetic_lollipop_v1/masks/140_0_0_synthetic_lollipop.nii.gz,False,,1.0,96,96.0,1,96,1.0,1.0,0.0,5.680992338459954,6.0,150.0,0.64,5.456853679975996,4.775096068541343,4.53672098068807,False,0.9762580311044179,1.206307412657467,1.206307412657467,1.1776672995876434,0.8491362546537098,104.3087158203125,0.9720255511457386,123.1457221856129,1.0865491231282551,1.0287795406420002,False,False,False,False,False,1.0,1.0,1.0,54.625,54.96875,54.9375,54.625,54.96875,54.9375,52.0,53.0,53.0,57.0,57.0,57.0,6.0,5.0,5.0,6.0,5.0,5.0,-0.9781989281439509,-0.10208011534742693,-0.1808494042806933,-0.9781989281439509,-0.10208011534742693,-0.1808494042806933,5.702823625268759,4.842474294111406,4.727504420042957
140_2_780,/Users/kvothearcane/Personal/Coding Projects/GrowthNet/rivanna_pull/analysis/synthetic_lollipop_v1/masks/140_2_780_synthetic_lollipop.nii.gz,False,,1.0,94,94.0,1,94,1.0,1.0,0.0,5.641263819521384,6.0,150.0,0.6266666666666667,5.298571194508574,4.51827397175504,4.0,False,0.9909134664218702,1.178748202246088,1.178748202246088,1.1680374671262188,0.8561369203852255,103.18910217285156,0.9688774760837785,124.35000128381506,1.0977564060941656,1.0321222493911402,False,False,False,False,False,1.0,1.0,1.0,53.670212765957444,53.93617021276596,54.0,53.670212765957444,53.93617021276596,54.0,51.0,52.0,52.0,56.0,56.0,56.0,6.0,5.0,5.0,6.0,5.0,5.0,-0.9798808057165201,-0.19958358296298662,-1.3266710305358678e-17,-0.9798808057165201,-0.19958358296298662,-1.3266710305358678e-17,5.608254197877702,4.801433477708529,4.757805091190174
169_0_0,/Users/kvothearcane/Personal/Coding Projects/GrowthNet/rivanna_pull/analysis/synthetic_lollipop_v1/masks/169_0_0_synthetic_lollipop.nii.gz,False,,1.0,265,265.0,1,265,1.0,1.0,0.0,7.96921879486843,9.0,504.0,0.5257936507936508,9.431996351302566,7.202120657983827,6.000000000000011,False,0.9875130003157081,1.2419103421800153,1.2419103421800153,1.2264026081292945,0.8153929169519298,219.01931762695312,0.91095925450448,149.60824098681755,0.8264879910451062,1.097743938661619,False,False,False,False,False,1.0,1.0,1.0,65.64528301886793,66.0,65.35849056603773,65.64528301886793,66.0,65.35849056603773,62.0,63.0,62.0,69.0,69.0,70.0,8.0,7.0,9.0,8.0,7.0,9.0,-0.5124935780276145,-2.2204460492503136e-16,-0.8586910576455618,-0.5124935780276145,-2.2204460492503136e-16,-0.8586910576455618,8.224188312392501,6.705944897603691,6.6222077657844345
169_1_184,/Users/kvothearcane/Personal/Coding Projects/GrowthNet/rivanna_pull/analysis/synthetic_lollipop_v1/masks/169_1_184_synthetic_lollipop.nii.gz,False,,1.0,461,461.0,1,461,1.0,1.0,0.0,9.584455258019704,10.0,900.0,0.5122222222222222,11.513789107390426,8.424076920425982,8.236457990261481,False,0.9844228317954586,1.3027123763684516,1.3027123763684516,1.2824198065596224,0.779775854119661,321.20782470703125,0.8984597483046813,155.9396294903827,0.6967631772386795,1.113015916279963,False,False,False,False,False,1.0,1.0,1.0,70.24295010845987,71.13665943600867,71.68763557483732,70.24295010845987,71.13665943600867,71.68763557483732,66.0,67.0,67.0,75.0,75.0,76.0,10.0,9.0,10.0,10.0,9.0,10.0,-0.7274596024078169,0.11692483556068417,0.6761147163712441,-0.7274596024078169,0.11692483556068417,0.6761147163712441,10.204446089411208,7.957180665188659,7.833230323533091
170_0_0,/Users/kvothearcane/Personal/Coding Projects/GrowthNet/rivanna_pull/analysis/synthetic_lollipop_v1/masks/170_0_0_synthetic_lollipop.nii.gz,False,,1.0,132,132.0,1,132,1.0,1.0,0.0,6.317206927705878,6.0,216.0,0.6111111111111112,6.1952490752550124,5.6741030218462924,5.51018431611741,False,0.9897722398313513,1.1393920752682298,1.1393920752682298,1.1277386463843275,0.886730274967632,132.8062744140625,0.9440206294347359,134.43362783356673,1.0061081395004734,1.0592988848122775,False,False,False,False,False,1.0,1.0,1.0,57.734848484848484,57.45454545454545,57.765151515151516,57.734848484848484,57.45454545454545,57.765151515151516,55.0,55.0,55.0,60.0,60.0,60.0,6.0,6.0,6.0,6.0,6.0,6.0,-0.4682118828639641,-0.7823219101142431,-0.41079199322793974,-0.46821188286396404,-0.782321910114243,-0.4107919932279397,6.159571851923396,5.46187884193892,5.406016055073352
170_1_176,/Users/kvothearcane/Personal/Coding Projects/GrowthNet/rivanna_pull/analysis/synthetic_lollipop_v1/masks/170_1_176_synthetic_lollipop.nii.gz,False,,1.0,20,20.0,1,20,1.0,1.0,0.0,3.3677806019212593,3.0,27.0,0.7407407407407407,2.886751345948129,2.7351411351255264,2.7289110100209975,False,0.9999999999999999,1.1335784048754634,1.1335784048754634,1.1335784048754631,0.882162182782462,35.53990173339844,1.002585068248077,112.22475776468144,1.7769950866699218,0.997421597099392,False,False,False,False,False,1.0,1.0,1.0,38.95,38.95,39.05,38.95,38.95,39.05,38.0,38.0,38.0,40.0,40.0,40.0,3.0,3.0,3.0,3.0,3.0,3.0,-0.577350269189626,-0.5773502691896261,0.5773502691896254,-0.577350269189626,-0.5773502691896261,0.5773502691896254,3.2895368414989585,2.901905000440047,2.9019050004400464
170_2_382,/Users/kvothearcane/Personal/Coding Projects/GrowthNet/rivanna_pull/analysis/synthetic_lollipop_v1/masks/170_2_382_synthetic_lollipop.nii.gz,False,,1.0,78,78.0,1,78,1.0,1.0,0.0,5.301091821273772,6.0,150.0,0.52,5.447589959896714,4.450313074641911,4.108812499269055,False,0.9093789123212797,1.2633394942682925,1.2633394942682925,1.1488542951902154,0.8704323987703161,93.14808654785156,0.9477779229585929,132.84114452172003,1.1942062377929688,1.0550994866797385,False,False,False,False,False,1.0,1.0,1.0,51.48717948717949,52.11538461538461,52.14102564102564,51.48717948717949,52.11538461538461,52.14102564102564,49.0,50.0,50.0,54.0,54.0,54.0,6.0,5.0,5.0,6.0,5.0,5.0,-0.910089279352023,0.2722260791116295,0.31245874201248475,-0.910089279352023,0.2722260791116295,0.31245874201248475,5.402545381289456,4.702550535701273,4.276400291291875
170_3_732,/Users/kvothearcane/Personal/Coding Projects/GrowthNet/rivanna_pull/analysis/synthetic_lollipop_v1/masks/170_3_732_synthetic_lollipop.nii.gz,False,,1.0,69,69.0,1,69,1.0,1.0,0.0,5.08881687589421,6.0,150.0,0.46,4.879983311457265,4.502837542171855,4.101379404266147,False,0.9442298273194496,1.1343504807672264,1.1343504807672264,1.071087558574573,0.9336304879974726,86.32511901855469,0.9424239893329317,135.11805216605975,1.2510886814283289,1.061093532548786,False,False,False,False,False,1.0,1.0,1.0,49.94202898550725,50.10144927536232,50.289855072463766,49.94202898550725,50.10144927536232,50.289855072463766,48.0,48.0,48.0,52.0,52.0,53.0,5.0,5.0,6.0,5.0,5.0,6.0,-0.25470734505430764,0.3235364990004611,0.9112893624913607,-0.25470734505430764,0.3235364990004611,0.9112893624913607,4.899718630568664,4.57452669610813,4.319404552334392
190_1_150,/Users/kvothearcane/Personal/Coding Projects/GrowthNet/rivanna_pull/analysis/synthetic_lollipop_v1/masks/190_1_150_synthetic_lollipop.nii.gz,False,,1.0,132,132.0,1,132,1.0,1.0,0.0,6.317206927705878,6.0,216.0,0.6111111111111112,6.405718225284279,5.580263271745643,5.086117244754343,False,0.9693266502813069,1.1883404305350762,1.1883404305350762,1.1518900489244115,0.8681384138475366,133.24578857421875,0.940906756654546,135.77274916861313,1.00943779222893,1.062804569026121,False,False,False,False,False,1.0,1.0,1.0,58.38636363636363,58.666666666666664,58.95454545454545,58.38636363636363,58.666666666666664,58.95454545454545,56.0,56.0,56.0,61.0,61.0,61.0,6.0,6.0,6.0,6.0,6.0,6.0,-0.8290461799258049,-0.5585646690359445,-0.026228649511477263,-0.8290461799258049,-0.5585646690359445,-0.026228649511477263,6.293554811460259,5.463676691483642,5.296087425575893
190_2_1367,/Users/kvothearcane/Personal/Coding Projects/GrowthNet/rivanna_pull/analysis/synthetic_lollipop_v1/masks/190_2_1367_synthetic_lollipop.nii.gz,False,,1.0,82,82.0,1,82,1.0,1.0,0.0,5.390202444799826,6.0,150.0,0.5466666666666666,5.34332302382086,4.628841500467855,4.0,False,0.9877537775926716,1.1514811518878834,1.1514811518878834,1.1373798576040175,0.8792137414026134,95.98196411132812,0.9509778318819757,131.5046754057998,1.170511757455221,1.0515492227836793,False,False,False,False,False,1.0,1.0,1.0,51.0,50.426829268292686,50.926829268292686,51.0,50.426829268292686,50.926829268292686,49.0,48.0,49.0,53.0,53.0,53.0,5.0,6.0,5.0,5.0,6.0,5.0,0.0,0.9674694386466954,0.25298791529369147,0.0,0.9674694386466954,0.25298791529369147,5.30175137060267,4.661372658534007,4.60428845223416
199_0_0,/Users/kvothearcane/Personal/Coding Projects/GrowthNet/rivanna_pull/analysis/synthetic_lollipop_v1/masks/199_0_0_synthetic_lollipop.nii.gz,False,,1.0,189,189.0,1,189,1.0,1.0,0.0,7.1201267897377285,8.0,392.0,0.48214285714285715,7.244179267971002,6.227236771229576,6.176050846461493,False,0.9776476483267614,1.1924081331242664,1.1924081331242664,1.1657550071946428,0.8578131715740791,172.94900512695312,0.9208889444195772,144.8206845510689,0.9150741012008102,1.0859072704258441,False,False,False,False,False,1.0,1.0,1.0,62.3968253968254,63.05820105820106,62.904761904761905,62.3968253968254,63.05820105820106,62.904761904761905,59.0,60.0,60.0,66.0,66.0,66.0,8.0,7.0,7.0,8.0,7.0,7.0,-0.9893131676049872,0.0907626273721799,-0.1141122336819558,-0.9893131676049872,0.0907626273721799,-0.1141122336819558,7.127288689066422,6.113882115092128,5.977222471966865
199_2_292,/Users/kvothearcane/Personal/Coding Projects/GrowthNet/rivanna_pull/analysis/synthetic_lollipop_v1/masks/199_2_292_synthetic_lollipop.nii.gz,False,,1.0,301,301.0,1,301,1.0,1.0,0.0,8.314879461624903,9.0,576.0,0.5225694444444444,8.661551053987287,7.393320770245884,7.308155591652516,False,0.9918521373609198,1.1977561665004235,1.1977561665004235,1.1879970137806668,0.8417529576253837,236.3719482421875,0.9188949260106589,145.7655223226935,0.7852888645919851,1.08826370860644,False,False,False,False,False,1.0,1.0,1.0,64.6046511627907,64.59800664451828,64.16611295681064,64.6046511627907,64.59800664451828,64.16611295681064,61.0,61.0,60.0,68.0,68.0,68.0,8.0,8.0,9.0,8.0,8.0,9.0,-0.43599877746922355,-0.4444904289867693,-0.7825172998627572,-0.43599877746922355,-0.4444904289867693,-0.7825172998627572,8.383358335960496,7.056716674128163,6.99921951598446
200_0_0,/Users/kvothearcane/Personal/Coding Projects/GrowthNet/rivanna_pull/analysis/synthetic_lollipop_v1/masks/200_0_0_synthetic_lollipop.nii.gz,False,,1.0,307,307.0,1,307,1.0,1.0,0.0,8.369764743424398,10.0,640.0,0.4796875,9.845173841411443,7.370394192121818,7.1871612980291335,False,0.9666062791938919,1.227105404042914,1.227105404042914,1.1861277887806383,0.8430794805237796,242.33094787597656,0.9081707155912452,150.99059349924326,0.789351621745852,1.101114562308884,False,False,False,False,False,1.0,1.0,1.0,63.08794788273616,63.52117263843648,63.93811074918567,63.08794788273616,63.52117263843648,63.93811074918567,59.0,60.0,60.0,68.0,67.0,67.0,10.0,8.0,8.0,10.0,8.0,8.0,-0.876167345166421,-0.4805479580406214,-0.03747590275116757,-0.8761673451664209,-0.48054795804062134,-0.037475902751167564,8.512278093343316,7.176526993009832,6.9368760542477625
200_1_45,/Users/kvothearcane/Personal/Coding Projects/GrowthNet/rivanna_pull/analysis/synthetic_lollipop_v1/masks/200_1_45_synthetic_lollipop.nii.gz,False,,1.0,311,311.0,1,311,1.0,1.0,0.0,8.405958770938247,10.0,560.0,0.5553571428571429,9.56876849882546,7.269936902174989,6.474920099310124,False,0.9769785904272457,1.2553366602943414,1.2553366602943414,1.2264370408860117,0.8153700244389003,240.68609619140625,0.9223024895048592,144.15583657104514,0.7739102771427854,1.0842429803446079,False,False,False,False,False,1.0,1.0,1.0,64.41479099678456,65.26366559485531,64.95176848874598,64.41479099678456,65.26366559485531,64.95176848874598,60.0,62.0,62.0,69.0,69.0,68.0,10.0,8.0,7.0,10.0,8.0,7.0,-0.9133780933945601,0.40041011191357995,-0.07356766126684054,-0.9133780933945601,0.40041011191357995,-0.07356766126684054,8.702701676672065,7.095922078792561,6.9325639503203265
206_0_0,/Users/kvothearcane/Personal/Coding Projects/GrowthNet/rivanna_pull/analysis/synthetic_lollipop_v1/masks/206_0_0_synthetic_lollipop.nii.gz,False,,1.0,160,160.0,1,160,1.0,1.0,0.0,6.7355612038425186,7.0,343.0,0.46647230320699706,7.057291245678623,6.103375715050392,5.989529215602435,False,0.9568426239259608,1.1625442839096334,1.1625442839096334,1.1123719230462208,0.8989798998715365,154.459716796875,0.9227460866516395,143.94803385487475,0.9653732299804687,1.0837217458474315,False,False,False,False,False,1.0,1.0,1.0,58.575,58.7125,58.7625,58.575,58.7125,58.7625,56.0,56.0,56.0,62.0,62.0,62.0,7.0,7.0,7.0,7.0,7.0,7.0,-0.7487976287135656,-0.5220115501830617,-0.40841896712618286,-0.7487976287135656,-0.5220115501830617,-0.40841896712618286,6.587554785187943,5.922079341186518,5.666497935918633
206_1_356,/Users/kvothearcane/Personal/Coding Projects/GrowthNet/rivanna_pull/analysis/synthetic_lollipop_v1/masks/206_1_356_synthetic_lollipop.nii.gz,False,,1.0,424,424.0,1,424,1.0,1.0,0.0,9.320854846357859,11.0,990.0,0.42828282828282827,11.367021232057994,8.147498479405044,7.823963258759127,False,0.9924818573983358,1.2970965102366498,1.2970965102366498,1.2873447537045697,0.7767926945150608,304.2818298339844,0.896985335440876,156.7098679389026,0.7176458250801518,1.1148454277778035,False,False,False,False,False,1.0,1.0,1.0,64.77122641509433,65.37735849056604,65.66981132075472,64.77122641509433,65.37735849056604,65.66981132075472,60.0,61.0,62.0,70.0,70.0,70.0,11.0,10.0,9.0,11.0,10.0,9.0,-0.8711083009516886,-0.4437690809655209,-0.21033147836707522,-0.8711083009516886,-0.4437690809655209,-0.21033147836707522,9.927311679691853,7.7114631889586684,7.653487309036593
207_0_0,/Users/kvothearcane/Personal/Coding Projects/GrowthNet/rivanna_pull/analysis/synthetic_lollipop_v1/masks/207_0_0_synthetic_lollipop.nii.gz,False,,1.0,47,47.0,1,47,1.0,1.0,0.0,4.477474060769193,5.0,125.0,0.376,3.972178623225992,3.781347400285273,3.7012990378937274,False,0.975305142599318,1.1413196968492574,1.1413196968492574,1.1131349696869755,0.8983636551111227,65.29033660888672,0.9646441216273867,125.99433163613575,1.3891560980614195,1.036651732571559,False,False,False,False,False,1.0,1.0,1.0,45.702127659574465,46.361702127659576,45.87234042553192,45.702127659574465,46.361702127659576,45.87234042553192,44.0,44.0,44.0,48.0,48.0,48.0,5.0,5.0,5.0,5.0,5.0,5.0,-0.6559709716142255,0.702180572725285,-0.2768474809108434,-0.6559709716142255,0.702180572725285,-0.2768474809108434,4.378525034789894,3.9335077542494052,3.836370341173739
207_1_291,/Users/kvothearcane/Personal/Coding Projects/GrowthNet/rivanna_pull/analysis/synthetic_lollipop_v1/masks/207_1_291_synthetic_lollipop.nii.gz,False,,1.0,66,66.0,1,66,1.0,1.0,0.0,5.013970461270554,5.0,125.0,0.528,4.46568690505706,4.242640687119289,3.554250855917772,False,0.9212934470667027,1.161870641242168,1.161870641242168,1.0704238081155972,0.9342094153907384,83.74139404296875,0.9431336244618376,134.81328393505424,1.2688090006510417,1.0602951417097561,False,False,False,False,False,1.0,1.0,1.0,48.89393939393939,49.10606060606061,48.78787878787879,48.89393939393939,49.10606060606061,48.78787878787879,47.0,47.0,47.0,51.0,51.0,51.0,5.0,5.0,5.0,5.0,5.0,5.0,0.4297886633825483,-0.42978866338254684,0.7940802287273538,0.4297886633825483,-0.42978866338254684,0.7940802287273538,4.867418809484545,4.5471884804704406,4.189294949634614
207_2_651,/Users/kvothearcane/Personal/Coding Projects/GrowthNet/rivanna_pull/analysis/synthetic_lollipop_v1/masks/207_2_651_synthetic_lollipop.nii.gz,False,,1.0,114,114.0,1,114,1.0,1.0,0.0,6.015920332305007,6.0,216.0,0.5277777777777778,6.065049138988222,5.360733327259506,4.939296752378375,False,0.9416503554415662,1.1835077647239167,1.1835077647239167,1.1144505073201296,0.8973031942034432,118.94366455078125,0.9559005484266437,129.4834436701156,1.043365478515625,1.046133932704549,False,False,False,False,False,1.0,1.0,1.0,55.53508771929825,56.175438596491226,56.39473684210526,55.53508771929825,56.175438596491226,56.39473684210526,53.0,54.0,54.0,58.0,59.0,59.0,6.0,6.0,6.0,6.0,6.0,6.0,-0.7570031070827413,0.21390886563172973,0.6174052907703517,-0.7570031070827413,0.21390886563172973,0.6174052907703517,5.913233643169775,5.305963436087502,4.99636235555175
207_3_1194,/Users/kvothearcane/Personal/Coding Projects/GrowthNet/rivanna_pull/analysis/synthetic_lollipop_v1/masks/207_3_1194_synthetic_lollipop.nii.gz,False,,1.0,92,92.0,1,92,1.0,1.0,0.0,5.600967702383306,6.0,150.0,0.6133333333333333,5.589718554344666,4.570519543219097,4.440010318437134,False,0.9697962541139301,1.21856792851311,1.21856792851311,1.1817626124553853,0.8461936343732085,100.74618530273438,0.9782444633649006,120.81202886392025,1.0950672315514607,1.0222393659763391,False,False,False,False,False,1.0,1.0,1.0,52.70652173913044,53.09782608695652,53.03260869565217,52.70652173913044,53.09782608695652,53.03260869565217,50.0,51.0,51.0,55.0,55.0,55.0,6.0,5.0,5.0,6.0,5.0,5.0,-0.9412408261744684,0.3116833141214262,0.13007389761473617,-0.9412408261744682,0.31168331412142614,0.13007389761473614,5.651722651556306,4.782451730989817,4.638003774194606
207_4_1986,/Users/kvothearcane/Personal/Coding Projects/GrowthNet/rivanna_pull/analysis/synthetic_lollipop_v1/masks/207_4_1986_synthetic_lollipop.nii.gz,False,,1.0,65,65.0,1,65,1.0,1.0,0.0,4.988518396225169,5.0,125.0,0.52,4.976006978575137,4.305169614989328,4.130187540322716,False,0.9499453638434144,1.1392986431548895,1.1392986431548895,1.08227146409808,0.9239825987959116,81.93414306640625,0.9541751746047994,130.1871243988874,1.2605252779447116,1.0480255896556734,False,False,False,False,False,1.0,1.0,1.0,47.98461538461538,47.86153846153846,48.184615384615384,47.98461538461538,47.86153846153846,48.184615384615384,46.0,46.0,46.0,50.0,50.0,50.0,5.0,5.0,5.0,5.0,5.0,5.0,-0.04143564206162833,-0.6680338299031273,0.7429763722164388,-0.04143564206162833,-0.6680338299031273,0.7429763722164388,4.826528270799422,4.459628134815187,4.23640307113334
210_1_162,/Users/kvothearcane/Personal/Coding Projects/GrowthNet/rivanna_pull/analysis/synthetic_lollipop_v1/masks/210_1_162_synthetic_lollipop.nii.gz,False,,1.0,374,374.0,1,374,1.0,1.0,0.0,8.939042318744612,10.0,640.0,0.584375,9.36503477270102,7.574682699445356,7.565137622210154,False,0.9926846425836914,1.2852993481253219,1.2852993481253219,1.2758969240068367,0.7837623723236139,270.79302978515625,0.9270312575147542,141.9610620742775,0.7240455341849098,1.0787122784628267,False,False,False,False,False,1.0,1.0,1.0,66.7807486631016,68.10695187165776,67.8529411764706,66.7807486631016,68.10695187165776,67.8529411764706,62.0,65.0,64.0,71.0,72.0,71.0,10.0,8.0,8.0,10.0,8.0,8.0,-0.9928911941353405,0.06851914930743622,-0.09732524228936142,-0.9928911941353405,0.06851914930743622,-0.09732524228936142,9.453805868611562,7.409537315069901,7.355333901320689
218_0_0,/Users/kvothearcane/Personal/Coding Projects/GrowthNet/rivanna_pull/analysis/synthetic_lollipop_v1/masks/218_0_0_synthetic_lollipop.nii.gz,False,,1.0,92,92.0,1,92,1.0,1.0,0.0,5.600967702383306,6.0,180.0,0.5111111111111111,5.311000793569166,4.62971019799973,4.242640687119286,False,0.984129300077213,1.1613189878245276,1.1613189878245276,1.1428880426541297,0.8749763429825543,102.06401824951172,0.9656135400881664,125.61524007053721,1.109391502712084,1.0356109959981443,False,False,False,False,False,1.0,1.0,1.0,53.91304347826087,54.19565217391305,54.19565217391305,53.91304347826087,54.19565217391305,54.19565217391305,52.0,52.0,52.0,56.0,57.0,57.0,5.0,6.0,6.0,5.0,6.0,6.0,0.2786488595437001,-0.6791004392116808,-0.6791004392116806,0.2786488595437001,-0.6791004392116808,-0.6791004392116806,5.505920670209496,4.817550332771959,4.741092437077612
218_1_199,/Users/kvothearcane/Personal/Coding Projects/GrowthNet/rivanna_pull/analysis/synthetic_lollipop_v1/masks/218_1_199_synthetic_lollipop.nii.gz,False,,1.0,193,193.0,1,193,1.0,1.0,0.0,7.17000671219614,8.0,392.0,0.4923469387755102,7.46177892752739,6.394046835669867,6.1944179831710775,False,0.9688292471806664,1.2092482624666898,1.2092482624666898,1.171555083780132,0.8535663528285896,175.92575073242188,0.918035729756814,146.1751744877108,0.9115323872146212,1.0892822224521677,False,False,False,False,False,1.0,1.0,1.0,61.968911917098445,61.347150259067355,61.865284974093264,61.968911917098445,61.347150259067355,61.865284974093264,59.0,58.0,59.0,65.0,65.0,65.0,7.0,8.0,7.0,7.0,8.0,7.0,0.02087610955651931,0.9789446903693678,0.20305536498060497,0.02087610955651931,0.9789446903693678,0.20305536498060497,7.222327565840181,6.164735799307588,5.972576343510875
235_0_0,/Users/kvothearcane/Personal/Coding Projects/GrowthNet/rivanna_pull/analysis/synthetic_lollipop_v1/masks/235_0_0_synthetic_lollipop.nii.gz,False,,1.0,9,9.0,1,9,1.0,1.0,0.0,2.5807620414842987,3.0,27.0,0.3333333333333333,2.041241452319315,1.4142135623730951,1.1547005383792517,False,0.8164965809277261,1.4719601443879746,1.4719601443879746,1.2018504251546633,0.8320502943378435,19.440128326416016,1.0763330352475524,90.70106017103645,2.1600142584906683,0.9290804678962621,False,False,False,False,False,1.0,1.0,1.0,34.77777777777778,34.888888888888886,35.111111111111114,34.77777777777778,34.888888888888886,35.111111111111114,34.0,34.0,34.0,36.0,36.0,36.0,3.0,3.0,3.0,3.0,3.0,3.0,-0.8164965809277261,-0.40824829046386296,0.408248290463863,-0.8164965809277261,-0.40824829046386296,0.408248290463863,2.9439202887759492,2.449489742783178,2.0
235_1_328,/Users/kvothearcane/Personal/Coding Projects/GrowthNet/rivanna_pull/analysis/synthetic_lollipop_v1/masks/235_1_328_synthetic_lollipop.nii.gz,False,,1.0,175,175.0,1,175,1.0,1.0,0.0,6.939792343839249,8.0,392.0,0.44642857142857145,7.066211751652114,6.177434202879978,5.966039321302692,False,0.9507395752314912,1.18883918286867,1.18883918286867,1.1302764597391124,0.8847392966414761,165.18765258789062,0.9159362384846839,147.18265999684155,0.943929443359375,1.0917790540249728,False,False,False,False,False,1.0,1.0,1.0,59.29142857142857,59.98285714285714,59.8,59.29142857142857,59.98285714285714,59.8,56.0,57.0,57.0,63.0,63.0,63.0,8.0,7.0,7.0,8.0,7.0,7.0,-0.9829164506574334,-0.0017526368364598143,-0.18404396021362074,-0.9829164506574334,-0.0017526368364598143,-0.18404396021362074,6.8831408499527065,6.08978519427137,5.789799788852586
235_3_552,/Users/kvothearcane/Personal/Coding Projects/GrowthNet/rivanna_pull/analysis/synthetic_lollipop_v1/masks/235_3_552_synthetic_lollipop.nii.gz,False,,1.0,128,128.0,1,128,1.0,1.0,0.0,6.252741134374176,6.0,216.0,0.5925925925925926,5.8488265147553875,5.699860319861264,5.347925750672887,False,0.9751374552394048,1.1631508185692168,1.1631508185692168,1.1342319292792167,0.8816538965143411,127.53285217285156,0.963094047052978,126.60366499384602,0.9963504076004028,1.0383201963089197,False,False,False,False,False,1.0,1.0,1.0,57.453125,58.328125,57.484375,57.453125,58.328125,57.484375,55.0,56.0,55.0,60.0,61.0,60.0,6.0,6.0,6.0,6.0,6.0,6.0,-0.5598512622999182,0.5627561072779196,-0.6081711336643584,-0.5598512622999182,0.5627561072779196,-0.6081711336643584,6.143589064526391,5.416519237322588,5.2818507853380305
270_0_0,/Users/kvothearcane/Personal/Coding Projects/GrowthNet/rivanna_pull/analysis/synthetic_lollipop_v1/masks/270_0_0_synthetic_lollipop.nii.gz,False,,1.0,239,239.0,1,239,1.0,1.0,0.0,7.699569193795551,8.0,448.0,0.5334821428571429,7.932350835473613,6.590419009101447,6.569106235015656,False,0.9895369231483269,1.207133087549594,1.207133087549594,1.194502761284365,0.8371684289157859,199.5210723876953,0.9334562217135381,139.0498450598854,0.8348162024589763,1.0712875191557543,False,False,False,False,False,1.0,1.0,1.0,61.50209205020921,61.42677824267783,61.9581589958159,61.50209205020921,61.42677824267783,61.9581589958159,58.0,58.0,59.0,65.0,65.0,65.0,8.0,8.0,7.0,8.0,8.0,7.0,-0.6662540519985929,-0.7423446860685462,-0.0709218249994173,-0.6662540519985929,-0.7423446860685462,-0.0709218249994173,7.791825407110313,6.523070234456645,6.454818849284663
270_1_324,/Users/kvothearcane/Personal/Coding Projects/GrowthNet/rivanna_pull/analysis/synthetic_lollipop_v1/masks/270_1_324_synthetic_lollipop.nii.gz,False,,1.0,104,104.0,1,104,1.0,1.0,0.0,5.834606511185437,6.0,216.0,0.48148148148148145,5.7324725738206155,5.088824366692581,4.922223090754397,False,0.9589716953292312,1.1870472852327976,1.1870472852327976,1.1383447475556574,0.8784684974804672,110.79193115234375,0.9653057318368486,125.7354436600534,1.0653070303109975,1.0359412225773619,False,False,False,False,False,1.0,1.0,1.0,55.60576923076923,56.27884615384615,55.84615384615385,55.60576923076923,56.27884615384615,55.84615384615385,53.0,54.0,53.0,58.0,59.0,58.0,6.0,6.0,6.0,6.0,6.0,6.0,-0.756610502838966,0.5528121608550897,-0.3491980266331606,-0.756610502838966,0.5528121608550897,-0.3491980266331606,5.78879110390662,5.085270623277143,4.876630590812018
286_0_0,/Users/kvothearcane/Personal/Coding Projects/GrowthNet/rivanna_pull/analysis/synthetic_lollipop_v1/masks/286_0_0_synthetic_lollipop.nii.gz,False,,1.0,776,776.0,1,776,1.0,1.0,0.0,11.401299816066192,15.0,1500.0,0.5173333333333333,14.908341290066975,9.627898644553088,9.496805616888821,False,0.99500878627669,1.4893447402150435,1.4893447402150435,1.4819111023089426,0.6748043107592052,470.33392333984375,0.8682650132906286,172.78079540916963,0.6061004166750564,1.151722094859161,False,False,False,False,False,1.0,1.0,1.0,67.7139175257732,66.55798969072166,68.40335051546391,67.7139175257732,66.55798969072166,68.40335051546391,63.0,60.0,64.0,72.0,74.0,73.0,10.0,15.0,10.0,10.0,15.0,10.0,-0.19250093504288396,-0.9510771889551299,0.24165175492187813,-0.19250093504288396,-0.9510771889551299,0.24165175492187813,13.365882682505708,9.01935525125666,8.97433772155118
286_1_190,/Users/kvothearcane/Personal/Coding Projects/GrowthNet/rivanna_pull/analysis/synthetic_lollipop_v1/masks/286_1_190_synthetic_lollipop.nii.gz,False,,1.0,1304,1304.0,1,1304,1.0,1.0,0.0,13.55479612083867,18.0,2592.0,0.5030864197530864,17.881978013411683,11.376403320537849,11.371424437747155,False,0.9955443152177998,1.4906248013275316,1.4906248013275316,1.4839830470842863,0.6738621455041478,673.715576171875,0.8567601610719033,179.83515021836726,0.5166530492115606,1.1671877912120558,False,False,False,False,False,1.0,1.0,1.0,75.61886503067484,74.19861963190183,75.6648773006135,75.61886503067484,74.19861963190183,75.6648773006135,70.0,67.0,70.0,81.0,84.0,81.0,12.0,18.0,12.0,12.0,18.0,12.0,-0.18687627788255048,-0.9664573435331255,-0.176174515454586,-0.18687627788255048,-0.9664573435331255,-0.176174515454586,15.907052320632719,10.719160405428298,10.671399205531868
286_2_297,/Users/kvothearcane/Personal/Coding Projects/GrowthNet/rivanna_pull/analysis/synthetic_lollipop_v1/masks/286_2_297_synthetic_lollipop.nii.gz,False,,1.0,1565,1565.0,1,1565,1.0,1.0,0.0,14.404733897660924,17.0,3757.0,0.4165557625765238,19.499292408081136,12.130682228132125,11.588147327800193,False,0.9941353674567749,1.6100923991888285,1.6100923991888285,1.6006497989069461,0.624746275345726,790.771484375,0.8243456534547557,201.8944201738855,0.5052852935303515,1.2130833659510343,False,False,False,False,False,1.0,1.0,1.0,84.65686900958467,85.64984025559106,87.34760383386582,84.65686900958467,85.64984025559106,87.34760383386582,77.0,80.0,79.0,93.0,92.0,95.0,17.0,13.0,17.0,17.0,13.0,17.0,-0.6957928975017068,-0.17839126480963863,0.6957361571930818,-0.6957928975017068,-0.17839126480963863,0.6957361571930818,17.802180448247828,11.121845928075338,11.056620388504811
301_0_0,/Users/kvothearcane/Personal/Coding Projects/GrowthNet/rivanna_pull/analysis/synthetic_lollipop_v1/masks/301_0_0_synthetic_lollipop.nii.gz,False,,1.0,12,12.0,1,12,1.0,1.0,0.0,2.840496169229977,3.0,27.0,0.4444444444444444,2.333333333333333,2.121320343559643,1.4142135623730951,False,0.9428090415820635,1.224744871391589,1.224744871391589,1.1547005383792517,0.8660254037844385,24.2685546875,1.0444661650655158,99.25885156425001,2.0223795572916665,0.9574268975359995,False,False,False,False,False,1.0,1.0,1.0,35.916666666666664,36.083333333333336,36.333333333333336,35.916666666666664,36.083333333333336,36.333333333333336,35.0,35.0,35.0,37.0,37.0,37.0,3.0,3.0,3.0,3.0,3.0,3.0,-0.6666666666666667,0.6666666666666667,-0.3333333333333333,-0.6666666666666666,0.6666666666666666,-0.33333333333333326,2.9541957835039856,2.558408596267325,2.412090756622109
301_1_229,/Users/kvothearcane/Personal/Coding Projects/GrowthNet/rivanna_pull/analysis/synthetic_lollipop_v1/masks/301_1_229_synthetic_lollipop.nii.gz,False,,1.0,14,14.0,1,14,1.0,1.0,0.0,2.9902658734369907,3.0,27.0,0.5185185185185185,2.4494897427831788,2.385790165173904,2.1598754486749576,False,0.9052659592988244,1.2418456016109478,1.2418456016109478,1.1242005498433603,0.8895210024041833,26.950716018676758,1.0423154463081412,99.8745538516107,1.925051144191197,0.9594024568492949,False,False,False,False,False,1.0,1.0,1.0,36.92857142857143,36.642857142857146,36.785714285714285,36.92857142857143,36.642857142857146,36.785714285714285,36.0,36.0,36.0,38.0,38.0,38.0,3.0,3.0,3.0,3.0,3.0,3.0,-0.8287528845617558,-0.20927196917967594,-0.5190124268707158,-0.8287528845617558,-0.20927196917967594,-0.5190124268707158,3.0549755144648727,2.7174648819470293,2.460028453216644
301_2_614,/Users/kvothearcane/Personal/Coding Projects/GrowthNet/rivanna_pull/analysis/synthetic_lollipop_v1/masks/301_2_614_synthetic_lollipop.nii.gz,False,,1.0,13,13.0,1,13,1.0,1.0,0.0,2.9173032555927185,3.0,27.0,0.48148148148148145,2.426262835297967,1.883889090598664,1.4142135623730967,False,0.8916090659513188,1.36289043289592,1.36289043289592,1.2151654658683197,0.8229331955919524,25.53650665283203,1.0470117118659443,98.5366411594493,1.964346665602464,0.9550991537791284,False,False,False,False,False,1.0,1.0,1.0,36.69230769230769,36.92307692307692,37.30769230769231,36.69230769230769,36.92307692307692,37.30769230769231,36.0,36.0,36.0,38.0,38.0,38.0,3.0,3.0,3.0,3.0,3.0,3.0,0.3250575836718683,0.8880738339771155,-0.3250575836718677,0.3250575836718683,0.8880738339771155,-0.3250575836718677,3.1474606332337,2.5901498369068787,2.309401076758503
304_0_0,/Users/kvothearcane/Personal/Coding Projects/GrowthNet/rivanna_pull/analysis/synthetic_lollipop_v1/masks/304_0_0_synthetic_lollipop.nii.gz,False,,1.0,547,547.0,1,547,1.0,1.0,0.0,10.146810929023093,13.0,1170.0,0.4675213675213675,12.386735356780065,8.794011913773694,8.710447101407471,False,0.9900774157628428,1.324418910114561,1.324418910114561,1.3112772519136653,0.7626152276649425,363.9575500488281,0.8887063345545686,161.13042261935405,0.6653702925938357,1.1252310927897382,False,False,False,False,False,1.0,1.0,1.0,65.74771480804388,67.3290676416819,67.03290676416819,65.74771480804388,67.3290676416819,67.03290676416819,60.0,63.0,63.0,72.0,72.0,71.0,13.0,10.0,9.0,13.0,10.0,9.0,-0.9689199848669561,0.24656430897557577,0.020002611449868545,-0.9689199848669561,0.24656430897557577,0.020002611449868545,10.955838544861374,8.355089306149809,8.272185228700566
304_1_206,/Users/kvothearcane/Personal/Coding Projects/GrowthNet/rivanna_pull/analysis/synthetic_lollipop_v1/masks/304_1_206_synthetic_lollipop.nii.gz,False,,1.0,648,648.0,1,648,1.0,1.0,0.0,10.736402747275793,13.0,1430.0,0.45314685314685316,13.414101070935622,9.149205181521587,9.067758999533151,False,0.987023778007352,1.4120282216577689,1.4120282216577689,1.3937054299936535,0.7175117341722301,403.95904541015625,0.8964583658914643,156.98638903126655,0.6233935885959201,1.1155007728725592,False,False,False,False,False,1.0,1.0,1.0,66.79320987654322,65.96141975308642,67.87654320987654,66.79320987654322,65.96141975308642,67.87654320987654,62.0,60.0,63.0,71.0,72.0,73.0,10.0,13.0,11.0,10.0,13.0,11.0,-0.15763163454370815,-0.7639681608597831,0.6257035376147394,-0.15763163454370815,-0.7639681608597831,0.6257035376147394,12.086111484030242,8.671926810305445,8.559397962910925
309_1_177,/Users/kvothearcane/Personal/Coding Projects/GrowthNet/rivanna_pull/analysis/synthetic_lollipop_v1/masks/309_1_177_synthetic_lollipop.nii.gz,False,,1.0,43,43.0,1,43,1.0,1.0,0.0,4.34666941315382,5.0,125.0,0.344,4.0,3.535533905932737,2.82842712474619,False,0.9586025865388217,1.2501709869373978,1.2501709869373978,1.198417141693981,0.8344339923129642,62.412025451660156,0.9510313162685213,131.4824898545042,1.4514424523641898,1.0514900854407327,False,False,False,False,False,1.0,1.0,1.0,47.0,47.30232558139535,46.69767441860465,47.0,47.30232558139535,46.69767441860465,45.0,45.0,45.0,49.0,49.0,49.0,5.0,5.0,5.0,5.0,5.0,5.0,0.0,0.7071067811865475,-0.7071067811865476,0.0,0.7071067811865475,-0.7071067811865476,4.49929242622166,3.754362541795623,3.5989416433697494
309_2_546,/Users/kvothearcane/Personal/Coding Projects/GrowthNet/rivanna_pull/analysis/synthetic_lollipop_v1/masks/309_2_546_synthetic_lollipop.nii.gz,False,,1.0,159,159.0,1,159,1.0,1.0,0.0,6.721499448528674,7.0,343.0,0.46355685131195334,7.014920047314806,5.808376514075371,5.722085327783408,False,0.9973416918269139,1.1650806078555798,1.1650806078555798,1.161983464553413,0.8605974443744184,153.29360961914062,0.9258873629958142,142.48787298238827,0.9641107523216391,1.0800449816750775,False,False,False,False,False,1.0,1.0,1.0,59.64779874213836,60.339622641509436,60.295597484276726,59.64779874213836,60.339622641509436,60.295597484276726,57.0,57.0,57.0,63.0,63.0,63.0,7.0,7.0,7.0,7.0,7.0,7.0,-0.6190722130261224,0.5987837043524774,0.5081413882580952,-0.6190722130261225,0.5987837043524775,0.5081413882580953,6.665974552808948,5.736720664412288,5.7214706929833685
309_3_917,/Users/kvothearcane/Personal/Coding Projects/GrowthNet/rivanna_pull/analysis/synthetic_lollipop_v1/masks/309_3_917_synthetic_lollipop.nii.gz,False,,1.0,46,46.0,1,46,1.0,1.0,0.0,4.445491011401585,5.0,125.0,0.368,4.1472447485789825,3.9861478997967863,3.5777087639996696,False,0.9457412947513013,1.1573996560822135,1.1573996560822135,1.0946006492879035,0.9135751935197131,65.48309326171875,0.94811312650835,132.70029714582307,1.423545505689538,1.0547264583106613,False,False,False,False,False,1.0,1.0,1.0,45.97826086956522,46.04347826086956,46.45652173913044,45.97826086956522,46.04347826086956,46.45652173913044,44.0,44.0,44.0,48.0,48.0,48.0,5.0,5.0,5.0,5.0,5.0,5.0,-0.06192637214653055,0.12385274429306145,0.990366408034848,-0.06192637214653055,0.12385274429306145,0.990366408034848,4.3648274419131265,3.9875980749259385,3.771236166328254
320_1_183,/Users/kvothearcane/Personal/Coding Projects/GrowthNet/rivanna_pull/analysis/synthetic_lollipop_v1/masks/320_1_183_synthetic_lollipop.nii.gz,False,,1.0,322,322.0,1,322,1.0,1.0,0.0,8.503918378444457,10.0,640.0,0.503125,9.994110526485862,7.442743734354115,7.086075890120718,False,0.9913612269778985,1.262713830856032,1.262713830856032,1.2518055326793984,0.7988461257712873,244.58560180664062,0.9288747371499173,141.11751468574687,0.7595826143063373,1.0765714256244254,False,False,False,False,False,1.0,1.0,1.0,67.34472049689441,68.40062111801242,67.86645962732919,67.34472049689441,68.40062111801242,67.86645962732919,63.0,65.0,64.0,72.0,72.0,71.0,10.0,8.0,8.0,10.0,8.0,8.0,-0.8535086907357514,0.4912558293755111,-0.17375449618102579,-0.8535086907357514,0.4912558293755111,-0.17375449618102579,8.87444927626476,7.089319422697908,7.0280764013240455
320_2_225,/Users/kvothearcane/Personal/Coding Projects/GrowthNet/rivanna_pull/analysis/synthetic_lollipop_v1/masks/320_2_225_synthetic_lollipop.nii.gz,False,,1.0,439,439.0,2,437,0.9954441913439636,0.9954441913439636,0.004555808656036446,9.429499300780527,11.0,990.0,0.44343434343434346,10.321828655324273,8.201558488802387,8.080251821363362,False,0.9830675713148512,1.2586933361379284,1.2586933361379284,1.2373806009873012,0.8081587825137261,306.01568603515625,0.9100419114204803,150.0611227929297,0.7002647277692363,1.0988504896869031,False,True,False,False,False,1.0,1.0,1.0,68.07551487414187,68.8329519450801,69.66361556064074,68.07551487414187,68.8329519450801,69.66361556064074,63.0,65.0,65.0,73.0,73.0,74.0,11.0,9.0,10.0,11.0,9.0,10.0,-0.7916193496990989,-0.14019989193509153,0.5947123636543675,-0.7916193496990989,-0.14019989193509153,0.5947123636543675,9.785743021185734,7.908434165993655,7.7745251684667736
333_1_279,/Users/kvothearcane/Personal/Coding Projects/GrowthNet/rivanna_pull/analysis/synthetic_lollipop_v1/masks/333_1_279_synthetic_lollipop.nii.gz,False,,1.0,1063,1063.0,1,1063,1.0,1.0,0.0,12.662269346205544,16.0,2304.0,0.4613715277777778,16.571860487991014,10.64577842964102,9.962499751964653,False,0.9979420585133384,1.5489753542493079,1.5489753542493079,1.5457876536059818,0.6469193861570963,590.5817260742188,0.8528898827716478,182.29446623174158,0.5555801750463017,1.17248430330805,False,False,False,False,False,1.0,1.0,1.0,73.48165569143933,75.35371589840075,74.53809971777987,73.48165569143933,75.35371589840075,74.53809971777987,68.0,67.0,69.0,79.0,82.0,80.0,12.0,16.0,12.0,12.0,16.0,12.0,-0.3298688555311788,0.8852972406867604,0.3277732963237833,-0.32986885553117873,0.8852972406867603,0.32777329632378327,15.255508485600412,9.869084185018993,9.848774187239286
339_1_248,/Users/kvothearcane/Personal/Coding Projects/GrowthNet/rivanna_pull/analysis/synthetic_lollipop_v1/masks/339_1_248_synthetic_lollipop.nii.gz,False,,1.0,1317,1317.0,1,1317,1.0,1.0,0.0,13.599691314764724,19.0,2736.0,0.48135964912280704,18.481051139145485,11.325308376310069,11.275027870751313,False,0.9925329153149862,1.5421588958102588,1.5421588958102588,1.5306434647374962,0.6533200075900751,684.8911743164062,0.8483721527385543,185.2222517075541,0.520038856732275,1.1787279872070169,False,False,False,False,False,1.0,1.0,1.0,78.57555049354593,79.36977980258162,81.08959757023538,78.57555049354593,79.36977980258162,81.08959757023538,73.0,74.0,71.0,84.0,85.0,89.0,12.0,12.0,19.0,12.0,12.0,19.0,-0.19075080220767396,0.18285606163782908,0.964457252644943,-0.19075080220767396,0.18285606163782908,0.964457252644943,16.31230000828906,10.657151965226992,10.577574109001581
339_2_430,/Users/kvothearcane/Personal/Coding Projects/GrowthNet/rivanna_pull/analysis/synthetic_lollipop_v1/masks/339_2_430_synthetic_lollipop.nii.gz,False,,1.0,1131,1131.0,1,1131,1.0,1.0,0.0,12.92670965245321,17.0,2448.0,0.46200980392156865,17.231160342091215,10.778021160260813,10.751386662174173,False,0.9949571182976176,1.5482166681545888,1.5482166681545888,1.5404091946474288,0.6491781556970527,610.4794921875,0.8599135291325133,177.86398895799243,0.5397696659482759,1.1629076251525046,False,False,False,False,False,1.0,1.0,1.0,76.55083996463307,76.65163572060123,78.43059239610963,76.55083996463307,76.65163572060123,78.43059239610963,71.0,71.0,70.0,82.0,82.0,86.0,12.0,12.0,17.0,12.0,12.0,17.0,-0.29798597865638304,-0.24604663694383383,0.9223152438146227,-0.29798597865638304,-0.24604663694383383,0.9223152438146227,15.555724544106935,10.098436570074716,10.047511349072817
385_0_0,/Users/kvothearcane/Personal/Coding Projects/GrowthNet/rivanna_pull/analysis/synthetic_lollipop_v1/masks/385_0_0_synthetic_lollipop.nii.gz,False,,1.0,363,363.0,2,362,0.9972451790633609,0.9972451790633609,0.0027548209366391185,8.850531135660276,10.0,900.0,0.4033333333333333,9.481880724074795,7.705601622777234,7.499287408262298,False,0.9803131221349302,1.2598382096006104,1.2598382096006104,1.235035928638455,0.8096930435881599,264.6959228515625,0.9279884829451845,141.52221411626837,0.731204206772272,1.077599580574826,False,True,False,False,False,1.0,1.0,1.0,69.41436464088397,69.28453038674033,69.52209944751381,69.41436464088397,69.28453038674033,69.52209944751381,65.0,65.0,66.0,74.0,74.0,74.0,10.0,10.0,9.0,10.0,10.0,9.0,-0.5512510750120952,-0.7170402108383294,-0.42658596828650336,-0.5512510750120952,-0.7170402108383294,-0.42658596828650336,9.17148684282382,7.426089095994781,7.279892586946805
385_1_476,/Users/kvothearcane/Personal/Coding Projects/GrowthNet/rivanna_pull/analysis/synthetic_lollipop_v1/masks/385_1_476_synthetic_lollipop.nii.gz,False,,1.0,203,203.0,1,203,1.0,1.0,0.0,7.291761779042593,8.0,392.0,0.5178571428571429,7.603065552404669,6.299122777080619,6.19387297731075,False,0.972698997542361,1.2144265040201383,1.2144265040201383,1.1812714430492626,0.8465454793511816,182.36868286132812,0.9159347895741364,147.18335847946793,0.8983678958686114,1.0917807811022766,False,False,False,False,False,1.0,1.0,1.0,62.27093596059113,63.20197044334975,63.1576354679803,62.27093596059113,63.20197044334975,63.1576354679803,59.0,60.0,60.0,66.0,66.0,66.0,8.0,7.0,7.0,8.0,7.0,7.0,-0.92550717888443,0.2961441595981055,0.23608282141933903,-0.92550717888443,0.2961441595981055,0.23608282141933903,7.373629163972382,6.242112435172852,6.071696508239339
395_0_0,/Users/kvothearcane/Personal/Coding Projects/GrowthNet/rivanna_pull/analysis/synthetic_lollipop_v1/masks/395_0_0_synthetic_lollipop.nii.gz,False,,1.0,47,47.0,1,47,1.0,1.0,0.0,4.477474060769193,5.0,125.0,0.376,4.075450885681147,3.584374429538153,3.5287123161638085,False,0.9724323611188554,1.146692898339304,1.146692898339304,1.1150812826103131,0.8967956108626294,65.63141632080078,0.9596309654660745,127.97926549775511,1.3964131132085273,1.042067248751523,False,False,False,False,False,1.0,1.0,1.0,47.829787234042556,48.234042553191486,47.59574468085106,47.829787234042556,48.234042553191486,47.59574468085106,46.0,46.0,46.0,50.0,50.0,50.0,5.0,5.0,5.0,5.0,5.0,5.0,0.3471242604221902,-0.5127705330940746,0.7852204328828728,0.3471242604221902,-0.5127705330940746,0.7852204328828728,4.394275388515234,3.940766881342137,3.8321292430425227
395_1_1985,/Users/kvothearcane/Personal/Coding Projects/GrowthNet/rivanna_pull/analysis/synthetic_lollipop_v1/masks/395_1_1985_synthetic_lollipop.nii.gz,False,,1.0,53,53.0,1,53,1.0,1.0,0.0,4.66042742317893,6.0,150.0,0.35333333333333333,4.941055787791322,4.47213595499958,3.977473183963264,False,0.9552951330355252,1.0569470061301152,1.0569470061301152,1.0096963308325684,0.990396785116003,73.09686279296875,0.933474874206414,139.04150983472476,1.3791860904333726,1.0712661129204382,False,False,False,False,False,1.0,1.0,1.0,48.43396226415094,49.0188679245283,48.9622641509434,48.43396226415094,49.0188679245283,48.9622641509434,46.0,47.0,47.0,51.0,51.0,51.0,6.0,5.0,5.0,6.0,5.0,5.0,-0.9882111575582646,0.0684670841753241,-0.1369341683506486,-0.9882111575582646,0.0684670841753241,-0.1369341683506486,4.338351364633454,4.296689244236598,4.104606323185311
418_1_1056,/Users/kvothearcane/Personal/Coding Projects/GrowthNet/rivanna_pull/analysis/synthetic_lollipop_v1/masks/418_1_1056_synthetic_lollipop.nii.gz,False,,1.0,169,169.0,1,169,1.0,1.0,0.0,6.859556339475854,8.0,392.0,0.43112244897959184,7.971550262445103,5.916299145779105,5.852910188757457,False,0.9786957181554905,1.2375751058175684,1.2375751058175684,1.2112094569594822,0.8256210304948538,164.39576721191406,0.899189643513576,155.5601971070387,0.9727560190054086,1.1121124528219746,False,False,False,False,False,1.0,1.0,1.0,62.650887573964496,62.44970414201183,63.17751479289941,62.650887573964496,62.44970414201183,63.17751479289941,60.0,59.0,60.0,66.0,66.0,66.0,7.0,8.0,7.0,7.0,8.0,7.0,-0.49645219940348256,-0.8281662057434928,0.2601460154833661,-0.4964521994034825,-0.8281662057434926,0.260146015483366,7.063138029442241,5.831475298395494,5.707239905069182
418_2_1238,/Users/kvothearcane/Personal/Coding Projects/GrowthNet/rivanna_pull/analysis/synthetic_lollipop_v1/masks/418_2_1238_synthetic_lollipop.nii.gz,False,,1.0,249,249.0,1,249,1.0,1.0,0.0,7.805491256803148,8.0,392.0,0.6352040816326531,7.280381905327742,6.689927525902609,6.6361235903381255,False,0.991253325013347,1.2257877168239044,1.2257877168239044,1.2150661500622142,0.8230004596447672,206.607177734375,0.9264136610851511,142.2451676860045,0.8297477017444779,1.0794314052198386,False,False,False,False,False,1.0,1.0,1.0,64.34538152610442,65.01204819277109,65.01204819277109,64.34538152610442,65.01204819277109,65.01204819277109,61.0,62.0,62.0,68.0,68.0,68.0,8.0,7.0,7.0,8.0,7.0,7.0,-0.9973628330897136,0.021215445583993593,-0.06940665702893822,-0.9973628330897136,0.021215445583993593,-0.06940665702893822,8.000181115636694,6.584152735410386,6.526563291371269
418_3_1428,/Users/kvothearcane/Personal/Coding Projects/GrowthNet/rivanna_pull/analysis/synthetic_lollipop_v1/masks/418_3_1428_synthetic_lollipop.nii.gz,False,,1.0,270,270.0,1,270,1.0,1.0,0.0,8.019027705431855,9.0,441.0,0.6122448979591837,8.138676862236593,7.192436992001145,7.1835380491153344,False,0.9960635018188574,1.2109026517299493,1.2109026517299493,1.2061359356438734,0.8290939440969134,218.955078125,0.9226527458424763,143.99172608474902,0.8109447337962963,1.083831381314427,False,False,False,False,False,1.0,1.0,1.0,68.21481481481482,68.93333333333334,68.97037037037038,68.21481481481482,68.93333333333334,68.97037037037038,64.0,66.0,66.0,72.0,72.0,72.0,9.0,7.0,7.0,9.0,7.0,7.0,-0.9982192115924734,-0.05097438983226845,-0.030984144153565527,-0.9982192115924734,-0.05097438983226845,-0.030984144153565527,8.150209902614634,6.757289673376487,6.730689614867787
421_1_264,/Users/kvothearcane/Personal/Coding Projects/GrowthNet/rivanna_pull/analysis/synthetic_lollipop_v1/masks/421_1_264_synthetic_lollipop.nii.gz,False,,1.0,13,13.0,1,13,1.0,1.0,0.0,2.9173032555927185,3.0,27.0,0.48148148148148145,2.2385907518628843,2.0781815283069376,1.4142135623730954,False,0.8916090659513192,1.3628904328959202,1.3628904328959202,1.2151654658683204,0.822933195591952,25.291799545288086,1.0571419205573651,95.7309764281711,1.9455230419452374,0.9459467840162485,False,False,False,False,False,1.0,1.0,1.0,35.61538461538461,35.84615384615385,36.15384615384615,35.61538461538461,35.84615384615385,36.15384615384615,35.0,35.0,35.0,37.0,37.0,37.0,3.0,3.0,3.0,3.0,3.0,3.0,-0.13738550023678597,-0.7004017505420329,0.7004017505420328,-0.13738550023678597,-0.7004017505420329,0.7004017505420328,3.1474606332337003,2.590149836906878,2.309401076758503
421_2_1633,/Users/kvothearcane/Personal/Coding Projects/GrowthNet/rivanna_pull/analysis/synthetic_lollipop_v1/masks/421_2_1633_synthetic_lollipop.nii.gz,False,,1.0,14,14.0,1,14,1.0,1.0,0.0,2.9902658734369907,3.0,27.0,0.5185185185185185,2.449489742783178,2.385790165173902,2.159875448674957,False,0.9052659592988241,1.2418456016109478,1.2418456016109478,1.12420054984336,0.8895210024041836,26.950716018676758,1.0423154463081412,99.8745538516107,1.925051144191197,0.9594024568492949,False,False,False,False,False,1.0,1.0,1.0,37.642857142857146,38.214285714285715,38.07142857142857,37.642857142857146,38.214285714285715,38.07142857142857,37.0,37.0,37.0,39.0,39.0,39.0,3.0,3.0,3.0,3.0,3.0,3.0,-0.2092719691796755,0.519012426870716,0.8287528845617557,-0.2092719691796755,0.519012426870716,0.8287528845617557,3.0549755144648723,2.7174648819470297,2.4600284532166437
421_4_3550,/Users/kvothearcane/Personal/Coding Projects/GrowthNet/rivanna_pull/analysis/synthetic_lollipop_v1/masks/421_4_3550_synthetic_lollipop.nii.gz,False,,1.0,32,32.0,1,32,1.0,1.0,0.0,3.938980087370786,4.0,48.0,0.6666666666666666,3.6883585510017065,3.2405669446497276,2.5086576451270712,False,0.8683368616133516,1.2975921872459744,1.2975921872459744,1.1267471275271739,0.8875105829598691,49.1912956237793,0.9908985251340597,116.24246943228698,1.537227988243103,1.0091850725731062,False,False,False,False,False,1.0,1.0,1.0,42.84375,43.03125,43.21875,42.84375,43.03125,43.21875,41.0,42.0,42.0,44.0,44.0,45.0,4.0,3.0,4.0,4.0,3.0,4.0,-0.48682584137299617,0.11839052513112075,0.8654387810415315,-0.48682584137299617,0.11839052513112075,0.8654387810415315,4.022340389970813,3.5698696643660233,3.0998494207243015
424_4_2863,/Users/kvothearcane/Personal/Coding Projects/GrowthNet/rivanna_pull/analysis/synthetic_lollipop_v1/masks/424_4_2863_synthetic_lollipop.nii.gz,False,,1.0,202,202.0,1,202,1.0,1.0,0.0,7.27976872815417,8.0,392.0,0.5153061224489796,7.645792954363284,6.337519425301858,6.228739965410231,False,0.9740850310547813,1.2107265293715153,1.2107265293715153,1.1793505889617,0.8479242808369645,181.147216796875,0.9190801187136487,145.67742574160064,0.8967683999845297,1.088044425767372,False,False,False,False,False,1.0,1.0,1.0,60.772277227722775,60.277227722772274,61.039603960396036,60.772277227722775,60.277227722772274,61.039603960396036,58.0,57.0,58.0,64.0,64.0,64.0,7.0,8.0,7.0,7.0,8.0,7.0,-0.347156366325327,-0.9365557251731446,0.048433779175290924,-0.347156366325327,-0.9365557251731446,0.048433779175290924,7.350250454247146,6.232455830389083,6.0709419310921025
424_5_4003,/Users/kvothearcane/Personal/Coding Projects/GrowthNet/rivanna_pull/analysis/synthetic_lollipop_v1/masks/424_5_4003_synthetic_lollipop.nii.gz,False,,1.0,164,164.0,1,164,1.0,1.0,0.0,6.791229523398109,8.0,392.0,0.41836734693877553,6.967749026735554,5.946964401181194,5.928197198526112,False,0.9771031467365188,1.1694615900356264,1.1694615900356264,1.1426845996113033,0.8751321233699667,158.463134765625,0.9143625851492282,147.94388973353674,0.9662386266196646,1.093658047957852,False,False,False,False,False,1.0,1.0,1.0,58.80487804878049,58.50609756097561,59.34756097560975,58.80487804878049,58.50609756097561,59.34756097560975,56.0,55.0,56.0,62.0,62.0,62.0,7.0,8.0,7.0,7.0,8.0,7.0,0.29868861654856926,0.8078194488654469,-0.508146483190652,0.29868861654856926,0.8078194488654469,-0.508146483190652,6.723425872371272,5.883885960008842,5.749163486563462
424_6_4194,/Users/kvothearcane/Personal/Coding Projects/GrowthNet/rivanna_pull/analysis/synthetic_lollipop_v1/masks/424_6_4194_synthetic_lollipop.nii.gz,False,,1.0,185,185.0,1,185,1.0,1.0,0.0,7.069538034737422,8.0,392.0,0.4719387755102041,7.04665749681704,6.367993595640384,6.350815617143475,False,0.9892065354264002,1.1248955874042144,1.1248955874042144,1.1127540667325684,0.8986711708332342,169.2333984375,0.9277818401931682,141.61679794810172,0.9147751266891891,1.0778395918934947,False,False,False,False,False,1.0,1.0,1.0,59.21081081081081,59.94054054054054,60.016216216216215,59.21081081081081,59.94054054054054,60.016216216216215,56.0,57.0,57.0,63.0,63.0,63.0,8.0,7.0,7.0,8.0,7.0,7.0,-0.9993072536566829,-0.031163611237743645,-0.02034310998251695,-0.9993072536566829,-0.031163611237743645,-0.02034310998251695,6.845690975084986,6.1520251237421295,6.0856234585131235
434_0_0,/Users/kvothearcane/Personal/Coding Projects/GrowthNet/rivanna_pull/analysis/synthetic_lollipop_v1/masks/434_0_0_synthetic_lollipop.nii.gz,False,,1.0,106,106.0,1,106,1.0,1.0,0.0,5.871770611970456,6.0,180.0,0.5888888888888889,5.311348980539034,5.097775649990719,4.586863405366613,False,0.942207625403368,1.2166289345941446,1.2166289345941446,1.1463170594609784,0.8723589967946741,111.47822570800781,0.9716234475796814,123.29867597524806,1.0516813746038474,1.029205298092594,False,False,False,False,False,1.0,1.0,1.0,55.471698113207545,55.91509433962264,56.0377358490566,55.471698113207545,55.91509433962264,56.0377358490566,53.0,53.0,54.0,58.0,58.0,58.0,6.0,6.0,5.0,6.0,6.0,5.0,-0.9938128529799833,-0.11056025180605639,0.010603960220948325,-0.9938128529799833,-0.11056025180605639,0.010603960220948325,5.8568142184308485,5.109244576003118,4.813969199560936
434_1_160,/Users/kvothearcane/Personal/Coding Projects/GrowthNet/rivanna_pull/analysis/synthetic_lollipop_v1/masks/434_1_160_synthetic_lollipop.nii.gz,False,,1.0,278,278.0,1,278,1.0,1.0,0.0,8.097458381330195,9.0,504.0,0.5515873015873016,8.474401884049122,7.048634665762222,6.188186390579144,False,0.9940192251561681,1.2383129619836246,1.2383129619836246,1.2309068909718022,0.8124091329202805,224.7103729248047,0.9166936042170549,146.81815751324325,0.8083106939741176,1.0908770339399245,False,False,False,False,False,1.0,1.0,1.0,65.13309352517986,65.9748201438849,65.8273381294964,65.13309352517986,65.9748201438849,65.8273381294964,61.0,63.0,62.0,69.0,69.0,69.0,9.0,7.0,8.0,9.0,7.0,8.0,-0.9772781436464103,-0.024586279526831668,-0.21053015178366938,-0.9772781436464103,-0.024586279526831668,-0.21053015178366938,8.349532563064871,6.783236509849179,6.742667499571311
437_0_0,/Users/kvothearcane/Personal/Coding Projects/GrowthNet/rivanna_pull/analysis/synthetic_lollipop_v1/masks/437_0_0_synthetic_lollipop.nii.gz,False,,1.0,1258,1258.0,1,1258,1.0,1.0,0.0,13.393497663768915,17.0,2448.0,0.5138888888888888,17.816617777611512,11.455612650839875,11.3387295181919,False,0.9918904711657393,1.528858033586593,1.528858033586593,1.5164597152797312,0.6594306396167844,660.496826171875,0.8532320296436409,182.0752533861545,0.5250372227121423,1.1720141359644667,False,False,False,False,False,1.0,1.0,1.0,74.27027027027027,75.44435612082671,75.47933227344993,74.27027027027027,75.44435612082671,75.47933227344993,67.0,70.0,70.0,83.0,81.0,81.0,17.0,12.0,12.0,17.0,12.0,12.0,-0.9123361705225388,-0.3017483505280812,-0.2767501488885801,-0.9123361705225388,-0.3017483505280812,-0.2767501488885801,15.946649806535653,10.515709481668678,10.430432032414377
439_0_0,/Users/kvothearcane/Personal/Coding Projects/GrowthNet/rivanna_pull/analysis/synthetic_lollipop_v1/masks/439_0_0_synthetic_lollipop.nii.gz,False,,1.0,8,8.0,1,8,1.0,1.0,0.0,2.4814019635976,3.0,27.0,0.2962962962962963,2.1213203435596424,2.0,1.414213562373095,False,1.0,1.3693063937629153,1.3693063937629153,1.3693063937629153,0.7302967433402215,17.68483543395996,1.09381303096843,86.42175760813122,2.210604429244995,0.9142330285776805,False,False,False,False,False,1.0,1.0,1.0,33.0,32.875,32.875,33.0,32.875,32.875,32.0,32.0,32.0,34.0,34.0,34.0,3.0,3.0,3.0,3.0,3.0,3.0,0.0,0.7071067811865476,0.7071067811865476,0.0,0.7071067811865476,0.7071067811865476,2.9277002188455996,2.138089935299395,2.138089935299395
439_1_12,/Users/kvothearcane/Personal/Coding Projects/GrowthNet/rivanna_pull/analysis/synthetic_lollipop_v1/masks/439_1_12_synthetic_lollipop.nii.gz,False,,1.0,31,31.0,1,31,1.0,1.0,0.0,3.897514059625756,4.0,64.0,0.484375,3.6241045922713386,3.265986323710915,3.240917684340035,False,0.9958482047752298,1.0968161265360272,1.0968161265360272,1.092262370579424,0.9155309447028916,48.509132385253906,0.9837885114721674,118.78104276292315,1.5648107221049647,1.0164786316762058,False,False,False,False,False,1.0,1.0,1.0,41.87096774193548,41.935483870967744,41.903225806451616,41.87096774193548,41.935483870967744,41.903225806451616,40.0,40.0,40.0,43.0,43.0,43.0,4.0,4.0,4.0,4.0,4.0,4.0,-0.9060261480678351,0.07188023587166235,-0.4170729560980857,-0.9060261480678351,0.07188023587166235,-0.4170729560980857,3.7414304498711517,3.4253953543107003,3.411173814235723
439_2_209,/Users/kvothearcane/Personal/Coding Projects/GrowthNet/rivanna_pull/analysis/synthetic_lollipop_v1/masks/439_2_209_synthetic_lollipop.nii.gz,False,,1.0,69,69.0,1,69,1.0,1.0,0.0,5.08881687589421,5.0,125.0,0.552,5.040462752126049,4.458027114403716,4.270893390251702,False,0.934940415598943,1.1531463052241397,1.1531463052241397,1.0781230858526427,0.9275378786728619,85.8842544555664,0.9472616786491018,133.05845258212,1.244699339935745,1.055674501079901,False,False,False,False,False,1.0,1.0,1.0,48.869565217391305,49.072463768115945,49.27536231884058,48.869565217391305,49.072463768115945,49.27536231884058,47.0,47.0,47.0,51.0,51.0,51.0,5.0,5.0,5.0,5.0,5.0,5.0,-0.5178689513211311,0.33019973871094227,0.7891640398629284,-0.5178689513211311,0.33019973871094227,0.7891640398629284,4.933534626637821,4.5760402419507535,4.2783249656069255
439_3_437,/Users/kvothearcane/Personal/Coding Projects/GrowthNet/rivanna_pull/analysis/synthetic_lollipop_v1/masks/439_3_437_synthetic_lollipop.nii.gz,False,,1.0,66,66.0,1,66,1.0,1.0,0.0,5.013970461270554,5.0,125.0,0.528,4.998594591243289,4.3797965833069155,4.000000000000005,False,0.9778151216027801,1.1060339526028955,1.1060339526028955,1.0814967238612037,0.9246445023242967,82.9573974609375,0.9520467962898834,131.06220963658862,1.2569302645596592,1.0503685363965194,False,False,False,False,False,1.0,1.0,1.0,49.78787878787879,50.0,50.121212121212125,49.78787878787879,50.0,50.121212121212125,48.0,48.0,48.0,52.0,52.0,52.0,5.0,5.0,5.0,5.0,5.0,5.0,-0.7855501418585423,-6.66133814775094e-16,0.6187980079363734,-0.7855501418585423,-6.66133814775094e-16,0.6187980079363734,4.799251559542016,4.437601569801832,4.339153918600466
439_4_489,/Users/kvothearcane/Personal/Coding Projects/GrowthNet/rivanna_pull/analysis/synthetic_lollipop_v1/masks/439_4_489_synthetic_lollipop.nii.gz,False,,1.0,130,130.0,1,130,1.0,1.0,0.0,6.285139335191904,7.0,252.0,0.5158730158730159,6.322925275063454,5.646794094971009,5.217499397458056,False,0.9677870561925858,1.1953000407262866,1.1953000407262866,1.1567959076813705,0.8644567234027952,135.25332641601562,0.9175542216882144,146.40542181262006,1.0404102032001201,1.0898538488113465,False,False,False,False,False,1.0,1.0,1.0,57.353846153846156,58.16923076923077,57.96923076923077,57.353846153846156,58.16923076923077,57.96923076923077,54.0,56.0,55.0,60.0,61.0,60.0,7.0,6.0,6.0,7.0,6.0,6.0,-0.9506580330759199,0.3094885383039672,-0.021590479538375434,-0.9506580330759199,0.3094885383039672,-0.021590479538375434,6.295053786778328,5.441801570162752,5.266505121972
442_1_282,/Users/kvothearcane/Personal/Coding Projects/GrowthNet/rivanna_pull/analysis/synthetic_lollipop_v1/masks/442_1_282_synthetic_lollipop.nii.gz,False,,1.0,115,115.0,1,115,1.0,1.0,0.0,6.033459557881385,6.0,216.0,0.5324074074074074,5.97794229972753,5.353160936628607,5.349443550455481,False,0.9837240756450542,1.193430463445092,1.193430463445092,1.174006279499172,0.8517842003593008,120.11390686035156,0.9521149655214324,131.0340603979829,1.0444687553074048,1.050293332436323,False,False,False,False,False,1.0,1.0,1.0,58.36521739130435,59.2,58.91304347826087,58.36521739130435,59.2,58.91304347826087,56.0,57.0,56.0,61.0,62.0,61.0,6.0,6.0,6.0,6.0,6.0,6.0,-0.929336005616682,0.3086772582951225,-0.2026152483793771,-0.929336005616682,0.3086772582951225,-0.2026152483793771,6.045594713882578,5.149542059060888,5.065728502045001
442_2_702,/Users/kvothearcane/Personal/Coding Projects/GrowthNet/rivanna_pull/analysis/synthetic_lollipop_v1/masks/442_2_702_synthetic_lollipop.nii.gz,False,,1.0,129,129.0,1,129,1.0,1.0,0.0,6.268982093389452,6.0,216.0,0.5972222222222222,5.875112084347465,5.826277691240649,5.352660733720194,False,0.962401946507046,1.159257429318592,1.159257429318592,1.1156716064789673,0.8963210986035361,128.85069274902344,0.9582022218061962,128.5525964808967,0.998842579449794,1.0436210407809487,False,False,False,False,False,1.0,1.0,1.0,57.627906976744185,58.47286821705426,58.565891472868216,57.627906976744185,58.47286821705426,58.565891472868216,55.0,56.0,56.0,60.0,61.0,61.0,6.0,6.0,6.0,6.0,6.0,6.0,-0.5637904844596362,0.6172358838808708,0.5487806057821004,-0.5637904844596362,0.6172358838808708,0.5487806057821004,6.122652394715073,5.487862520798585,5.281529572179623
442_5_1272,/Users/kvothearcane/Personal/Coding Projects/GrowthNet/rivanna_pull/analysis/synthetic_lollipop_v1/masks/442_5_1272_synthetic_lollipop.nii.gz,False,,1.0,694,694.0,1,694,1.0,1.0,0.0,10.984668354585576,14.0,1386.0,0.5007215007215007,14.746596062140654,9.117340017513747,8.50735297147773,False,0.9928594976612478,1.5295971142806686,1.5295971142806686,1.5186750225087988,0.6584687212067494,442.9497375488281,0.8557941683893151,180.44481411274126,0.6382561059781385,1.1685052749098463,False,False,False,False,False,1.0,1.0,1.0,69.98991354466858,71.18587896253602,69.48126801152738,69.98991354466858,71.18587896253602,69.48126801152738,66.0,64.0,64.0,74.0,77.0,74.0,9.0,14.0,11.0,9.0,14.0,11.0,0.011677595269955154,0.9083344731590453,-0.4180814736861596,0.011677595269955154,0.9083344731590453,-0.4180814736861596,13.096550474927374,8.623668843445074,8.56209151589983
442_6_1447,/Users/kvothearcane/Personal/Coding Projects/GrowthNet/rivanna_pull/analysis/synthetic_lollipop_v1/masks/442_6_1447_synthetic_lollipop.nii.gz,False,,1.0,564,564.0,1,564,1.0,1.0,0.0,10.250856656051196,13.0,1300.0,0.4338461538461538,12.78501918985228,8.818214690564275,8.73247331085463,False,0.9830882179738616,1.3460750343301568,1.3460750343301568,1.3233105067587385,0.7556805412581196,376.466064453125,0.8768884703383137,167.73330096997037,0.6674930220800088,1.1403958813760984,False,False,False,False,False,1.0,1.0,1.0,67.58156028368795,69.27304964539007,67.69326241134752,67.58156028368795,69.27304964539007,67.69326241134752,63.0,63.0,63.0,72.0,75.0,72.0,10.0,13.0,10.0,10.0,13.0,10.0,-0.3293538200179759,0.9208427106871543,-0.20874569076726054,-0.3293538200179759,0.9208427106871543,-0.20874569076726054,11.172824424612877,8.443086008573397,8.300298378368465
478_0_0,/Users/kvothearcane/Personal/Coding Projects/GrowthNet/rivanna_pull/analysis/synthetic_lollipop_v1/masks/478_0_0_synthetic_lollipop.nii.gz,False,,1.0,247,247.0,1,247,1.0,1.0,0.0,7.784536817045507,10.0,490.0,0.5040816326530613,9.172502156561308,6.5051267956783345,6.350725264984334,False,0.982495028858292,1.2273829690741702,1.2273829690741702,1.205897665620703,0.8292577625028218,202.45132446289062,0.9403614226433815,136.00909801026825,0.8196409897283021,1.0634209102165981,False,False,False,False,False,1.0,1.0,1.0,62.10526315789474,62.88663967611336,63.012145748987855,62.10526315789474,62.88663967611336,63.012145748987855,58.0,60.0,60.0,67.0,66.0,66.0,10.0,7.0,7.0,10.0,7.0,7.0,-0.9917185604719981,-0.12351755615666163,0.03518110482110962,-0.9917185604719981,-0.12351755615666163,0.03518110482110962,7.953541990354383,6.595536434893515,6.4800817599366205
478_1_378,/Users/kvothearcane/Personal/Coding Projects/GrowthNet/rivanna_pull/analysis/synthetic_lollipop_v1/masks/478_1_378_synthetic_lollipop.nii.gz,False,,1.0,323,323.0,1,323,1.0,1.0,0.0,8.51271250919745,10.0,560.0,0.5767857142857142,9.87508940876607,7.310617666187432,6.5578449784994985,False,0.9744451501947508,1.277687123727423,1.277687123727423,1.2450360211824678,0.8031896129802366,243.97079467773438,0.9331424901177221,139.1901419560802,0.755327537701964,1.0716476964561366,False,False,False,False,False,1.0,1.0,1.0,65.70588235294117,65.26315789473684,66.03715170278637,65.70588235294117,65.26315789473684,66.03715170278637,62.0,61.0,63.0,69.0,70.0,69.0,8.0,10.0,7.0,8.0,10.0,7.0,-0.3645531678101698,-0.9300035015229354,0.04684522381897332,-0.3645531678101698,-0.9300035015229354,0.04684522381897332,8.902817595259872,7.150650618770418,6.967916816197927
478_2_486,/Users/kvothearcane/Personal/Coding Projects/GrowthNet/rivanna_pull/analysis/synthetic_lollipop_v1/masks/478_2_486_synthetic_lollipop.nii.gz,False,,1.0,549,549.0,1,549,1.0,1.0,0.0,10.159162506559955,12.0,1200.0,0.4575,12.485833097801702,8.747626272584359,8.562208195587514,False,0.9851880613599635,1.3458246557168674,1.3458246557168674,1.3258903834961409,0.754210161297931,380.5555114746094,0.8520158448487484,182.85606065754902,0.6931794380229679,1.1736870928468732,False,False,False,False,False,1.0,1.0,1.0,67.61020036429872,68.99271402550092,67.66666666666667,67.61020036429872,68.99271402550092,67.66666666666667,63.0,63.0,63.0,72.0,74.0,72.0,10.0,12.0,10.0,10.0,12.0,10.0,-0.35327595673417456,0.8899273947834387,-0.2884880073894154,-0.35327595673417456,0.8899273947834387,-0.2884880073894154,11.071631724050626,8.350337148427512,8.226652466961387
483_2_812,/Users/kvothearcane/Personal/Coding Projects/GrowthNet/rivanna_pull/analysis/synthetic_lollipop_v1/masks/483_2_812_synthetic_lollipop.nii.gz,False,,1.0,65,65.0,1,65,1.0,1.0,0.0,4.988518396225169,5.0,125.0,0.52,4.512950016768487,4.242640687119286,4.056200765723812,False,0.9782767570721881,1.0643357061717675,1.0643357061717675,1.0412148830698538,0.960416544423243,82.32171630859375,0.9496828877257198,132.04335053616734,1.2664879432091347,1.0529830672160245,False,False,False,False,False,1.0,1.0,1.0,50.815384615384616,51.06153846153846,51.06153846153846,50.815384615384616,51.06153846153846,51.06153846153846,49.0,49.0,49.0,53.0,53.0,53.0,5.0,5.0,5.0,5.0,5.0,5.0,-0.8427976632897003,0.38058645453656187,0.380586454536562,-0.8427976632897003,0.38058645453656187,0.380586454536562,4.656454515457376,4.47213595499958,4.374986659242921
483_3_1995,/Users/kvothearcane/Personal/Coding Projects/GrowthNet/rivanna_pull/analysis/synthetic_lollipop_v1/masks/483_3_1995_synthetic_lollipop.nii.gz,False,,1.0,70,70.0,1,70,1.0,1.0,0.0,5.113282717745438,6.0,150.0,0.4666666666666667,5.0,4.242640687119285,4.242640687119285,False,0.9999999999999996,1.0211260513268738,1.0211260513268738,1.0211260513268734,0.9793110250204451,84.75711059570312,0.969110594712366,124.26028604582336,1.2108158656529018,1.0318739733691613,False,False,False,False,False,1.0,1.0,1.0,49.72857142857143,50.0,50.0,49.72857142857143,50.0,50.0,47.0,48.0,48.0,52.0,52.0,52.0,6.0,5.0,5.0,6.0,5.0,5.0,1.0,0.0,0.0,1.0,0.0,0.0,4.6648325292426005,4.568321925761286,4.568321925761285
492_1_391,/Users/kvothearcane/Personal/Coding Projects/GrowthNet/rivanna_pull/analysis/synthetic_lollipop_v1/masks/492_1_391_synthetic_lollipop.nii.gz,False,,1.0,9,9.0,1,9,1.0,1.0,0.0,2.5807620414842987,3.0,27.0,0.3333333333333333,2.0412414523193148,1.4142135623730947,1.1547005383792512,False,0.8164965809277259,1.4719601443879744,1.4719601443879744,1.201850425154663,0.8320502943378438,19.440126419067383,1.0763331408508956,90.70103347390925,2.1600140465630426,0.9290803767404668,False,False,False,False,False,1.0,1.0,1.0,33.888888888888886,33.888888888888886,34.22222222222222,33.888888888888886,33.888888888888886,34.22222222222222,33.0,33.0,33.0,35.0,35.0,35.0,3.0,3.0,3.0,3.0,3.0,3.0,-0.408248290463863,-0.4082482904638631,0.816496580927726,-0.408248290463863,-0.4082482904638631,0.816496580927726,2.9439202887759484,2.449489742783178,1.9999999999999996
492_2_757,/Users/kvothearcane/Personal/Coding Projects/GrowthNet/rivanna_pull/analysis/synthetic_lollipop_v1/masks/492_2_757_synthetic_lollipop.nii.gz,False,,1.0,44,44.0,1,44,1.0,1.0,0.0,4.380106645730805,4.0,64.0,0.6875,3.8562085161451938,3.702333847877693,3.4528812611351176,False,0.9733496142422611,1.105437585933197,1.105437585933197,1.0759772478369738,0.9293876817658459,60.898033142089844,0.9897282712996862,116.6552921487167,1.3840462077747693,1.0103783321121313,False,False,False,False,False,1.0,1.0,1.0,45.56818181818182,46.36363636363637,46.18181818181818,45.56818181818182,46.36363636363637,46.18181818181818,44.0,45.0,45.0,47.0,48.0,48.0,4.0,4.0,4.0,4.0,4.0,4.0,-0.7147973023110515,0.6757194683402509,0.18018883626576898,-0.7147973023110515,0.6757194683402509,0.18018883626576898,4.173012504986519,3.8783464179893063,3.774986989847746
493_1_262,/Users/kvothearcane/Personal/Coding Projects/GrowthNet/rivanna_pull/analysis/synthetic_lollipop_v1/masks/493_1_262_synthetic_lollipop.nii.gz,False,,1.0,337,337.0,1,337,1.0,1.0,0.0,8.633967830729006,10.0,560.0,0.6017857142857143,9.88185661672405,7.3420229071841545,6.474566572698405,False,0.9669097577162091,1.276058648035746,1.276058648035746,1.2338335582039166,0.8104820892176846,251.92430114746094,0.9296097339935055,140.78305516373663,0.7475498550369761,1.0757202333758977,False,False,False,False,False,1.0,1.0,1.0,65.19287833827893,65.973293768546,65.59940652818992,65.19287833827893,65.973293768546,65.59940652818992,61.0,63.0,62.0,70.0,69.0,69.0,10.0,7.0,8.0,10.0,7.0,8.0,-0.9059788770330774,-0.043874111196257025,-0.42104315305752515,-0.9059788770330774,-0.043874111196257025,-0.42104315305752515,9.001346714103017,7.295430290618953,7.054022734737865
493_2_537,/Users/kvothearcane/Personal/Coding Projects/GrowthNet/rivanna_pull/analysis/synthetic_lollipop_v1/masks/493_2_537_synthetic_lollipop.nii.gz,False,,1.0,342,342.0,1,342,1.0,1.0,0.0,8.676458514270498,10.0,560.0,0.6107142857142858,9.836253022316917,7.610485563210744,6.0,False,0.9599014506141731,1.286264585788948,1.286264585788948,1.2346872417724497,0.8099217082412341,253.19564819335938,0.9340682816360656,138.77668168223468,0.740338152612162,1.0705855446118477,False,False,False,False,False,1.0,1.0,1.0,63.0,63.865497076023395,63.37719298245614,63.0,63.865497076023395,63.37719298245614,60.0,59.0,60.0,66.0,68.0,67.0,7.0,10.0,8.0,7.0,10.0,8.0,-0.0,-0.9331831858922252,-0.35940108732172305,-0.0,-0.9331831858922252,-0.35940108732172305,9.071227252058655,7.346983871831782,7.052380476210261
495_0_0,/Users/kvothearcane/Personal/Coding Projects/GrowthNet/rivanna_pull/analysis/synthetic_lollipop_v1/masks/495_0_0_synthetic_lollipop.nii.gz,False,,1.0,2107,2107.0,1,2107,1.0,1.0,0.0,15.905792203135972,19.0,4788.0,0.44005847953216376,21.31425458853192,13.524620570863984,13.003280768366666,False,0.9958688874905964,1.5038021531884136,1.5038021531884136,1.4975897773017088,0.6677396007615355,929.2158203125,0.8553500523781952,180.7260324781374,0.44101367836378735,1.1691119877991747,False,False,False,False,False,1.0,1.0,1.0,87.66018035121026,86.265780730897,86.15092548647365,87.66018035121026,86.265780730897,86.15092548647365,81.0,78.0,78.0,94.0,96.0,95.0,14.0,19.0,18.0,14.0,19.0,18.0,-0.1407207448887412,-0.6804361264840019,-0.7191692079986498,-0.1407207448887412,-0.6804361264840019,-0.7191692079986498,18.761825934981843,12.528014159382199,12.47625952337039
500_1_346,/Users/kvothearcane/Personal/Coding Projects/GrowthNet/rivanna_pull/analysis/synthetic_lollipop_v1/masks/500_1_346_synthetic_lollipop.nii.gz,False,,1.0,66,66.0,1,66,1.0,1.0,0.0,5.013970461270554,5.0,125.0,0.528,5.070156669292581,4.393847184446196,4.120671435951463,False,0.9482359189366776,1.18084696792761,1.18084696792761,1.1197215097564268,0.8930792087914166,82.95738983154297,0.9520468838473709,131.06217347615288,1.2569301489627722,1.0503684397966233,False,False,False,False,False,1.0,1.0,1.0,47.96969696969697,48.21212121212121,47.833333333333336,47.96969696969697,48.21212121212121,47.833333333333336,46.0,46.0,46.0,50.0,50.0,50.0,5.0,5.0,5.0,5.0,5.0,5.0,0.1502522041256275,-0.7296163565535118,0.6671463463176349,0.1502522041256275,-0.7296163565535118,0.6671463463176349,4.967914081659654,4.43674077739234,4.207076968134455
502_0_0,/Users/kvothearcane/Personal/Coding Projects/GrowthNet/rivanna_pull/analysis/synthetic_lollipop_v1/masks/502_0_0_synthetic_lollipop.nii.gz,False,,1.0,2757,2757.0,1,2757,1.0,1.0,0.0,17.3972010044477,23.0,5888.0,0.46824048913043476,23.414926926050974,14.68367233470423,14.651741499765308,False,0.996492404770697,1.5534933124303982,1.5534933124303982,1.5480442866989634,0.6459763513176949,1124.058349609375,0.8459014692335222,186.84997136172262,0.4077106817589318,1.1821707803700916,False,False,False,False,False,1.0,1.0,1.0,96.84911135291983,98.6278563656148,99.58251722887196,96.84911135291983,98.6278563656148,99.58251722887196,87.0,91.0,92.0,109.0,106.0,107.0,23.0,16.0,16.0,23.0,16.0,16.0,-0.9509403910648748,-0.1525319083427278,0.2691586698932599,-0.9509403910648748,-0.1525319083427278,0.2691586698932599,20.98473020691099,13.555639452446577,13.508091756173025
502_1_71,/Users/kvothearcane/Personal/Coding Projects/GrowthNet/rivanna_pull/analysis/synthetic_lollipop_v1/masks/502_1_71_synthetic_lollipop.nii.gz,False,,1.0,2221,2221.0,1,2221,1.0,1.0,0.0,16.18763159894112,21.0,4998.0,0.4443777511004402,21.60106205962672,13.741997834562696,13.570106740775465,False,0.99602192273355,1.5174680618193706,1.5174680618193706,1.511431456620083,0.6616244458986157,973.5594482421875,0.8455786733957662,187.0640404576529,0.4383428402711335,1.1826220687237676,False,False,False,False,False,1.0,1.0,1.0,88.28410625844214,88.88113462404323,89.59252588923908,88.28410625844214,88.88113462404323,89.59252588923908,79.0,81.0,83.0,99.0,97.0,96.0,21.0,17.0,14.0,21.0,17.0,14.0,-0.8327380666690903,-0.5266658652296984,-0.17079338020567159,-0.8327380666690902,-0.5266658652296983,-0.17079338020567156,19.24157395224612,12.730695704372076,12.68005201320442
502_2_314,/Users/kvothearcane/Personal/Coding Projects/GrowthNet/rivanna_pull/analysis/synthetic_lollipop_v1/masks/502_2_314_synthetic_lollipop.nii.gz,False,,1.0,956,956.0,1,956,1.0,1.0,0.0,12.222304237932999,14.0,2184.0,0.43772893772893773,16.366981291769164,10.173278817715573,10.134344722396992,False,0.9930016847305156,1.5290622188440035,1.5290622188440035,1.518361359369876,0.6586047476965581,549.461669921875,0.854119527129769,181.5082713306997,0.5747507007550994,1.1707963209323358,False,False,False,False,False,1.0,1.0,1.0,69.9581589958159,69.88807531380753,70.44246861924687,69.9581589958159,69.88807531380753,70.44246861924687,64.0,64.0,65.0,76.0,77.0,76.0,13.0,14.0,12.0,13.0,14.0,12.0,-0.6322870395860286,-0.6912130173295382,-0.349910937590884,-0.6322870395860286,-0.6912130173295382,-0.349910937590884,14.567204406802853,9.594029982986582,9.526887936460756
508_0_0,/Users/kvothearcane/Personal/Coding Projects/GrowthNet/rivanna_pull/analysis/synthetic_lollipop_v1/masks/508_0_0_synthetic_lollipop.nii.gz,False,,1.0,36,36.0,1,36,1.0,1.0,0.0,4.096704379531774,4.0,48.0,0.75,3.423241871434059,3.423241871434059,2.0,False,0.8858287052873987,1.3769785712219045,1.3769785712219045,1.2197671449539917,0.8198286075640436,53.77708053588867,0.9804419917706031,120.00149670568624,1.4938077926635742,1.0199481543972597,False,False,False,False,False,1.0,1.0,1.0,43.583333333333336,43.833333333333336,44.0,43.583333333333336,43.833333333333336,44.0,42.0,42.0,43.0,45.0,45.0,45.0,4.0,4.0,3.0,4.0,4.0,3.0,-0.9641321340741518,-0.26542273460580185,-0.0,-0.9641321340741518,-0.26542273460580185,-0.0,4.366811962102721,3.5800373703846833,3.1712998686883673
508_1_260,/Users/kvothearcane/Personal/Coding Projects/GrowthNet/rivanna_pull/analysis/synthetic_lollipop_v1/masks/508_1_260_synthetic_lollipop.nii.gz,False,,1.0,22,22.0,1,22,1.0,1.0,0.0,3.476492948582991,4.0,36.0,0.6111111111111112,3.157062666364996,2.5982645345774804,2.0,False,0.9646301510729668,1.1942222869267263,1.1942222869267263,1.151982825052832,0.8680684974223799,38.02724838256836,0.9984761071874061,113.61596003221808,1.7285112901167436,1.0015262186061582,False,False,False,False,False,1.0,1.0,1.0,40.90909090909091,41.18181818181818,41.0,40.90909090909091,41.18181818181818,41.0,40.0,40.0,40.0,42.0,43.0,42.0,3.0,4.0,3.0,3.0,4.0,3.0,-0.3701670677506124,0.9289651995381277,0.0,-0.3701670677506124,0.9289651995381277,0.0,3.483268651094195,3.0237157840738176,2.916767413592841
521_1_93,/Users/kvothearcane/Personal/Coding Projects/GrowthNet/rivanna_pull/analysis/synthetic_lollipop_v1/masks/521_1_93_synthetic_lollipop.nii.gz,False,,1.0,51,51.0,1,51,1.0,1.0,0.0,4.601052455660459,5.0,125.0,0.408,4.348461934861332,4.317401754834972,4.118418387276805,False,0.9811973921348407,1.100232815801458,1.100232815801458,1.0795455696055631,0.9263156907451094,69.58492279052734,0.9557605314893537,129.5403591758325,1.3644102507946538,1.046287189157841,False,False,False,False,False,1.0,1.0,1.0,48.666666666666664,48.90196078431372,48.588235294117645,48.666666666666664,48.90196078431372,48.588235294117645,47.0,47.0,47.0,51.0,51.0,51.0,5.0,5.0,5.0,5.0,5.0,5.0,-0.6375678435691485,-0.2296542724231911,-0.7353680439102317,-0.6375678435691485,-0.2296542724231911,-0.7353680439102317,4.397351490197438,4.073335683091276,3.99674634953895
521_2_457,/Users/kvothearcane/Personal/Coding Projects/GrowthNet/rivanna_pull/analysis/synthetic_lollipop_v1/masks/521_2_457_synthetic_lollipop.nii.gz,False,,1.0,70,70.0,1,70,1.0,1.0,0.0,5.113282717745438,5.0,125.0,0.56,4.949747468305834,4.242640687119286,4.0,False,0.9883036912035246,1.1269729487484976,1.1269729487484976,1.1137915251346608,0.8978340896238162,87.05036926269531,0.9435803035783744,134.62191778554234,1.2435767037527903,1.0597932112483306,False,False,False,False,False,1.0,1.0,1.0,49.77142857142857,49.77142857142857,50.0,49.77142857142857,49.77142857142857,50.0,48.0,48.0,48.0,52.0,52.0,52.0,5.0,5.0,5.0,5.0,5.0,5.0,-0.7071067811865472,-0.7071067811865478,-1.5180451948600038e-17,-0.7071067811865472,-0.7071067811865478,-1.5180451948600038e-17,4.973803007368472,4.4656498950888714,4.413418274938964
525_0_0,/Users/kvothearcane/Personal/Coding Projects/GrowthNet/rivanna_pull/analysis/synthetic_lollipop_v1/masks/525_0_0_synthetic_lollipop.nii.gz,False,,1.0,2587,2587.0,1,2587,1.0,1.0,0.0,17.03201125697,21.0,5985.0,0.4322472848788638,22.737373685936397,14.490286637160159,14.149803037681359,False,0.9980836168346637,1.5485645593870325,1.5485645593870325,1.5455969163349867,0.6469992204508668,1092.9749755859375,0.8338184969553382,195.09125313159385,0.42248742774871956,1.1993017708907494,False,False,False,False,False,1.0,1.0,1.0,95.30614611519134,97.08658678005412,98.30034789331272,95.30614611519134,97.08658678005412,98.30034789331272,86.0,90.0,89.0,106.0,104.0,107.0,21.0,15.0,19.0,21.0,15.0,19.0,-0.8028446906147332,0.04785751648586346,0.5942643021985577,-0.8028446906147332,0.04785751648586346,0.5942643021985577,20.53364496437392,13.285252284964793,13.25979265113864
525_1_371,/Users/kvothearcane/Personal/Coding Projects/GrowthNet/rivanna_pull/analysis/synthetic_lollipop_v1/masks/525_1_371_synthetic_lollipop.nii.gz,False,,1.0,3472,3472.0,1,3472,1.0,1.0,0.0,18.787126720642423,23.0,8211.0,0.42284739982949704,25.282961592706243,15.90579604966659,15.822645636824447,False,0.9985571093578496,1.5466997454224982,1.5466997454224982,1.5444680268336117,0.6474721280246559,1323.10498046875,0.8380622873675401,192.14251883897418,0.381078623406898,1.193228731412228,False,False,False,False,False,1.0,1.0,1.0,103.62039170506912,107.04176267281106,104.4432603686636,103.62039170506912,107.04176267281106,104.4432603686636,94.0,95.0,96.0,114.0,117.0,112.0,21.0,23.0,17.0,21.0,23.0,17.0,-0.5543082758235741,0.8109172250616826,-0.18749823852974418,-0.5543082758235741,0.8109172250616826,-0.18749823852974418,22.63863982803919,14.657888305044265,14.636738575175231
525_3_465,/Users/kvothearcane/Personal/Coding Projects/GrowthNet/rivanna_pull/analysis/synthetic_lollipop_v1/masks/525_3_465_synthetic_lollipop.nii.gz,False,,1.0,3123,3123.0,1,3123,1.0,1.0,0.0,18.135287880038305,24.0,6936.0,0.45025951557093424,24.769523347994348,15.296427312709682,15.235271538575308,False,0.9965183648539545,1.5775762964354516,1.5775762964354516,1.5720837513562136,0.6360984261413011,1225.0113525390625,0.8434486883392677,188.4848168403625,0.3922546758050152,1.1856085780025083,False,False,False,False,False,1.0,1.0,1.0,102.73294908741595,104.42843419788665,105.55171309638169,102.73294908741595,104.42843419788665,105.55171309638169,92.0,96.0,98.0,115.0,112.0,114.0,24.0,17.0,17.0,24.0,17.0,17.0,-0.9336760353647667,-0.2564915594041234,0.24992226979597496,-0.9336760353647667,-0.2564915594041234,0.24992226979597496,22.115133918042094,14.067401879170681,14.018424318374615
527_0_0,/Users/kvothearcane/Personal/Coding Projects/GrowthNet/rivanna_pull/analysis/synthetic_lollipop_v1/masks/527_0_0_synthetic_lollipop.nii.gz,False,,1.0,200,200.0,1,200,1.0,1.0,0.0,7.255663357195618,8.0,392.0,0.5102040816326531,7.3490693029933345,6.361845180981558,5.949813679713929,False,0.9769743751469209,1.1954986081229666,1.1954986081229666,1.167971505659949,0.85618527091974,180.71315002441406,0.9151965312647594,147.53982949664874,0.9035657501220703,1.09266148399628,False,False,False,False,False,1.0,1.0,1.0,59.85,59.86,60.7,59.85,59.86,60.7,57.0,57.0,57.0,63.0,63.0,64.0,7.0,7.0,8.0,7.0,7.0,8.0,-0.2555254345008727,-0.22458200518030844,0.940356142784388,-0.2555254345008726,-0.2245820051803084,0.9403561427843878,7.275455440047997,6.22913778700199,6.085707997160343
527_1_267,/Users/kvothearcane/Personal/Coding Projects/GrowthNet/rivanna_pull/analysis/synthetic_lollipop_v1/masks/527_1_267_synthetic_lollipop.nii.gz,False,,1.0,490,490.0,1,490,1.0,1.0,0.0,9.781357957106398,12.0,1080.0,0.4537037037037037,12.090300325048005,8.639145612495586,8.552338841919346,False,0.9974004826274547,1.300316088275589,1.300316088275589,1.2969358940143165,0.771048133230987,341.28924560546875,0.8806950886596707,165.56771310377945,0.6965086645009566,1.1354667612849974,False,False,False,False,False,1.0,1.0,1.0,70.8061224489796,69.66122448979591,71.37142857142857,70.8061224489796,69.66122448979591,71.37142857142857,67.0,65.0,67.0,75.0,76.0,76.0,9.0,12.0,10.0,9.0,12.0,10.0,-0.12215662484163069,-0.956519889166457,0.26485365890674395,-0.12215662484163069,-0.956519889166457,0.26485365890674395,10.469430108882422,8.07243454144608,8.051450107616857
527_2_591,/Users/kvothearcane/Personal/Coding Projects/GrowthNet/rivanna_pull/analysis/synthetic_lollipop_v1/masks/527_2_591_synthetic_lollipop.nii.gz,False,,1.0,2360,2360.0,1,2360,1.0,1.0,0.0,16.518519748328355,20.0,6080.0,0.3881578947368421,22.1232228968254,14.162211638581446,14.0841384620731,False,0.9973971814436252,1.5239813202795092,1.5239813202795092,1.5200146734195172,0.6578883858734991,1030.96875,0.8314700781390135,196.74898402519523,0.4368511652542373,1.202689100055396,False,False,False,False,False,1.0,1.0,1.0,91.74957627118644,91.63220338983051,93.70042372881356,91.74957627118644,91.63220338983051,93.70042372881356,83.0,83.0,86.0,101.0,102.0,101.0,19.0,20.0,16.0,19.0,20.0,16.0,-0.6262990576417782,-0.7049575208889619,0.33284288206165585,-0.6262990576417782,-0.7049575208889619,0.33284288206165585,19.685577456446758,12.9509127778095,12.917203901709426
527_3_625,/Users/kvothearcane/Personal/Coding Projects/GrowthNet/rivanna_pull/analysis/synthetic_lollipop_v1/masks/527_3_625_synthetic_lollipop.nii.gz,False,,1.0,2842,2842.0,1,2842,1.0,1.0,0.0,17.57418324396812,22.0,6358.0,0.44699591066373073,23.318407543524444,14.407962645090713,14.116137929523658,False,0.9964532059628803,1.5491167627340676,1.5491167627340676,1.5436223646372003,0.647826840883477,1151.323974609375,0.842757498259954,188.94895645427485,0.4051104766394704,1.1865809584188873,False,False,False,False,False,1.0,1.0,1.0,95.93420126671359,99.01724137931035,96.95601688951443,95.93420126671359,99.01724137931035,96.95601688951443,86.0,91.0,89.0,107.0,107.0,105.0,22.0,17.0,17.0,22.0,17.0,17.0,-0.8173956559156621,0.41672983537643826,-0.39774437267839696,-0.8173956559156621,0.41672983537643826,-0.39774437267839696,21.14668765929031,13.69939186146765,13.650802940101231
528_0_0,/Users/kvothearcane/Personal/Coding Projects/GrowthNet/rivanna_pull/analysis/synthetic_lollipop_v1/masks/528_0_0_synthetic_lollipop.nii.gz,False,,1.0,43,43.0,1,43,1.0,1.0,0.0,4.34666941315382,5.0,125.0,0.344,4.0940255696909045,3.655729682242523,3.543998534347792,False,0.9334994407901958,1.2268231231143503,1.2268231231143503,1.1452386993757275,0.8731804125594975,62.4619140625,0.95027172329181,131.7980407467122,1.452602652616279,1.052330586598881,False,False,False,False,False,1.0,1.0,1.0,45.651162790697676,45.81395348837209,45.906976744186046,45.651162790697676,45.81395348837209,45.906976744186046,44.0,44.0,44.0,48.0,48.0,48.0,5.0,5.0,5.0,5.0,5.0,5.0,-0.8554971134783169,-0.4814622692325988,-0.19057484654503726,-0.8554971134783168,-0.48146226923259877,-0.19057484654503723,4.410231710653416,3.850927944591328,3.5948390827993424
528_1_488,/Users/kvothearcane/Personal/Coding Projects/GrowthNet/rivanna_pull/analysis/synthetic_lollipop_v1/masks/528_1_488_synthetic_lollipop.nii.gz,False,,1.0,25,25.0,1,25,1.0,1.0,0.0,3.6278316785978095,4.0,36.0,0.6944444444444444,3.2878882861099767,2.82842712474619,2.694659621552141,False,0.8813429656304876,1.3985161163439348,1.3985161163439348,1.2325723414605958,0.8113114065296987,41.78254318237305,0.9895762408141583,116.70906633447208,1.6713017272949218,1.010533558462626,False,False,False,False,False,1.0,1.0,1.0,40.92,40.64,40.92,40.92,40.64,40.92,40.0,39.0,40.0,42.0,42.0,42.0,3.0,4.0,3.0,3.0,4.0,3.0,0.21488507451316718,0.9527060456945475,0.2148850745131671,0.21488507451316718,0.9527060456945475,0.2148850745131671,3.8977359799422735,3.1622776601683795,2.787051171159839
528_2_838,/Users/kvothearcane/Personal/Coding Projects/GrowthNet/rivanna_pull/analysis/synthetic_lollipop_v1/masks/528_2_838_synthetic_lollipop.nii.gz,False,,1.0,41,41.0,1,41,1.0,1.0,0.0,4.278206515598402,4.0,64.0,0.640625,4.029375014885953,3.4730574319925998,3.141292169197274,False,0.9243205980586182,1.2058516734412896,1.2058516734412896,1.1145935399652385,0.8971880458155066,58.801658630371094,0.977875996496219,120.94864743025659,1.4341867958627097,1.022624549107507,False,False,False,False,False,1.0,1.0,1.0,45.73170731707317,45.5609756097561,46.19512195121951,45.73170731707317,45.5609756097561,46.19512195121951,44.0,44.0,45.0,47.0,47.0,48.0,4.0,4.0,4.0,4.0,4.0,4.0,0.4971353361949761,0.8170962687639552,-0.29190776810206776,0.4971353361949761,0.8170962687639552,-0.29190776810206776,4.25048815818375,3.8134871644028308,3.5248847364896885
528_3_1394,/Users/kvothearcane/Personal/Coding Projects/GrowthNet/rivanna_pull/analysis/synthetic_lollipop_v1/masks/528_3_1394_synthetic_lollipop.nii.gz,False,,1.0,87,87.0,1,87,1.0,1.0,0.0,5.497605134632529,5.0,125.0,0.696,5.3747155439955066,4.664959364206428,4.663972081524289,False,0.9702378414802144,1.1411519547654716,1.1411519547654716,1.1071888093925784,0.9031883193875633,96.89317321777344,0.9799496912957912,120.18244419074585,1.113714634687051,1.0204605490284875,False,False,False,False,False,1.0,1.0,1.0,52.89655172413793,53.12643678160919,53.06896551724138,52.89655172413793,53.12643678160919,53.06896551724138,51.0,51.0,51.0,55.0,55.0,55.0,5.0,5.0,5.0,5.0,5.0,5.0,-0.5886711457186843,0.7001546047149283,0.40404184398986975,-0.5886711457186843,0.7001546047149283,0.40404184398986975,5.307963189629552,4.794090352612565,4.651407875579935
528_4_1772,/Users/kvothearcane/Personal/Coding Projects/GrowthNet/rivanna_pull/analysis/synthetic_lollipop_v1/masks/528_4_1772_synthetic_lollipop.nii.gz,False,,1.0,49,49.0,1,49,1.0,1.0,0.0,4.540104187127455,5.0,125.0,0.392,4.024997734364906,4.013866024770168,3.582030292815909,False,0.9282647362098869,1.1139180091003071,1.1139180091003071,1.034010806876939,0.9671078806423087,68.21514129638672,0.9492939829617026,132.20570275720556,1.3921457407425861,1.0534144511061785,False,False,False,False,False,1.0,1.0,1.0,46.53061224489796,47.142857142857146,47.06122448979592,46.53061224489796,47.142857142857146,47.06122448979592,45.0,45.0,45.0,49.0,49.0,49.0,5.0,5.0,5.0,5.0,5.0,5.0,-0.7440844413024116,0.6028362835938054,0.28797006683766124,-0.7440844413024116,0.6028362835938054,0.28797006683766124,4.31362167943173,4.1717375202879365,3.872476828806969
532_0_0,/Users/kvothearcane/Personal/Coding Projects/GrowthNet/rivanna_pull/analysis/synthetic_lollipop_v1/masks/532_0_0_synthetic_lollipop.nii.gz,False,,1.0,1019,1019.0,1,1019,1.0,1.0,0.0,12.485095075327349,17.0,2244.0,0.45409982174688057,16.600879971500696,10.452406694368765,10.287011070925692,False,0.9921492165550836,1.5677266142566808,1.5677266142566808,1.5554187321073198,0.6429136922153273,580.0045166015625,0.8443105286015707,187.90821129625672,0.5691899083430446,1.1843983535966291,False,False,False,False,False,1.0,1.0,1.0,72.70166830225712,74.21589793915604,73.63101079489695,72.70166830225712,74.21589793915604,73.63101079489695,65.0,69.0,68.0,81.0,79.0,79.0,17.0,11.0,12.0,17.0,11.0,12.0,-0.9519993779890762,0.13505527452678356,-0.27469484365547747,-0.9519993779890762,0.13505527452678356,-0.27469484365547747,15.141975827742272,9.73498358684902,9.658556338868854
532_1_355,/Users/kvothearcane/Personal/Coding Projects/GrowthNet/rivanna_pull/analysis/synthetic_lollipop_v1/masks/532_1_355_synthetic_lollipop.nii.gz,False,,1.0,1606,1606.0,1,1606,1.0,1.0,0.0,14.529443245955857,19.0,3705.0,0.43346828609986504,19.28383674707113,12.18752951618163,12.145450203025051,False,0.9938510456412946,1.535494639631945,1.535494639631945,1.5260529531748113,0.6552852559405576,778.290771484375,0.8521301614363251,182.78247796680586,0.48461442807246263,1.173529638141701,False,False,False,False,False,1.0,1.0,1.0,82.47260273972603,84.32876712328768,84.86799501867995,82.47260273972603,84.32876712328768,84.86799501867995,74.0,78.0,78.0,92.0,90.0,92.0,19.0,13.0,15.0,19.0,13.0,15.0,-0.8394921781298729,0.19642450652514262,0.5066263870892594,-0.8394921781298729,0.19642450652514262,0.5066263870892594,17.388526546746114,11.394445068613708,11.324381145944026
532_2_624,/Users/kvothearcane/Personal/Coding Projects/GrowthNet/rivanna_pull/analysis/synthetic_lollipop_v1/masks/532_2_624_synthetic_lollipop.nii.gz,False,,1.0,3645,3645.0,1,3645,1.0,1.0,0.0,19.09411952304699,22.0,8778.0,0.41524265208475736,25.870381954097308,16.001262761797456,15.938320506389426,False,0.9991289844784289,1.579828504492133,1.579828504492133,1.5784524493432999,0.6335319131191063,1360.3544921875,0.8419708406567822,189.47905931281687,0.37321110896776405,1.1876895869932345,False,False,False,False,False,1.0,1.0,1.0,103.62798353909464,106.64581618655693,103.0477366255144,103.62798353909464,106.64581618655693,103.0477366255144,94.0,96.0,93.0,112.0,116.0,114.0,19.0,21.0,22.0,19.0,21.0,22.0,-0.4627076750830171,0.5674246975850294,-0.681124672868196,-0.4627076750830171,0.5674246975850294,-0.681124672868196,23.33128178161075,14.781111582624808,14.768237005010267
534_0_0,/Users/kvothearcane/Personal/Coding Projects/GrowthNet/rivanna_pull/analysis/synthetic_lollipop_v1/masks/534_0_0_synthetic_lollipop.nii.gz,False,,1.0,888,888.0,1,888,1.0,1.0,0.0,11.925358614181349,17.0,2057.0,0.4316966456003889,16.244865100346203,10.0086947688172,9.925793092874041,False,0.9693746477080752,1.6250560607431068,1.6250560607431068,1.5752881463887216,0.6348044973819271,534.689208984375,0.835586373495586,193.8555889376908,0.6021274875950169,1.196764370171102,False,False,False,False,False,1.0,1.0,1.0,72.3108108108108,73.74436936936937,74.009009009009,72.3108108108108,73.74436936936937,74.009009009009,65.0,69.0,69.0,81.0,79.0,79.0,17.0,11.0,11.0,17.0,11.0,11.0,-0.9927052811319523,-0.12052686741165385,0.0030820520218170226,-0.9927052811319523,-0.12052686741165385,0.0030820520218170226,14.741222866934764,9.357794572839493,9.071208817370822
534_1_146,/Users/kvothearcane/Personal/Coding Projects/GrowthNet/rivanna_pull/analysis/synthetic_lollipop_v1/masks/534_1_146_synthetic_lollipop.nii.gz,False,,1.0,1111,1111.0,1,1111,1.0,1.0,0.0,12.850059705498902,17.0,2057.0,0.5401069518716578,16.893541011149445,10.755069252440212,10.604785440348618,False,0.9969311300793882,1.5348321027437266,1.5348321027437266,1.530121902670427,0.6535427002611766,596.0889892578125,0.8702600834107732,171.59521824925886,0.5365337437064019,1.149081773440352,False,False,False,False,False,1.0,1.0,1.0,73.4014401440144,75.23042304230422,74.76237623762377,73.4014401440144,75.23042304230422,74.76237623762377,66.0,70.0,70.0,82.0,80.0,80.0,17.0,11.0,11.0,17.0,11.0,11.0,-0.9769043112562785,0.13524225171734436,-0.1654312546023832,-0.9769043112562785,0.13524225171734436,-0.1654312546023832,15.360672641560637,10.038855475993518,10.008047534385872
537_0_0,/Users/kvothearcane/Personal/Coding Projects/GrowthNet/rivanna_pull/analysis/synthetic_lollipop_v1/masks/537_0_0_synthetic_lollipop.nii.gz,False,,1.0,309,309.0,1,309,1.0,1.0,0.0,8.387900801742607,10.0,560.0,0.5517857142857143,9.472382445866101,7.478398155356362,6.886154667699367,False,0.9817467021363042,1.2450277604829434,1.2450277604829434,1.222301897922278,0.8181284850329068,235.62969970703125,0.9380509213061862,137.01658231967977,0.7625556624823018,1.066040208784778,False,False,False,False,False,1.0,1.0,1.0,64.96440129449839,64.63430420711974,64.45631067961165,64.96440129449839,64.63430420711974,64.45631067961165,62.0,61.0,60.0,68.0,68.0,69.0,7.0,8.0,10.0,7.0,8.0,10.0,0.052237659376312334,0.5412851278074519,0.8392148934315662,0.052237659376312334,0.5412851278074519,0.8392148934315662,8.641376887746986,7.069756581770817,6.94071020905993
537_1_110,/Users/kvothearcane/Personal/Coding Projects/GrowthNet/rivanna_pull/analysis/synthetic_lollipop_v1/masks/537_1_110_synthetic_lollipop.nii.gz,False,,1.0,469,469.0,1,469,1.0,1.0,0.0,9.639579145930556,12.0,972.0,0.4825102880658436,11.791508972727955,8.361974680599195,8.253982215626758,False,0.9852746737788737,1.3330641163352144,1.3330641163352144,1.3134343123485008,0.761362780459069,325.69610595703125,0.8963001177680826,157.06955488408238,0.6944479871152053,1.1156977224215312,False,False,False,False,False,1.0,1.0,1.0,68.00426439232409,69.23880597014926,69.26012793176972,68.00426439232409,69.23880597014926,69.26012793176972,63.0,65.0,65.0,74.0,73.0,73.0,12.0,9.0,9.0,12.0,9.0,9.0,-0.9474544844717592,0.2196657353060502,0.23254454323162607,-0.9474544844717592,0.2196657353060502,0.23254454323162607,10.431897381093036,7.942458395532674,7.825503104660732
540_0_0,/Users/kvothearcane/Personal/Coding Projects/GrowthNet/rivanna_pull/analysis/synthetic_lollipop_v1/masks/540_0_0_synthetic_lollipop.nii.gz,False,,1.0,1802,1802.0,1,1802,1.0,1.0,0.0,15.097975679127673,18.0,4590.0,0.3925925925925926,20.3813837875882,12.74300509230805,12.559781978317922,False,0.9969008756980027,1.5404995057626187,1.5404995057626187,1.535725306307095,0.6511581178568093,842.859375,0.8496346073781478,184.3978240856771,0.46773550221975585,1.176976539463074,False,False,False,False,False,1.0,1.0,1.0,83.3046614872364,86.00943396226415,86.3762486126526,83.3046614872364,86.00943396226415,86.3762486126526,75.0,79.0,78.0,92.0,93.0,94.0,18.0,15.0,17.0,18.0,15.0,17.0,-0.7042123140241676,0.4148026593555987,0.576215038478041,-0.7042123140241676,0.4148026593555987,0.576215038478041,18.134514844144633,11.80843655415959,11.771840741466
540_1_294,/Users/kvothearcane/Personal/Coding Projects/GrowthNet/rivanna_pull/analysis/synthetic_lollipop_v1/masks/540_1_294_synthetic_lollipop.nii.gz,False,,1.0,1249,1249.0,1,1249,1.0,1.0,0.0,13.36148121258032,16.0,2912.0,0.42891483516483514,17.762835757614226,11.217176481378402,11.174677753109489,False,0.9952290936684177,1.5174529401619854,1.5174529401619854,1.5102133143218883,0.6621581140337232,656.7783813476562,0.8539653205369778,181.60661780693908,0.5258433797819506,1.1710077399527123,False,False,False,False,False,1.0,1.0,1.0,74.6293034427542,77.13290632506005,76.93434747798239,74.6293034427542,77.13290632506005,76.93434747798239,68.0,71.0,71.0,83.0,84.0,83.0,16.0,14.0,13.0,16.0,14.0,13.0,-0.6891097625443154,0.5508589236555146,0.47083137256899676,-0.6891097625443154,0.5508589236555146,0.47083137256899676,15.852818459728208,10.497072373412623,10.44699182436323
540_2_663,/Users/kvothearcane/Personal/Coding Projects/GrowthNet/rivanna_pull/analysis/synthetic_lollipop_v1/masks/540_2_663_synthetic_lollipop.nii.gz,False,,1.0,1897,1897.0,1,1897,1.0,1.0,0.0,15.358762905014576,18.0,4590.0,0.4132897603485839,20.55623523282926,12.832291717680956,12.830430745180351,False,0.9968824886467297,1.5316686627491118,1.5316686627491118,1.5268936683035432,0.6549244526706638,883.6634521484375,0.8386397665672901,191.74586967507378,0.4658215351335991,1.1924070856944784,False,False,False,False,False,1.0,1.0,1.0,84.33052187664734,87.27886136004217,85.1222983658408,84.33052187664734,87.27886136004217,85.1222983658408,76.0,79.0,78.0,93.0,95.0,92.0,18.0,17.0,15.0,18.0,17.0,15.0,-0.7213969634358999,0.5614787194228622,-0.40537398631476795,-0.7213969634358999,0.5614787194228622,-0.40537398631476795,18.36265245176817,12.02615010655589,11.98865844706257
540_3_1126,/Users/kvothearcane/Personal/Coding Projects/GrowthNet/rivanna_pull/analysis/synthetic_lollipop_v1/masks/540_3_1126_synthetic_lollipop.nii.gz,False,,1.0,8893,8893.0,1,8893,1.0,1.0,0.0,25.70493776189457,34.0,19550.0,0.4548849104859335,34.811361811305254,22.122618811130337,22.05211362022888,False,0.9964321149279795,1.5447192332225337,1.5447192332225337,1.5392078525298558,0.6496848351938895,2491.668212890625,0.8330916359019697,195.6023421374374,0.2801830892714073,1.2003481452761464,False,False,False,False,False,1.0,1.0,1.0,111.95873158664118,110.94984819520971,114.90217024626111,111.95873158664118,110.94984819520971,114.90217024626111,101.0,99.0,97.0,123.0,123.0,130.0,23.0,25.0,34.0,23.0,25.0,34.0,0.01753148640869023,0.3488995865512151,-0.936996118182297,0.01753148640869023,0.3488995865512151,-0.936996118182297,30.88696176288362,20.06679066255901,19.995194659710705
546_0_0,/Users/kvothearcane/Personal/Coding Projects/GrowthNet/rivanna_pull/analysis/synthetic_lollipop_v1/masks/546_0_0_synthetic_lollipop.nii.gz,False,,1.0,694,694.0,1,694,1.0,1.0,0.0,10.984668354585576,14.0,1540.0,0.45064935064935063,14.14749022350993,9.374663041581842,9.076639224271648,False,0.989155636203462,1.4260662987816304,1.4260662987816304,1.41060151703966,0.7089174284305582,425.07452392578125,0.8917819839752421,159.46900716269423,0.612499314014094,1.1213503053093326,False,False,False,False,False,1.0,1.0,1.0,67.3256484149856,69.30691642651297,67.664265129683,67.3256484149856,69.30691642651297,67.664265129683,62.0,62.0,63.0,72.0,75.0,72.0,11.0,14.0,10.0,11.0,14.0,10.0,-0.45567971848711175,0.8600178071487716,-0.2296200460467791,-0.4556797184871117,0.8600178071487715,-0.22962004604677907,12.465829225265251,8.83724359762954,8.741409313098218
553_0_0,/Users/kvothearcane/Personal/Coding Projects/GrowthNet/rivanna_pull/analysis/synthetic_lollipop_v1/masks/553_0_0_synthetic_lollipop.nii.gz,False,,1.0,4415,4415.0,1,4415,1.0,1.0,0.0,20.35373090905877,28.0,9044.0,0.4881689517912428,28.049397560058285,17.11928234311727,16.711160617178887,False,0.9975758438482033,1.6072925843494503,1.6072925843494503,1.6033962561433626,0.6236761475327957,1551.807373046875,0.8386874006262696,191.71320035639332,0.35148524870823894,1.1923393617851825,False,False,False,False,False,1.0,1.0,1.0,111.78799546998867,112.77168742921857,114.61268403171007,111.78799546998867,112.77168742921857,114.61268403171007,104.0,104.0,100.0,120.0,122.0,127.0,17.0,19.0,28.0,17.0,19.0,28.0,-0.09730379648263236,0.263445899851276,0.9597542545056095,-0.09730379648263236,0.263445899851276,0.9597542545056095,25.12757874765961,15.671471510167295,15.633481416098217
556_1_187,/Users/kvothearcane/Personal/Coding Projects/GrowthNet/rivanna_pull/analysis/synthetic_lollipop_v1/masks/556_1_187_synthetic_lollipop.nii.gz,False,,1.0,371,371.0,2,369,0.9946091644204852,0.9946091644204852,0.005390835579514825,8.915076942846548,10.0,810.0,0.4580246913580247,9.528222778172008,7.820803158713467,7.58039786709656,False,0.9810998005451549,1.2391392404519046,1.2391392404519046,1.2157192616550383,0.8225583253806759,269.0445251464844,0.9247213321182969,143.0275648117368,0.7291179543265159,1.0814068684987068,False,True,False,False,False,1.0,1.0,1.0,70.98644986449864,72.30623306233062,71.82384823848238,70.98644986449864,72.30623306233062,71.82384823848238,67.0,68.0,68.0,76.0,76.0,76.0,10.0,9.0,9.0,10.0,9.0,9.0,-0.9373493414029007,0.31308874922593866,-0.1528124578680862,-0.9373493414029007,0.31308874922593866,-0.1528124578680862,9.13804112193235,7.5165718025164265,7.374507096232201
558_1_307,/Users/kvothearcane/Personal/Coding Projects/GrowthNet/rivanna_pull/analysis/synthetic_lollipop_v1/masks/558_1_307_synthetic_lollipop.nii.gz,False,,1.0,150,150.0,1,150,1.0,1.0,0.0,6.592207650508867,7.0,343.0,0.43731778425655976,6.649632160637376,5.869786238510982,5.790144013015011,False,0.9865441241308768,1.1652881902927787,1.1652881902927787,1.1496082170524438,0.869861562545165,148.21707153320312,0.9211140404905424,144.71453938314218,0.9881138102213541,1.0856419032191136,False,False,False,False,False,1.0,1.0,1.0,57.733333333333334,57.63333333333333,58.1,57.733333333333334,57.63333333333333,58.1,55.0,55.0,55.0,61.0,61.0,61.0,7.0,7.0,7.0,7.0,7.0,7.0,-0.601661594641994,-0.7802746720567778,0.17080621089275655,-0.601661594641994,-0.7802746720567778,0.17080621089275655,6.5289321274861605,5.67926710216644,5.602847589012093
558_2_756,/Users/kvothearcane/Personal/Coding Projects/GrowthNet/rivanna_pull/analysis/synthetic_lollipop_v1/masks/558_2_756_synthetic_lollipop.nii.gz,False,,1.0,233,233.0,1,233,1.0,1.0,0.0,7.634590828237859,8.0,448.0,0.5200892857142857,7.941213423499349,6.694191117330037,6.467921936213765,False,0.9798644024367575,1.2255627914568499,1.2255627914568499,1.2008853522995906,0.8327189586292207,194.0637664794922,0.9435761369837025,134.6237011629093,0.8328917016287218,1.0597978910283443,False,False,False,False,False,1.0,1.0,1.0,60.36909871244635,61.02145922746781,60.502145922746784,60.36909871244635,61.02145922746781,60.502145922746784,57.0,58.0,57.0,64.0,64.0,64.0,8.0,7.0,8.0,8.0,7.0,8.0,-0.7615062157677128,0.019174177398245486,-0.6478739339317783,-0.7615062157677128,0.019174177398245486,-0.6478739339317783,7.781542624445212,6.4798380707569105,6.349362659089172
558_3_1211,/Users/kvothearcane/Personal/Coding Projects/GrowthNet/rivanna_pull/analysis/synthetic_lollipop_v1/masks/558_3_1211_synthetic_lollipop.nii.gz,False,,1.0,452,452.0,2,450,0.995575221238938,0.995575221238938,0.004424778761061947,9.521673181665983,11.0,990.0,0.45656565656565656,10.195391289552866,8.421418898878507,8.30468031102693,False,0.9922679060169398,1.2284280651344603,1.2284280651344603,1.218929743883412,0.8203918273534622,308.69580078125,0.9199447498749805,145.2670568740026,0.6859906684027778,1.0870218022722549,False,True,False,False,False,1.0,1.0,1.0,65.01777777777778,66.6288888888889,65.72444444444444,65.01777777777778,66.6288888888889,65.72444444444444,60.0,62.0,62.0,70.0,71.0,70.0,11.0,10.0,9.0,11.0,10.0,9.0,-0.8224238720730006,0.5111924182085429,-0.24960225602056366,-0.8224238720730006,0.5111924182085429,-0.24960225602056366,9.749796072459477,7.998653016208639,7.936806679349426
558_4_1655,/Users/kvothearcane/Personal/Coding Projects/GrowthNet/rivanna_pull/analysis/synthetic_lollipop_v1/masks/558_4_1655_synthetic_lollipop.nii.gz,False,,1.0,1467,1467.0,1,1467,1.0,1.0,0.0,14.09755606786161,17.0,3332.0,0.4402761104441777,18.833115103907154,11.826458081555568,11.77544002155572,False,0.9927976716241642,1.5308007684245477,1.5308007684245477,1.5197754386123723,0.6579919470951892,749.4810791015625,0.8330611093022605,195.6238458175636,0.5108937144523262,1.2003921307016252,False,False,False,False,False,1.0,1.0,1.0,82.22835719154737,84.47648261758691,82.35787321063394,82.22835719154737,84.47648261758691,82.35787321063394,76.0,76.0,76.0,89.0,92.0,89.0,14.0,17.0,14.0,14.0,17.0,14.0,-0.43740022372752263,0.8196052651823706,-0.3700381785281744,-0.43740022372752263,0.8196052651823706,-0.3700381785281744,16.82224727168515,11.068903236812845,10.989181360940968
558_5_1775,/Users/kvothearcane/Personal/Coding Projects/GrowthNet/rivanna_pull/analysis/synthetic_lollipop_v1/masks/558_5_1775_synthetic_lollipop.nii.gz,False,,1.0,1783,1783.0,1,1783,1.0,1.0,0.0,15.04472453356564,18.0,4284.0,0.4161998132586368,20.04203776535813,12.812226864985625,12.76989282497467,False,0.9984960247553258,1.5438882881312985,1.5438882881312985,1.5415663183654065,0.6486908724500065,849.7626953125,0.8367981120375837,193.01466101639267,0.47659152849831743,1.1950313768813645,False,False,False,False,False,1.0,1.0,1.0,84.91699383062254,84.86651710600113,86.57206954570948,84.91699383062254,84.86651710600113,86.57206954570948,77.0,77.0,80.0,93.0,94.0,93.0,17.0,18.0,14.0,17.0,18.0,14.0,-0.6477463510628066,-0.6796115451599054,0.34431499004572136,-0.6477463510628066,-0.6796115451599054,0.34431499004572136,18.094756271954008,11.737903232824072,11.720249716937523
560_0_0,/Users/kvothearcane/Personal/Coding Projects/GrowthNet/rivanna_pull/analysis/synthetic_lollipop_v1/masks/560_0_0_synthetic_lollipop.nii.gz,False,,1.0,2326,2326.0,1,2326,1.0,1.0,0.0,16.43880949980796,20.0,5440.0,0.4275735294117647,22.120098341939688,14.035421287682585,12.852062972576219,False,0.9931413148203366,1.5363087527210908,1.5363087527210908,1.5257716946474154,0.6554060502682783,991.6495971679688,0.8561154965470329,180.2417098349769,0.4263325869165816,1.1680666966470012,False,False,False,False,False,1.0,1.0,1.0,93.83490971625108,93.1530524505589,96.1414445399828,93.83490971625108,93.1530524505589,96.1414445399828,86.0,84.0,88.0,101.0,103.0,104.0,16.0,20.0,17.0,16.0,20.0,17.0,-0.4583277508380409,-0.7520337929453969,0.47368855493868856,-0.4583277508380409,-0.7520337929453969,0.47368855493868856,19.66682023662924,12.889752972625415,12.801346214942546
560_1_146,/Users/kvothearcane/Personal/Coding Projects/GrowthNet/rivanna_pull/analysis/synthetic_lollipop_v1/masks/560_1_146_synthetic_lollipop.nii.gz,False,,1.0,3178,3178.0,1,3178,1.0,1.0,0.0,18.24113077239266,25.0,5625.0,0.5649777777777778,24.389439511979297,15.289085516218844,15.284064828868958,False,0.9911856147969669,1.5979022424853053,1.5979022424853053,1.5838177166032494,0.6313857898651746,1239.3924560546875,0.8434212484081087,188.5032139770604,0.3899913329309904,1.1856471506823207,False,False,False,False,False,1.0,1.0,1.0,99.67715544367526,101.94367526746382,101.8118313404657,99.67715544367526,101.94367526746382,101.8118313404657,89.0,95.0,95.0,113.0,109.0,109.0,25.0,15.0,15.0,25.0,15.0,15.0,-0.9967968472657323,-0.04056286079800512,-0.06892531904154199,-0.9967968472657323,-0.04056286079800512,-0.06892531904154199,22.399016875336525,14.142420962037727,14.017764215974877
561_1_146,/Users/kvothearcane/Personal/Coding Projects/GrowthNet/rivanna_pull/analysis/synthetic_lollipop_v1/masks/561_1_146_synthetic_lollipop.nii.gz,False,,1.0,227,227.0,1,227,1.0,1.0,0.0,7.568487156767454,8.0,448.0,0.5066964285714286,7.714484487046982,6.690332790474539,6.6688396827304235,False,0.9910606599950466,1.1790343948874384,1.1790343948874384,1.168494605554005,0.8558019825225306,189.8676300048828,0.9478008631551841,132.83149905188034,0.8364212775545499,1.0550739494697732,False,False,False,False,False,1.0,1.0,1.0,62.96035242290749,63.63436123348018,62.68281938325991,62.96035242290749,63.63436123348018,62.68281938325991,60.0,60.0,59.0,66.0,67.0,66.0,7.0,8.0,8.0,7.0,8.0,8.0,-0.07621329176361158,0.8768868047071687,-0.4746167568565259,-0.07621329176361158,0.8768868047071687,-0.4746167568565259,7.543111931429571,6.455410145306782,6.397703039146459
561_2_524,/Users/kvothearcane/Personal/Coding Projects/GrowthNet/rivanna_pull/analysis/synthetic_lollipop_v1/masks/561_2_524_synthetic_lollipop.nii.gz,False,,1.0,350,350.0,2,349,0.9971428571428571,0.9971428571428571,0.002857142857142857,8.74359045590235,9.0,576.0,0.6076388888888888,9.460668913514166,7.619948872584371,7.245855669658702,False,0.9937177188834835,1.2536627412645203,1.2536627412645203,1.2457868794985938,0.8027055160530199,256.3111267089844,0.9352627039583846,138.2456660650218,0.7344158358423621,1.069218301732361,False,True,False,False,False,1.0,1.0,1.0,67.59885386819484,67.22636103151862,67.48997134670488,67.59885386819484,67.22636103151862,67.48997134670488,64.0,63.0,64.0,71.0,71.0,71.0,8.0,9.0,8.0,8.0,9.0,8.0,-0.39240037833908203,-0.7856577629332966,-0.47829261192495265,-0.39240037833908203,-0.7856577629332966,-0.47829261192495265,9.069531592102795,7.280163036998041,7.2344270062255465
561_4_1259,/Users/kvothearcane/Personal/Coding Projects/GrowthNet/rivanna_pull/analysis/synthetic_lollipop_v1/masks/561_4_1259_synthetic_lollipop.nii.gz,False,,1.0,443,443.0,1,443,1.0,1.0,0.0,9.458052084588795,12.0,972.0,0.455761316872428,11.339144360956656,8.261745537555289,8.256604917880324,False,0.9953497655555309,1.2967318057662238,1.2967318057662238,1.290701698857811,0.7747723590082328,314.25286865234375,0.894281042620011,158.1358364271698,0.709374421337119,1.118216704080252,False,False,False,False,False,1.0,1.0,1.0,64.90744920993228,66.11286681715576,65.83069977426636,64.90744920993228,66.11286681715576,65.83069977426636,60.0,62.0,62.0,71.0,70.0,70.0,12.0,9.0,9.0,12.0,9.0,9.0,-0.9850731987140096,0.11251256811037685,-0.13027553566405803,-0.9850731987140096,0.11251256811037685,-0.13027553566405803,10.090499323727679,7.817839964615472,7.78148517593067
561_5_1314,/Users/kvothearcane/Personal/Coding Projects/GrowthNet/rivanna_pull/analysis/synthetic_lollipop_v1/masks/561_5_1314_synthetic_lollipop.nii.gz,False,,1.0,684,684.0,1,684,1.0,1.0,0.0,10.931652720668998,14.0,1540.0,0.44415584415584414,14.252345341642993,9.079033747616247,8.976928522481867,False,0.9840207081040269,1.4942226093186817,1.4942226093186817,1.4703459900868157,0.6801120326386279,440.5653381347656,0.8521404868581988,182.77583369855415,0.644101371542055,1.1735154184340568,False,False,False,False,False,1.0,1.0,1.0,71.83333333333333,72.25,72.80701754385964,71.83333333333333,72.25,72.80701754385964,66.0,67.0,68.0,79.0,77.0,77.0,14.0,11.0,10.0,14.0,11.0,10.0,-0.8323304713856359,-0.5309186557694644,-0.1592211272379089,-0.8323304713856359,-0.5309186557694644,-0.1592211272379089,12.7780959480173,8.69053680845746,8.55166818406242
563_1_204,/Users/kvothearcane/Personal/Coding Projects/GrowthNet/rivanna_pull/analysis/synthetic_lollipop_v1/masks/563_1_204_synthetic_lollipop.nii.gz,False,,1.0,801,801.0,1,801,1.0,1.0,0.0,11.522444667587761,16.0,1760.0,0.4551136363636364,15.268662843604451,9.669845806151852,9.4981562146839,False,0.9930700441954038,1.5189372533717405,1.5189372533717405,1.5084110853359194,0.6629492515147504,486.8687744140625,0.8566969356829718,179.87496938660044,0.6078261852859707,1.167273931244758,False,False,False,False,False,1.0,1.0,1.0,67.45568039950062,69.70162297128589,68.23096129837703,67.45568039950062,69.70162297128589,68.23096129837703,62.0,61.0,64.0,72.0,76.0,73.0,11.0,16.0,10.0,11.0,16.0,10.0,-0.28834483938949534,0.9504931331174196,0.11584497181180395,-0.28834483938949534,0.9504931331174196,0.11584497181180395,13.686000308529316,9.073123660770152,9.010247314791378
563_2_377,/Users/kvothearcane/Personal/Coding Projects/GrowthNet/rivanna_pull/analysis/synthetic_lollipop_v1/masks/563_2_377_synthetic_lollipop.nii.gz,False,,1.0,1381,1381.0,1,1381,1.0,1.0,0.0,13.81650988545671,17.0,3060.0,0.45130718954248367,18.446818431381303,11.628681468059817,11.546954535359653,False,0.9939458081705437,1.5237442594404407,1.5237442594404407,1.5145192193947554,0.6602755430199349,702.7437744140625,0.8533939702498763,181.97162089120818,0.5088658757523986,1.1717917337841008,False,False,False,False,False,1.0,1.0,1.0,75.95076031860971,75.15930485155684,76.8356263577118,75.95076031860971,75.15930485155684,76.8356263577118,69.0,68.0,71.0,83.0,84.0,82.0,15.0,17.0,12.0,15.0,17.0,12.0,-0.5133729549695805,-0.8551107990901504,-0.07234452560633522,-0.5133729549695805,-0.8551107990901504,-0.07234452560633522,16.456480652961464,10.865811699331182,10.80002799092068
565_0_0,/Users/kvothearcane/Personal/Coding Projects/GrowthNet/rivanna_pull/analysis/synthetic_lollipop_v1/masks/565_0_0_synthetic_lollipop.nii.gz,False,,1.0,2720,2720.0,1,2720,1.0,1.0,0.0,17.319024526192088,21.0,6300.0,0.43174603174603177,23.04400268055463,14.571483835393414,14.455911648865467,False,0.9931444225870738,1.5554622967652427,1.5554622967652427,1.5447987045768807,0.6473335309236289,1121.2987060546875,0.8403794156142876,190.5575475666584,0.4122421713436351,1.1899387127051837,False,False,False,False,False,1.0,1.0,1.0,96.24852941176471,98.19852941176471,99.88088235294117,96.24852941176471,98.19852941176471,99.88088235294117,87.0,91.0,90.0,107.0,105.0,109.0,21.0,15.0,20.0,21.0,15.0,20.0,-0.6877356122295121,0.10163385548960362,0.7188117188037606,-0.6877356122295121,0.10163385548960362,0.7188117188037606,20.90596943658375,13.533135012765227,13.440357558045633
565_1_90,/Users/kvothearcane/Personal/Coding Projects/GrowthNet/rivanna_pull/analysis/synthetic_lollipop_v1/masks/565_1_90_synthetic_lollipop.nii.gz,False,,1.0,2862,2862.0,1,2862,1.0,1.0,0.0,17.615311835911367,23.0,6624.0,0.4320652173913043,23.740540902889812,15.079324893718475,14.784541818401639,False,0.9958107970197835,1.5347874947254445,1.5347874947254445,1.5283579583785416,0.6542969822729979,1163.812255859375,0.8376211171727977,192.44627982995195,0.4066429964568047,1.1938571980793367,False,False,False,False,False,1.0,1.0,1.0,96.56044723969252,95.97134870719776,95.24842767295597,96.56044723969252,95.97134870719776,95.24842767295597,89.0,87.0,85.0,104.0,104.0,107.0,16.0,18.0,23.0,16.0,18.0,23.0,-0.22519423620197995,-0.47487556421320903,-0.8507530514165632,-0.22519423620197992,-0.474875564213209,-0.8507530514165631,21.089471344035715,13.798777458135435,13.74097157848447
568_0_0,/Users/kvothearcane/Personal/Coding Projects/GrowthNet/rivanna_pull/analysis/synthetic_lollipop_v1/masks/568_0_0_synthetic_lollipop.nii.gz,False,,1.0,701,701.0,1,701,1.0,1.0,0.0,11.021476996575513,14.0,1400.0,0.5007142857142857,14.19681792459864,9.41060762072649,9.299696600924575,False,0.996390383486037,1.4395436450059433,1.4395436450059433,1.4343474444923594,0.6971811494068771,428.77313232421875,0.8900243855152584,160.4156205768746,0.6116592472528085,1.1235647205565877,False,False,False,False,False,1.0,1.0,1.0,67.58345221112697,69.43081312410841,69.44793152639087,67.58345221112697,69.43081312410841,69.44793152639087,62.0,65.0,65.0,75.0,74.0,74.0,14.0,10.0,10.0,14.0,10.0,10.0,-0.9179061159622902,0.26989131321543164,0.29087289548851497,-0.9179061159622902,0.26989131321543164,0.29087289548851497,12.624886214455403,8.801832682125056,8.770061441522518
568_1_255,/Users/kvothearcane/Personal/Coding Projects/GrowthNet/rivanna_pull/analysis/synthetic_lollipop_v1/masks/568_1_255_synthetic_lollipop.nii.gz,False,,1.0,1207,1207.0,1,1207,1.0,1.0,0.0,13.210001976539724,16.0,2880.0,0.41909722222222223,17.46043116385772,11.216911355664305,10.942610452025113,False,0.9949718188748987,1.5173383097882218,1.5173383097882218,1.5097088579385516,0.6623793685396142,643.659912109375,0.8517245711935618,183.0437247382048,0.5332725038188691,1.1740884715802584,False,False,False,False,False,1.0,1.0,1.0,74.83761391880697,76.30985915492958,77.26760563380282,74.83761391880697,76.30985915492958,77.26760563380282,68.0,71.0,69.0,82.0,82.0,84.0,15.0,12.0,16.0,15.0,12.0,16.0,-0.6623401137217547,0.18041570172520696,0.7271559312321219,-0.6623401137217546,0.18041570172520693,0.7271559312321217,15.692403733923795,10.394324476145128,10.342059930005997
571_2_1366,/Users/kvothearcane/Personal/Coding Projects/GrowthNet/rivanna_pull/analysis/synthetic_lollipop_v1/masks/571_2_1366_synthetic_lollipop.nii.gz,False,,1.0,234,234.0,1,234,1.0,1.0,0.0,7.645497401392214,8.0,448.0,0.5223214285714286,8.087464289632312,6.754397887106303,6.470100673604032,False,0.9836995859912396,1.2255255785023667,1.2255255785023667,1.2055490041944525,0.8294975953036432,195.12669372558594,0.9411192938003378,135.6807834536923,0.8338747595110511,1.0625645511547168,False,False,False,False,False,1.0,1.0,1.0,64.69658119658119,64.86324786324786,65.64957264957265,64.69658119658119,64.86324786324786,65.64957264957265,61.0,62.0,62.0,68.0,68.0,69.0,8.0,7.0,8.0,8.0,7.0,8.0,-0.43047425642331577,-0.2269134892068225,0.8736144361059853,-0.43047425642331577,-0.2269134892068225,0.8736144361059853,7.797842197236105,6.468291351164626,6.3628555242113585
573_0_0,/Users/kvothearcane/Personal/Coding Projects/GrowthNet/rivanna_pull/analysis/synthetic_lollipop_v1/masks/573_0_0_synthetic_lollipop.nii.gz,False,,1.0,262,262.0,1,262,1.0,1.0,0.0,7.93903207074245,8.0,448.0,0.5848214285714286,8.156290369997913,7.170361346784892,6.702756613972193,False,0.9833708327358175,1.2239056360896492,1.2239056360896492,1.2035531045515389,0.8308731839237077,210.74252319335938,0.9395779362815765,136.34962374717506,0.8043607755471732,1.0643076655860466,False,False,False,False,False,1.0,1.0,1.0,64.34351145038168,65.69465648854961,64.87022900763358,64.34351145038168,65.69465648854961,64.87022900763358,61.0,62.0,62.0,68.0,69.0,68.0,8.0,8.0,7.0,8.0,8.0,7.0,-0.6897113876671528,0.7074380641066625,-0.15436834900739257,-0.6897113876671528,0.7074380641066625,-0.15436834900739257,8.08496009359121,6.717576534858246,6.605868831050141
573_1_58,/Users/kvothearcane/Personal/Coding Projects/GrowthNet/rivanna_pull/analysis/synthetic_lollipop_v1/masks/573_1_58_synthetic_lollipop.nii.gz,False,,1.0,370,370.0,2,369,0.9972972972972973,0.9972972972972973,0.002702702702702703,8.907059782998111,10.0,900.0,0.4111111111111111,9.576147660398053,8.05296916826765,7.754924107645852,False,0.985500728475785,1.2420652380697104,1.2420652380697104,1.2240561969321488,0.8169559555405211,269.68359375,0.9225300220643906,144.04919920469024,0.7308498475609756,1.0839755629440124,False,True,False,False,False,1.0,1.0,1.0,66.44444444444444,67.130081300813,66.08672086720867,66.44444444444444,67.130081300813,66.08672086720867,62.0,63.0,62.0,71.0,71.0,71.0,10.0,9.0,10.0,10.0,9.0,10.0,-0.4999165127547735,0.09480753032518727,-0.8608687544967265,-0.4999165127547735,0.09480753032518727,-0.8608687544967265,9.165472823321265,7.487787608357102,7.37922014270788
576_2_250,/Users/kvothearcane/Personal/Coding Projects/GrowthNet/rivanna_pull/analysis/synthetic_lollipop_v1/masks/576_2_250_synthetic_lollipop.nii.gz,False,,1.0,559,559.0,1,559,1.0,1.0,0.0,10.220474567203405,11.0,1210.0,0.46198347107438015,12.936719771197726,8.808396693185427,8.634750280854323,False,0.9931129034443285,1.382181052192352,1.382181052192352,1.3726618378284836,0.7285115477399552,375.69219970703125,0.8734937829799284,169.69651311936852,0.6720790692433475,1.144827839058562,False,False,False,False,False,1.0,1.0,1.0,70.40429338103756,71.72093023255815,71.77638640429338,70.40429338103756,71.72093023255815,71.77638640429338,66.0,67.0,67.0,75.0,77.0,77.0,10.0,11.0,11.0,10.0,11.0,11.0,-0.49389991134583233,0.5934980539278555,0.6354706425606358,-0.49389991134583233,0.5934980539278555,0.6354706425606358,11.364375071630091,8.279078472530601,8.222059659698301
577_0_0,/Users/kvothearcane/Personal/Coding Projects/GrowthNet/rivanna_pull/analysis/synthetic_lollipop_v1/masks/577_0_0_synthetic_lollipop.nii.gz,False,,1.0,1764,1764.0,1,1764,1.0,1.0,0.0,14.991093728296734,20.0,3640.0,0.4846153846153846,19.663306792039513,12.681949677176693,12.276771391407326,False,0.9905524343697937,1.5183739571532655,1.5183739571532655,1.504029019541864,0.6648807882075346,842.14794921875,0.8383553039302015,191.94111998876036,0.47740813447774944,1.192811681767873,False,False,False,False,False,1.0,1.0,1.0,84.01360544217687,85.5765306122449,83.66156462585035,84.01360544217687,85.5765306122449,83.66156462585035,78.0,75.0,77.0,90.0,94.0,90.0,13.0,20.0,14.0,13.0,20.0,14.0,-0.011837114838099847,0.976938153583194,-0.21319410588890472,-0.011837114838099847,0.976938153583194,-0.21319410588890472,17.788994955125855,11.827560987183935,11.715819328512246
577_1_239,/Users/kvothearcane/Personal/Coding Projects/GrowthNet/rivanna_pull/analysis/synthetic_lollipop_v1/masks/577_1_239_synthetic_lollipop.nii.gz,False,,1.0,1549,1549.0,1,1549,1.0,1.0,0.0,14.355476034413623,19.0,3211.0,0.4824042354406727,18.972360507281095,12.192894864047927,12.030701851637328,False,0.9988151622584159,1.5687604483381192,1.5687604483381192,1.5669017217514238,0.6382021195829931,769.525390625,0.8413217482843784,189.91795557918653,0.4967885026630084,1.188605907358508,False,False,False,False,False,1.0,1.0,1.0,82.12201420271143,83.62298256939961,83.85216268560362,82.12201420271143,83.62298256939961,83.85216268560362,74.0,78.0,78.0,92.0,90.0,90.0,19.0,13.0,13.0,19.0,13.0,13.0,-0.9793462976970316,-0.19132012473334792,-0.06540213344481524,-0.9793462976970316,-0.19132012473334792,-0.06540213344481524,17.45554692325512,11.140167044901812,11.12696775453946
577_2_568,/Users/kvothearcane/Personal/Coding Projects/GrowthNet/rivanna_pull/analysis/synthetic_lollipop_v1/masks/577_2_568_synthetic_lollipop.nii.gz,False,,1.0,2109,2109.0,1,2109,1.0,1.0,0.0,15.910823293840979,20.0,4760.0,0.4430672268907563,21.406380616038653,13.27469200771009,13.268115051126411,False,0.9967661139524152,1.5646234514034643,1.5646234514034643,1.5595636374542465,0.6412049986189405,944.02490234375,0.8424647278843708,189.1460135469484,0.44761730789177334,1.1869933148551368,False,False,False,False,False,1.0,1.0,1.0,87.2863916548127,87.86296823138929,89.47889995258416,87.2863916548127,87.86296823138929,89.47889995258416,78.0,80.0,83.0,97.0,96.0,96.0,20.0,17.0,14.0,20.0,17.0,14.0,-0.8018739267446132,-0.5441001260020747,0.2468871371531965,-0.8018739267446132,-0.5441001260020747,0.2468871371531965,19.290837669118144,12.369381540985104,12.32938037060246
577_3_932,/Users/kvothearcane/Personal/Coding Projects/GrowthNet/rivanna_pull/analysis/synthetic_lollipop_v1/masks/577_3_932_synthetic_lollipop.nii.gz,False,,1.0,1707,1707.0,1,1707,1.0,1.0,0.0,14.827853946439857,19.0,3458.0,0.49363794100636205,19.479079532762068,12.553729288411006,12.349425446121773,False,0.9885430739649519,1.5193808601630332,1.5193808601630332,1.5019734260290776,0.6657907408147715,810.4055786132812,0.8523226897187407,182.65864160142985,0.47475429327081503,1.1732645535108206,False,False,False,False,False,1.0,1.0,1.0,84.04042179261863,86.52489748096075,85.97949619214997,84.04042179261863,86.52489748096075,85.97949619214997,76.0,80.0,80.0,94.0,93.0,92.0,19.0,14.0,13.0,19.0,14.0,13.0,-0.9647531945946848,0.26297744234405523,-0.00970249130530305,-0.9647531945946848,0.26297744234405523,-0.00970249130530305,17.5866916891395,11.709056488193173,11.574906694067744
577_4_1366,/Users/kvothearcane/Personal/Coding Projects/GrowthNet/rivanna_pull/analysis/synthetic_lollipop_v1/masks/577_4_1366_synthetic_lollipop.nii.gz,False,,1.0,1779,1779.0,1,1779,1.0,1.0,0.0,15.03346561483573,17.0,4335.0,0.41038062283737026,20.098842170276157,12.66636887293297,12.520417061304013,False,0.9961135675506058,1.514642576868936,1.514642576868936,1.5087560208089583,0.6627976864435804,839.3638916015625,0.8458976285158862,186.85251649678793,0.4718178142785624,1.1821761479039536,False,False,False,False,False,1.0,1.0,1.0,81.85497470489038,81.61551433389545,82.21866216975829,81.85497470489038,81.61551433389545,82.21866216975829,74.0,74.0,75.0,90.0,90.0,89.0,17.0,17.0,15.0,17.0,17.0,15.0,-0.5918947608651199,-0.6962809967380995,-0.40602138569516427,-0.5918947608651198,-0.6962809967380994,-0.4060213856951642,17.827496495052255,11.816023432001673,11.770101255112738
578_0_0,/Users/kvothearcane/Personal/Coding Projects/GrowthNet/rivanna_pull/analysis/synthetic_lollipop_v1/masks/578_0_0_synthetic_lollipop.nii.gz,False,,1.0,22,22.0,1,22,1.0,1.0,0.0,3.476492948582991,4.0,36.0,0.6111111111111112,3.157062666364996,2.5982645345774804,2.0,False,0.9646301510729668,1.1942222869267263,1.1942222869267263,1.151982825052832,0.8680684974223799,38.02724838256836,0.9984761071874061,113.61596003221808,1.7285112901167436,1.0015262186061582,False,False,False,False,False,1.0,1.0,1.0,40.90909090909091,41.18181818181818,41.0,40.90909090909091,41.18181818181818,41.0,40.0,40.0,40.0,42.0,43.0,42.0,3.0,4.0,3.0,3.0,4.0,3.0,-0.3701670677506124,0.9289651995381277,0.0,-0.3701670677506124,0.9289651995381277,0.0,3.483268651094195,3.0237157840738176,2.916767413592841
578_1_317,/Users/kvothearcane/Personal/Coding Projects/GrowthNet/rivanna_pull/analysis/synthetic_lollipop_v1/masks/578_1_317_synthetic_lollipop.nii.gz,False,,1.0,49,49.0,1,49,1.0,1.0,0.0,4.540104187127455,5.0,125.0,0.392,4.242640687119286,4.224013186849912,3.8270704295317044,False,0.9799057909924012,1.075955030512349,1.075955030512349,1.0543345652464566,0.9484655373754577,68.85081481933594,0.9405295107902812,135.93618982983347,1.405118669782366,1.063230859348314,False,False,False,False,False,1.0,1.0,1.0,48.51020408163265,48.91836734693877,49.08163265306123,48.51020408163265,48.91836734693877,49.08163265306123,47.0,47.0,47.0,51.0,51.0,51.0,5.0,5.0,5.0,5.0,5.0,5.0,-0.9074680818686217,-0.2970704296877125,0.297070429687713,-0.9074680818686217,-0.2970704296877125,0.297070429687713,4.304302838388261,4.0824829046386295,4.000448639882872
579_0_0,/Users/kvothearcane/Personal/Coding Projects/GrowthNet/rivanna_pull/analysis/synthetic_lollipop_v1/masks/579_0_0_synthetic_lollipop.nii.gz,False,,1.0,1443,1443.0,1,1443,1.0,1.0,0.0,14.020254686517072,19.0,2736.0,0.5274122807017544,18.723023624018197,11.772519376371978,11.754889340620261,False,0.9891047185719966,1.5395305965071122,1.5395305965071122,1.5227569773911453,0.6567036072382635,729.0244140625,0.8470705950576148,186.07736836705664,0.5052144241597366,1.1805391496702626,False,False,False,False,False,1.0,1.0,1.0,75.97505197505197,78.37006237006237,77.73804573804574,75.97505197505197,78.37006237006237,77.73804573804574,68.0,73.0,72.0,86.0,84.0,83.0,19.0,12.0,12.0,19.0,12.0,12.0,-0.972238487428181,0.1898126743040666,-0.13683373939530122,-0.9722384874281809,0.18981267430406656,-0.1368337393953012,16.777805050419705,11.018045098150976,10.898000396020187
579_1_198,/Users/kvothearcane/Personal/Coding Projects/GrowthNet/rivanna_pull/analysis/synthetic_lollipop_v1/masks/579_1_198_synthetic_lollipop.nii.gz,False,,1.0,1587,1587.0,1,1587,1.0,1.0,0.0,14.471918279866946,17.0,3808.0,0.4167542016806723,19.61585945858762,12.329596668544504,11.883771808216583,False,0.9956798636510565,1.5483013349330725,1.5483013349330725,1.5416124620569105,0.6486714557728347,776.4274291992188,0.8474248714499927,185.84409012027572,0.4892422364204277,1.180045610755963,False,False,False,False,False,1.0,1.0,1.0,83.79710144927536,86.06931316950221,85.52930056710775,83.79710144927536,86.06931316950221,85.52930056710775,76.0,78.0,79.0,92.0,93.0,92.0,17.0,16.0,14.0,17.0,16.0,14.0,-0.7143542030262946,0.6238741708262464,0.3169843712149406,-0.7143542030262946,0.6238741708262464,0.3169843712149406,17.424337791594215,11.30267056115104,11.253841483219677
579_2_697,/Users/kvothearcane/Personal/Coding Projects/GrowthNet/rivanna_pull/analysis/synthetic_lollipop_v1/masks/579_2_697_synthetic_lollipop.nii.gz,False,,1.0,2433,2433.0,1,2433,1.0,1.0,0.0,16.687111284126708,21.0,5670.0,0.4291005291005291,22.554040841369346,14.137676772087811,13.996617653327931,False,0.9967024490494403,1.5604821335435917,1.5604821335435917,1.5553363642007936,0.6429477398053687,1051.240966796875,0.8321659087611575,196.25585089985177,0.4320760241664098,1.2016834497446507,False,False,False,False,False,1.0,1.0,1.0,92.71927661323468,95.85491163173037,93.7994245787094,92.71927661323468,95.85491163173037,93.7994245787094,84.0,85.0,87.0,101.0,105.0,101.0,18.0,21.0,15.0,18.0,21.0,15.0,-0.5527040309006382,0.8285467693220752,-0.08960192672112907,-0.5527040309006381,0.828546769322075,-0.08960192672112906,20.19699140124545,12.98560997229923,12.942789261791477
579_3_1222,/Users/kvothearcane/Personal/Coding Projects/GrowthNet/rivanna_pull/analysis/synthetic_lollipop_v1/masks/579_3_1222_synthetic_lollipop.nii.gz,False,,1.0,4008,4008.0,1,4008,1.0,1.0,0.0,19.708021626902344,26.0,8840.0,0.45339366515837104,26.93514008747416,16.716367044248386,16.609225247584224,False,0.9986622956446134,1.5829023268864766,1.5829023268864766,1.5807848715496489,0.6325971471498816,1463.952880859375,0.8335061995446301,195.31062519137112,0.3652577048052333,1.1997511242823755,False,False,False,False,False,1.0,1.0,1.0,108.91791417165669,112.31986027944112,110.77445109780439,108.91791417165669,112.31986027944112,110.77445109780439,98.0,103.0,103.0,123.0,122.0,119.0,26.0,20.0,17.0,26.0,20.0,17.0,-0.8586621762562681,0.5040714151018663,-0.09279695870044437,-0.8586621762562681,0.5040714151018663,-0.09279695870044437,24.113240737097176,15.253967298825982,15.233562000333418
579_4_1600,/Users/kvothearcane/Personal/Coding Projects/GrowthNet/rivanna_pull/analysis/synthetic_lollipop_v1/masks/579_4_1600_synthetic_lollipop.nii.gz,False,,1.0,3864,3864.0,1,3864,1.0,1.0,0.0,19.46911297063281,23.0,9614.0,0.4019138755980861,26.36146639656336,16.359195719329406,16.3559948101308,False,0.996086513908049,1.5809546401883698,1.5809546401883698,1.5747675961919874,0.6350143363491493,1430.368896484375,0.8325189833498222,196.0062581387718,0.3701782858396416,1.201173811047865,False,False,False,False,False,1.0,1.0,1.0,105.81055900621118,108.99378881987577,108.8366977225673,105.81055900621118,108.99378881987577,108.8366977225673,97.0,97.0,98.0,115.0,119.0,119.0,19.0,23.0,22.0,19.0,23.0,22.0,-0.4092043629161345,0.684129736135671,0.6037535039280002,-0.4092043629161345,0.684129736135671,0.6037535039280002,23.785187218178017,15.103934876291582,15.044825837219483
581_1_152,/Users/kvothearcane/Personal/Coding Projects/GrowthNet/rivanna_pull/analysis/synthetic_lollipop_v1/masks/581_1_152_synthetic_lollipop.nii.gz,False,,1.0,159,159.0,1,159,1.0,1.0,0.0,6.721499448528674,8.0,392.0,0.40561224489795916,6.8260866733516945,5.799920362566818,5.720527197539056,False,0.9795398680454126,1.1899390283473268,1.1899390283473268,1.165592718809427,0.8579326070442782,155.82745361328125,0.9108319021025119,149.6710043778707,0.9800468780709513,1.097897425081025,False,False,False,False,False,1.0,1.0,1.0,58.710691823899374,58.496855345911946,59.15094339622642,58.710691823899374,58.496855345911946,59.15094339622642,56.0,55.0,56.0,62.0,62.0,62.0,7.0,8.0,7.0,7.0,8.0,7.0,-0.4546907408706911,-0.8579126328764258,0.23925351516226703,-0.4546907408706911,-0.8579126328764258,0.23925351516226703,6.743734061795708,5.785669344849691,5.667293786608456
581_2_440,/Users/kvothearcane/Personal/Coding Projects/GrowthNet/rivanna_pull/analysis/synthetic_lollipop_v1/masks/581_2_440_synthetic_lollipop.nii.gz,False,,1.0,123,123.0,1,123,1.0,1.0,0.0,6.17024150880815,6.0,216.0,0.5694444444444444,6.47404962046106,5.69184960496139,5.133341413247261,False,0.9462931173503178,1.1980700792761196,1.1980700792761196,1.1337254701223418,0.8820477499655086,127.05097198486328,0.941404363288799,135.55756305483422,1.0329347315842543,1.062242792785129,False,False,False,False,False,1.0,1.0,1.0,55.86991869918699,55.666666666666664,56.4390243902439,55.86991869918699,55.666666666666664,56.4390243902439,53.0,53.0,54.0,58.0,58.0,59.0,6.0,6.0,6.0,6.0,6.0,6.0,0.17861888235800352,0.6439251915245449,-0.7439459944009754,0.17861888235800352,0.6439251915245449,-0.7439459944009754,6.132102460737584,5.4088071780515445,5.118317005665172
582_0_0,/Users/kvothearcane/Personal/Coding Projects/GrowthNet/rivanna_pull/analysis/synthetic_lollipop_v1/masks/582_0_0_synthetic_lollipop.nii.gz,False,,1.0,1826,1826.0,1,1826,1.0,1.0,0.0,15.164707930533416,19.0,4845.0,0.37688338493292056,20.601420923508517,12.552628235430959,12.543021992222917,False,0.9978267899066132,1.5936851067208058,1.5936851067208058,1.5902216941612,0.6288431378289514,867.7710571289062,0.8325547679784332,195.98098517192514,0.47523058988439554,1.201122182541995,False,False,False,False,False,1.0,1.0,1.0,87.83789704271632,90.43647316538883,89.7645125958379,87.83789704271632,90.43647316538883,89.7645125958379,80.0,81.0,83.0,96.0,99.0,97.0,17.0,19.0,15.0,17.0,19.0,15.0,-0.5615855476961404,0.7366806246365277,0.37672712923807544,-0.5615855476961404,0.7366806246365277,0.37672712923807544,18.62886719709916,11.714635302422659,11.689176938743088
582_1_185,/Users/kvothearcane/Personal/Coding Projects/GrowthNet/rivanna_pull/analysis/synthetic_lollipop_v1/masks/582_1_185_synthetic_lollipop.nii.gz,False,,1.0,1655,1655.0,1,1655,1.0,1.0,0.0,14.675732663003723,17.0,4080.0,0.4056372549019608,19.449266017018843,12.644740616710202,12.473631764774794,False,0.9956944044715405,1.5260539665631114,1.5260539665631114,1.5194833954284894,0.658118412487162,811.2258911132812,0.8340798959272667,194.90788698404515,0.4901667015790219,1.1989259121133424,False,False,False,False,False,1.0,1.0,1.0,82.22658610271904,83.86223564954683,84.0821752265861,82.22658610271904,83.86223564954683,84.0821752265861,75.0,76.0,76.0,89.0,91.0,92.0,15.0,16.0,17.0,15.0,16.0,17.0,-0.483867860636742,0.554344446331499,0.6771810158770301,-0.483867860636742,0.554344446331499,0.6771810158770301,17.50367118925144,11.519488295767431,11.469890038471032
583_0_0,/Users/kvothearcane/Personal/Coding Projects/GrowthNet/rivanna_pull/analysis/synthetic_lollipop_v1/masks/583_0_0_synthetic_lollipop.nii.gz,False,,1.0,42,42.0,1,42,1.0,1.0,0.0,4.312709671069407,5.0,100.0,0.42,3.3545339843371016,3.2077069479376012,2.828427124746223,False,0.9945345826663654,1.1449477637923062,1.1449477637923062,1.1386901464379697,0.8782020316309773,61.04429626464844,0.9572055910135897,128.95455689585893,1.4534356253487724,1.0447076462864107,False,False,False,False,False,1.0,1.0,1.0,45.476190476190474,46.04761904761905,46.04761904761905,45.476190476190474,46.04761904761905,46.04761904761905,44.0,44.0,44.0,47.0,48.0,48.0,4.0,5.0,5.0,4.0,5.0,5.0,-0.9908366132277789,-0.09550603616344117,-0.09550603616344111,-0.9908366132277789,-0.09550603616344117,-0.09550603616344111,4.268004571072931,3.7481702853265455,3.7276849704797077
583_1_86,/Users/kvothearcane/Personal/Coding Projects/GrowthNet/rivanna_pull/analysis/synthetic_lollipop_v1/masks/583_1_86_synthetic_lollipop.nii.gz,False,,1.0,57,57.0,1,57,1.0,1.0,0.0,4.774839132028925,5.0,125.0,0.456,4.413154183290507,4.252766910394628,4.171639255788819,False,0.9395411147336432,1.1188934878293157,1.1188934878293157,1.0512464348233692,0.951251739719831,74.9991455078125,0.9550168765118715,129.84320732798417,1.3157744825932018,1.0471019147351888,False,False,False,False,False,1.0,1.0,1.0,50.49122807017544,51.333333333333336,51.08771929824562,50.49122807017544,51.333333333333336,51.08771929824562,49.0,49.0,49.0,53.0,53.0,53.0,5.0,5.0,5.0,5.0,5.0,5.0,-0.5763480657318769,0.0584058036029399,0.8151145129566882,-0.5763480657318769,0.0584058036029399,0.8151145129566882,4.545009443921738,4.323448140573615,4.062057285487631
583_2_278,/Users/kvothearcane/Personal/Coding Projects/GrowthNet/rivanna_pull/analysis/synthetic_lollipop_v1/masks/583_2_278_synthetic_lollipop.nii.gz,False,,1.0,37,37.0,1,37,1.0,1.0,0.0,4.13429092290855,4.0,48.0,0.7708333333333334,3.8540599353348255,2.8284271247461925,2.5064159671783584,False,0.8522123378883504,1.3260709527550185,1.3260709527550185,1.1300940268531865,0.884882121520949,54.85021209716797,0.9789795711699101,120.54008285588633,1.4824381647883236,1.0214717747429294,False,False,False,False,False,1.0,1.0,1.0,42.67567567567568,42.945945945945944,42.67567567567568,42.67567567567568,42.945945945945944,42.67567567567568,41.0,42.0,41.0,44.0,44.0,44.0,4.0,3.0,4.0,4.0,3.0,4.0,-0.6939187361562573,-0.19223312727677108,-0.6939187361562558,-0.6939187361562573,-0.19223312727677108,-0.6939187361562558,4.261851465420269,3.771236166328253,3.2138939900357
583_3_460,/Users/kvothearcane/Personal/Coding Projects/GrowthNet/rivanna_pull/analysis/synthetic_lollipop_v1/masks/583_3_460_synthetic_lollipop.nii.gz,False,,1.0,39,39.0,1,39,1.0,1.0,0.0,4.207479366835002,5.0,80.0,0.4875,3.385795991317626,3.1370099677591594,3.090974732557226,False,0.957381411984173,1.2290087777189986,1.2290087777189986,1.1766301589535575,0.8498847257912847,57.72853088378906,0.9633927131398797,126.48595442922807,1.480218740609976,1.0379983015864944,False,False,False,False,False,1.0,1.0,1.0,46.87179487179487,47.48717948717949,46.97435897435897,46.87179487179487,47.48717948717949,46.97435897435897,45.0,46.0,45.0,48.0,49.0,49.0,4.0,4.0,5.0,4.0,4.0,5.0,0.1041603212799604,-0.9889727224861596,0.10527859064961377,0.1041603212799604,-0.9889727224861596,0.10527859064961377,4.3076122202107845,3.66097383058903,3.504948295166432
587_1_340,/Users/kvothearcane/Personal/Coding Projects/GrowthNet/rivanna_pull/analysis/synthetic_lollipop_v1/masks/587_1_340_synthetic_lollipop.nii.gz,False,,1.0,32,32.0,1,32,1.0,1.0,0.0,3.938980087370786,4.0,36.0,0.8888888888888888,3.0,2.0,2.0,False,1.0,1.3205112646244257,1.3205112646244257,1.3205112646244257,0.757282445662753,49.43806076049805,0.9859525542309192,118.00062950518306,1.544939398765564,1.014247587988692,False,False,False,False,False,1.0,1.0,1.0,42.6875,43.0,43.0,42.6875,43.0,43.0,41.0,42.0,42.0,44.0,44.0,44.0,4.0,3.0,3.0,4.0,3.0,3.0,1.0,0.0,0.0,1.0,0.0,0.0,4.242640687119285,3.2128773156099952,3.2128773156099952
592_1_253,/Users/kvothearcane/Personal/Coding Projects/GrowthNet/rivanna_pull/analysis/synthetic_lollipop_v1/masks/592_1_253_synthetic_lollipop.nii.gz,False,,1.0,70,70.0,1,70,1.0,1.0,0.0,5.113282717745438,5.0,125.0,0.56,4.949747468305834,4.242640687119286,4.0,False,0.9883036912035246,1.1269729487484976,1.1269729487484976,1.1137915251346608,0.8978340896238162,87.05036926269531,0.9435803035783744,134.62191778554234,1.2435767037527903,1.0597932112483306,False,False,False,False,False,1.0,1.0,1.0,48.77142857142857,48.77142857142857,49.0,48.77142857142857,48.77142857142857,49.0,47.0,47.0,47.0,51.0,51.0,51.0,5.0,5.0,5.0,5.0,5.0,5.0,-0.7071067811865472,-0.7071067811865478,-1.5180451948600038e-17,-0.7071067811865472,-0.7071067811865478,-1.5180451948600038e-17,4.973803007368472,4.4656498950888714,4.413418274938964
592_2_1030,/Users/kvothearcane/Personal/Coding Projects/GrowthNet/rivanna_pull/analysis/synthetic_lollipop_v1/masks/592_2_1030_synthetic_lollipop.nii.gz,False,,1.0,77,77.0,1,77,1.0,1.0,0.0,5.278340074235308,6.0,150.0,0.5133333333333333,5.115832895216526,4.803234258883904,4.255102638779823,False,0.9254456985696676,1.1859272770498026,1.1859272770498026,1.0975112973621783,0.9111523520563819,94.03052520751953,0.9308415187202295,140.22489880142854,1.2211756520457082,1.0742967303122162,False,False,False,False,False,1.0,1.0,1.0,50.935064935064936,51.41558441558441,51.20779220779221,50.935064935064936,51.41558441558441,51.20779220779221,49.0,49.0,49.0,53.0,54.0,53.0,5.0,6.0,5.0,5.0,6.0,5.0,-0.27120249852976935,0.8245342955895214,0.4965807086344595,-0.2712024985297694,0.8245342955895216,0.49658070863445963,5.19727015712369,4.7355049279356916,4.38245266611355
593_0_0,/Users/kvothearcane/Personal/Coding Projects/GrowthNet/rivanna_pull/analysis/synthetic_lollipop_v1/masks/593_0_0_synthetic_lollipop.nii.gz,False,,1.0,13,13.0,1,13,1.0,1.0,0.0,2.9173032555927185,3.0,27.0,0.48148148148148145,2.23606797749979,2.23606797749979,2.0,False,0.8623164985025762,1.1596670152276027,1.1596670152276027,1.0,1.0,25.927471160888672,1.031223653851374,103.13207956499636,1.994420858529898,0.9697217439352162,False,False,False,False,False,1.0,1.0,1.0,36.69230769230769,37.0,37.15384615384615,36.69230769230769,37.0,37.15384615384615,36.0,36.0,36.0,38.0,38.0,38.0,3.0,3.0,3.0,3.0,3.0,3.0,0.0,-1.0,0.0,0.0,-1.0,0.0,2.8284271247461903,2.8284271247461903,2.438999374480844
593_1_403,/Users/kvothearcane/Personal/Coding Projects/GrowthNet/rivanna_pull/analysis/synthetic_lollipop_v1/masks/593_1_403_synthetic_lollipop.nii.gz,False,,1.0,32,32.0,1,32,1.0,1.0,0.0,3.938980087370786,4.0,48.0,0.6666666666666666,3.6883585510017074,3.2405669446497294,2.5086576451270712,False,0.8683368616133519,1.2975921872459744,1.2975921872459744,1.126747127527174,0.8875105829598688,49.1912956237793,0.9908985251340597,116.24246943228698,1.537227988243103,1.0091850725731062,False,False,False,False,False,1.0,1.0,1.0,41.96875,41.78125,42.15625,41.96875,41.78125,42.15625,41.0,40.0,41.0,43.0,43.0,44.0,3.0,4.0,4.0,3.0,4.0,4.0,-0.11839052513112037,-0.865438781041532,0.48682584137299545,-0.11839052513112037,-0.865438781041532,0.48682584137299545,4.022340389970814,3.569869664366023,3.099849420724302
593_3_2370,/Users/kvothearcane/Personal/Coding Projects/GrowthNet/rivanna_pull/analysis/synthetic_lollipop_v1/masks/593_3_2370_synthetic_lollipop.nii.gz,False,,1.0,109,109.0,1,109,1.0,1.0,0.0,5.926650153721812,6.0,180.0,0.6055555555555555,5.785512198207426,5.133269029748667,4.787469378615063,False,0.9532885712647288,1.178353962454935,1.178353962454935,1.1233113653127969,0.8902251244663053,115.67645263671875,0.9539453480122162,130.2812419676033,1.0612518590524656,1.0482780822651425,False,False,False,False,False,1.0,1.0,1.0,54.972477064220186,54.77064220183486,54.48623853211009,54.972477064220186,54.77064220183486,54.48623853211009,53.0,52.0,52.0,57.0,57.0,57.0,5.0,6.0,6.0,5.0,6.0,6.0,0.08651657986150263,0.3373244786906109,0.9374044364548185,0.08651657986150263,0.3373244786906109,0.9374044364548185,5.8246276733578926,5.185229895484916,4.943020398745975
595_1_357,/Users/kvothearcane/Personal/Coding Projects/GrowthNet/rivanna_pull/analysis/synthetic_lollipop_v1/masks/595_1_357_synthetic_lollipop.nii.gz,False,,1.0,292,292.0,1,292,1.0,1.0,0.0,8.231166936456948,9.0,504.0,0.5793650793650794,8.745302356813285,7.332437950108003,6.641443438592271,False,0.9838616687591782,1.248891771225513,1.248891771225513,1.228736742137539,0.8138439795170255,230.8566436767578,0.9219987128650337,144.2983712777707,0.7906049440984857,1.0846002126104752,False,False,False,False,False,1.0,1.0,1.0,64.02739726027397,65.16780821917808,65.0513698630137,64.02739726027397,65.16780821917808,65.0513698630137,60.0,62.0,62.0,68.0,69.0,68.0,9.0,8.0,7.0,9.0,8.0,7.0,-0.9716908104839586,0.224689591703163,0.07301750612896658,-0.9716908104839586,0.224689591703163,0.07301750612896658,8.502680162050828,6.919855059643913,6.808180146552903
595_2_652,/Users/kvothearcane/Personal/Coding Projects/GrowthNet/rivanna_pull/analysis/synthetic_lollipop_v1/masks/595_2_652_synthetic_lollipop.nii.gz,False,,1.0,292,292.0,1,292,1.0,1.0,0.0,8.231166936456948,9.0,504.0,0.5793650793650794,9.46821632035601,7.307143708195347,7.263465059378008,False,0.9875437484074767,1.2361034433910774,1.2361034433910774,1.2207062279058136,0.8191979176804505,228.16766357421875,0.932864565434253,139.31458414353614,0.7813961081308861,1.0719669682538484,False,False,False,False,False,1.0,1.0,1.0,63.99657534246575,63.6986301369863,64.4417808219178,63.99657534246575,63.6986301369863,64.4417808219178,61.0,60.0,60.0,67.0,67.0,68.0,7.0,8.0,9.0,7.0,8.0,9.0,-0.04316896821356162,-0.5248911569366268,0.8500739459324148,-0.04316896821356162,-0.5248911569366268,0.8500739459324148,8.461802546196294,6.931891025667138,6.845545647039474
595_3_1268,/Users/kvothearcane/Personal/Coding Projects/GrowthNet/rivanna_pull/analysis/synthetic_lollipop_v1/masks/595_3_1268_synthetic_lollipop.nii.gz,False,,1.0,645,645.0,1,645,1.0,1.0,0.0,10.71980858984289,13.0,1287.0,0.5011655011655012,13.268117394265365,9.010811185223641,8.987820363218574,False,0.9832895448112153,1.4285232684608598,1.4285232684608598,1.4046519943971085,0.7119201083177976,399.93548583984375,0.902680361021892,153.76248590192588,0.6200550168059593,1.1078118492219504,False,False,False,False,False,1.0,1.0,1.0,68.24031007751938,70.08992248062016,69.14418604651163,68.24031007751938,70.08992248062016,69.14418604651163,63.0,64.0,65.0,73.0,76.0,73.0,11.0,13.0,9.0,11.0,13.0,9.0,-0.576632614490669,0.8098757231774497,0.10768537929291228,-0.576632614490669,0.8098757231774497,0.10768537929291228,12.144445282839223,8.645874801218467,8.501398297784863
595_4_1631,/Users/kvothearcane/Personal/Coding Projects/GrowthNet/rivanna_pull/analysis/synthetic_lollipop_v1/masks/595_4_1631_synthetic_lollipop.nii.gz,False,,1.0,811,811.0,1,811,1.0,1.0,0.0,11.57019674519295,15.0,1800.0,0.45055555555555554,15.76249410227919,9.645886429269117,9.52051303852635,False,0.9908194976271175,1.6125246838776277,1.6125246838776277,1.5977208971909576,0.6258915444857459,496.58465576171875,0.846911567510882,186.18220924547742,0.6123115360810342,1.1807608236348135,False,False,False,False,False,1.0,1.0,1.0,71.13933415536376,71.75092478421702,70.66831072749692,71.13933415536376,71.75092478421702,70.66831072749692,66.0,67.0,64.0,77.0,76.0,78.0,12.0,10.0,15.0,12.0,10.0,15.0,-0.5276001968825725,-0.15335007825306624,-0.8355368248911889,-0.5276001968825725,-0.15335007825306624,-0.8355368248911889,14.301439144033141,8.951149834227806,8.86897378193465
595_5_1995,/Users/kvothearcane/Personal/Coding Projects/GrowthNet/rivanna_pull/analysis/synthetic_lollipop_v1/masks/595_5_1995_synthetic_lollipop.nii.gz,False,,1.0,908,908.0,1,908,1.0,1.0,0.0,12.014224474460462,15.0,1980.0,0.4585858585858586,16.22434130914541,9.849883650161328,9.81589469537484,False,0.9926361587589779,1.5393985682696953,1.5393985682696953,1.5280626816063008,0.6544234160268866,531.6837768554688,0.852880034373612,182.30078129056002,0.5855548203254061,1.172497842248633,False,False,False,False,False,1.0,1.0,1.0,68.60022026431719,69.85242290748899,70.73898678414096,68.60022026431719,69.85242290748899,70.73898678414096,62.0,65.0,65.0,76.0,75.0,76.0,15.0,11.0,12.0,15.0,11.0,12.0,-0.8807882796842956,-0.0794925163090524,0.466790045118396,-0.8807882796842956,-0.0794925163090524,0.466790045118396,14.376809915216718,9.408521056285338,9.33923820091404
601_1_201,/Users/kvothearcane/Personal/Coding Projects/GrowthNet/rivanna_pull/analysis/synthetic_lollipop_v1/masks/601_1_201_synthetic_lollipop.nii.gz,False,,1.0,4419,4419.0,1,4419,1.0,1.0,0.0,20.359875895743254,27.0,7803.0,0.566320645905421,26.389707130775804,17.23968728850268,17.061218814856637,False,0.9978960040526373,1.4953413701087332,1.4953413701087332,1.4921951779261007,0.6701536198433714,1527.4090576171875,0.8525988918891306,182.48118052861955,0.34564586051531737,1.1728844706615418,False,False,False,False,False,1.0,1.0,1.0,107.86580674360715,105.55284000905182,107.88707852455306,107.86580674360715,105.55284000905182,107.88707852455306,100.0,94.0,100.0,116.0,120.0,116.0,17.0,27.0,17.0,17.0,27.0,17.0,0.03521442087609847,0.9981545335123251,0.04947192932516035,0.03521442087609847,0.9981545335123251,0.04947192932516035,23.943274907453446,16.04567235013489,16.011912320537498
601_2_616,/Users/kvothearcane/Personal/Coding Projects/GrowthNet/rivanna_pull/analysis/synthetic_lollipop_v1/masks/601_2_616_synthetic_lollipop.nii.gz,False,,1.0,2054,2054.0,1,2054,1.0,1.0,0.0,15.77129198884161,19.0,4845.0,0.4239422084623323,21.149706694486106,13.335648720664587,13.143288413792813,False,0.9963828996223496,1.5241431402129433,1.5241431402129433,1.5186301614848856,0.6584881726714952,920.7293701171875,0.8486965182551166,185.00996115032692,0.4482616212839277,1.1782774861100607,False,False,False,False,False,1.0,1.0,1.0,89.0730282375852,91.40214216163584,91.3188899707887,89.0730282375852,91.40214216163584,91.3188899707887,82.0,82.0,83.0,96.0,100.0,99.0,15.0,19.0,17.0,15.0,19.0,17.0,-0.44259345505939424,0.651452740709935,0.6162145406918782,-0.44259345505939424,0.651452740709935,0.6162145406918782,18.802383750180134,12.38114731752433,12.336363464886368
603_0_0,/Users/kvothearcane/Personal/Coding Projects/GrowthNet/rivanna_pull/analysis/synthetic_lollipop_v1/masks/603_0_0_synthetic_lollipop.nii.gz,False,,1.0,296,296.0,1,296,1.0,1.0,0.0,8.2685818458171,9.0,504.0,0.5873015873015873,8.9088513994255,7.276827811297209,7.028904278316882,False,0.9870519461327796,1.242201271962155,1.242201271962155,1.226117182978859,0.8155827304944002,232.9044647216797,0.9222191112846582,144.19493967676507,0.7868394078435125,1.0843410072113908,False,False,False,False,False,1.0,1.0,1.0,65.18243243243244,65.96621621621621,66.60810810810811,65.18243243243244,65.96621621621621,66.60810810810811,61.0,63.0,63.0,69.0,69.0,70.0,9.0,7.0,8.0,9.0,7.0,8.0,-0.835486705926025,-0.0302475709851815,0.5486775452580287,-0.835486705926025,-0.0302475709851815,0.5486775452580287,8.525982299013998,6.95364392357676,6.8636077674808185
603_1_860,/Users/kvothearcane/Personal/Coding Projects/GrowthNet/rivanna_pull/analysis/synthetic_lollipop_v1/masks/603_1_860_synthetic_lollipop.nii.gz,False,,1.0,48,48.0,1,48,1.0,1.0,0.0,4.509006607147306,5.0,125.0,0.384,4.242640687119284,3.949131581218756,3.845877632227385,False,0.9723985565761959,1.1139052960589704,1.1139052960589704,1.083159902050323,0.9232247225059671,66.51179504394531,0.9603133076379794,127.70665566664638,1.3856623967488606,1.041326817036031,False,False,False,False,False,1.0,1.0,1.0,45.666666666666664,46.125,45.666666666666664,45.666666666666664,46.125,45.666666666666664,44.0,44.0,44.0,48.0,48.0,48.0,5.0,5.0,5.0,5.0,5.0,5.0,-0.6798615383404125,0.27491194475834857,-0.6798615383404114,-0.6798615383404125,0.27491194475834857,-0.6798615383404114,4.3326396082012915,3.9999999999999996,3.889594226304783
604_1_178,/Users/kvothearcane/Personal/Coding Projects/GrowthNet/rivanna_pull/analysis/synthetic_lollipop_v1/masks/604_1_178_synthetic_lollipop.nii.gz,False,,1.0,2962,2962.0,1,2962,1.0,1.0,0.0,17.818130851780523,24.0,5400.0,0.5485185185185185,23.266003322338932,14.627011551307419,14.538766526846405,False,0.9967491475251562,1.6115571277440708,1.6115571277440708,1.6063181932669919,0.6225416634086435,1177.059814453125,0.8473749625736279,185.8769297123131,0.3973868381003123,1.180115113341115,False,False,False,False,False,1.0,1.0,1.0,99.660364618501,102.08170155300472,102.05165428764349,99.660364618501,102.08170155300472,102.05165428764349,89.0,95.0,95.0,112.0,109.0,109.0,24.0,15.0,15.0,24.0,15.0,15.0,-0.9992014507052976,0.03986795084813774,-0.0026471500900607098,-0.9992014507052976,0.03986795084813774,-0.0026471500900607098,22.029727867649953,13.714423431166551,13.669839863814287
604_2_258,/Users/kvothearcane/Personal/Coding Projects/GrowthNet/rivanna_pull/analysis/synthetic_lollipop_v1/masks/604_2_258_synthetic_lollipop.nii.gz,False,,1.0,3925,3925.0,1,3925,1.0,1.0,0.0,19.57102986162855,26.0,8398.0,0.46737318409145034,25.893910151332513,16.70054950405271,16.29418373587602,False,0.9915267996404453,1.4989984179019977,1.4989984179019977,1.4862971039684587,0.6728129909760098,1432.077392578125,0.8402542988418347,190.64268427708762,0.36486048218550954,1.1901158986968003,False,False,False,False,False,1.0,1.0,1.0,99.38675159235669,103.09605095541401,102.03541401273885,99.38675159235669,103.09605095541401,102.03541401273885,88.0,94.0,94.0,113.0,112.0,110.0,26.0,19.0,17.0,26.0,19.0,17.0,-0.9180998524834085,0.39627972449998117,-0.007418950071449157,-0.9180998524834085,0.39627972449998117,-0.007418950071449157,23.02405834324561,15.49088555832523,15.35962818124261
606_0_0,/Users/kvothearcane/Personal/Coding Projects/GrowthNet/rivanna_pull/analysis/synthetic_lollipop_v1/masks/606_0_0_synthetic_lollipop.nii.gz,False,,1.0,1522,1522.0,1,1522,1.0,1.0,0.0,14.271578479314455,19.0,3211.0,0.4739956399875428,18.099965301562108,11.7333973464162,11.699753401233586,False,0.9976819090105792,1.5443102955678003,1.5443102955678003,1.5407304437867748,0.6490427991688287,756.38525390625,0.8459619688667992,186.80988606212046,0.49696797234313406,1.1820862365001361,False,False,False,False,False,1.0,1.0,1.0,78.811432325887,81.00262812089356,81.02299605781866,78.811432325887,81.00262812089356,81.02299605781866,71.0,75.0,75.0,89.0,87.0,87.0,19.0,13.0,13.0,19.0,13.0,13.0,-0.9998007198369647,-0.002162363965916009,-0.01984552331298295,-0.9998007198369647,-0.002162363965916009,-0.01984552331298295,17.195745703445326,11.160774925159513,11.134903233370547
606_1_181,/Users/kvothearcane/Personal/Coding Projects/GrowthNet/rivanna_pull/analysis/synthetic_lollipop_v1/masks/606_1_181_synthetic_lollipop.nii.gz,False,,1.0,1159,1159.0,1,1159,1.0,1.0,0.0,13.032516133106965,17.0,2244.0,0.5164884135472371,17.023460095916096,10.830318720654958,10.352494959035038,False,0.9943793681009634,1.5050965213561283,1.5050965213561283,1.496636927837065,0.6681647241226346,612.7772216796875,0.8707706891645536,171.2935332956455,0.5287120118030091,1.1484079705983596,False,False,False,False,False,1.0,1.0,1.0,74.31924072476272,75.54529767040552,76.02243313201035,74.31924072476272,75.54529767040552,76.02243313201035,67.0,70.0,71.0,83.0,81.0,81.0,17.0,12.0,11.0,17.0,12.0,11.0,-0.9653170404520606,-0.26100752545785355,0.006171147968004627,-0.9653170404520606,-0.26100752545785355,0.006171147968004627,15.370548288060036,10.270058156505268,10.212333940025854
606_2_545,/Users/kvothearcane/Personal/Coding Projects/GrowthNet/rivanna_pull/analysis/synthetic_lollipop_v1/masks/606_2_545_synthetic_lollipop.nii.gz,False,,1.0,1421,1421.0,1,1421,1.0,1.0,0.0,13.948638484478447,19.0,2964.0,0.47941970310391363,19.01062018377813,11.511521109775266,11.25467983603701,False,0.9958469347176215,1.57796832444262,1.57796832444262,1.5714149189776845,0.6363691650901279,732.0663452148438,0.8349549965812167,194.29569117385847,0.5151768791096719,1.1976693403771124,False,False,False,False,False,1.0,1.0,1.0,81.7966220971147,82.67769176636172,83.9978888106967,81.7966220971147,82.67769176636172,83.9978888106967,76.0,77.0,74.0,87.0,89.0,92.0,12.0,13.0,19.0,12.0,13.0,19.0,-0.11676349068966461,0.2973763145660252,0.9475935915660749,-0.11676349068966461,0.2973763145660252,0.9475935915660749,17.012692518382178,10.826352933857931,10.78139038335355
606_3_914,/Users/kvothearcane/Personal/Coding Projects/GrowthNet/rivanna_pull/analysis/synthetic_lollipop_v1/masks/606_3_914_synthetic_lollipop.nii.gz,False,,1.0,1178,1178.0,1,1178,1.0,1.0,0.0,13.103346416114979,17.0,2244.0,0.5249554367201426,17.437908360214244,10.92277581556672,10.313663516769754,False,0.9936894452042206,1.52168754798481,1.52168754798481,1.5120848553311967,0.6613385462292504,633.3709716796875,0.8516402190517018,183.0981197488013,0.5376663596601762,1.1742047611531266,False,False,False,False,False,1.0,1.0,1.0,76.45076400679118,78.59083191850594,77.0,76.45076400679118,78.59083191850594,77.0,71.0,70.0,72.0,82.0,86.0,82.0,12.0,17.0,11.0,12.0,17.0,11.0,-0.349622056953275,0.9368908125536443,0.00015048034150622836,-0.349622056953275,0.9368908125536443,0.00015048034150622836,15.572720423417811,10.298840285657691,10.233848889702069
606_4_1278,/Users/kvothearcane/Personal/Coding Projects/GrowthNet/rivanna_pull/analysis/synthetic_lollipop_v1/masks/606_4_1278_synthetic_lollipop.nii.gz,False,,1.0,1647,1647.0,1,1647,1.0,1.0,0.0,14.652047759769228,18.0,4284.0,0.38445378151260506,19.78970683255796,12.327804395734212,11.559131255729888,False,0.9954751138140766,1.5904277188596811,1.5904277188596811,1.5832312144449032,0.6316196844000515,809.0838012695312,0.8335910012819386,195.25102403649737,0.4912469953063335,1.1996290728452552,False,False,False,False,False,1.0,1.0,1.0,85.5069823922283,84.61323618700668,87.45294474802671,85.5069823922283,84.61323618700668,87.45294474802671,79.0,77.0,78.0,92.0,93.0,95.0,14.0,17.0,18.0,14.0,17.0,18.0,-0.2308902853876177,-0.6643086087401182,0.7109034733825635,-0.2308902853876177,-0.6643086087401182,0.7109034733825635,17.981360898028328,11.357381495496078,11.305990636858846
606_5_2001,/Users/kvothearcane/Personal/Coding Projects/GrowthNet/rivanna_pull/analysis/synthetic_lollipop_v1/masks/606_5_2001_synthetic_lollipop.nii.gz,False,,1.0,2075,2075.0,1,2075,1.0,1.0,0.0,15.824858166186276,21.0,3549.0,0.5846717385178923,20.711114291060504,13.548188643718973,13.451424260248439,False,0.9911305050994114,1.5687804559173917,1.5687804559173917,1.5548661656634892,0.6431421701000755,913.7923583984375,0.8609580741518232,177.2174012651673,0.4403818594691265,1.1614967441767179,False,False,False,False,False,1.0,1.0,1.0,89.09734939759036,91.15036144578313,90.90746987951808,89.09734939759036,91.15036144578313,90.90746987951808,80.0,85.0,85.0,100.0,97.0,97.0,21.0,13.0,13.0,21.0,13.0,13.0,-0.9929990065861296,0.09562744018498993,-0.06934237955699243,-0.9929990065861295,0.09562744018498992,-0.06934237955699242,19.179125148919113,12.334904168896772,12.225499799271493
609_0_0,/Users/kvothearcane/Personal/Coding Projects/GrowthNet/rivanna_pull/analysis/synthetic_lollipop_v1/masks/609_0_0_synthetic_lollipop.nii.gz,False,,1.0,42,42.0,1,42,1.0,1.0,0.0,4.312709671069407,4.0,64.0,0.65625,4.105644627411948,3.6800142796359063,3.194049428942383,False,0.8909026702184067,1.205938528210572,1.205938528210572,1.0743738549020538,0.9307746976876738,58.89803695678711,0.9920864039472554,115.82541896455723,1.402334213256836,1.0079767205973778,False,False,False,False,False,1.0,1.0,1.0,44.57142857142857,44.714285714285715,45.23809523809524,44.57142857142857,44.714285714285715,45.23809523809524,43.0,43.0,44.0,46.0,46.0,47.0,4.0,4.0,4.0,4.0,4.0,4.0,-0.7255168773512995,-0.5472727500375393,0.4172742476414863,-0.7255168773512995,-0.5472727500375393,0.4172742476414863,4.2187064762342645,3.9266652450499793,3.498276551868841
609_1_167,/Users/kvothearcane/Personal/Coding Projects/GrowthNet/rivanna_pull/analysis/synthetic_lollipop_v1/masks/609_1_167_synthetic_lollipop.nii.gz,False,,1.0,20,20.0,1,20,1.0,1.0,0.0,3.3677806019212593,3.0,27.0,0.7407407407407407,2.886751345948129,2.82842712474619,2.449489742783178,False,1.0,1.1335784048754634,1.1335784048754634,1.1335784048754634,0.8821621827824618,35.53990173339844,1.002585068248077,112.22475776468144,1.7769950866699218,0.997421597099392,False,False,False,False,False,1.0,1.0,1.0,37.95,37.95,37.95,37.95,37.95,37.95,37.0,37.0,37.0,39.0,39.0,39.0,3.0,3.0,3.0,3.0,3.0,3.0,-0.5773502691896261,-0.5773502691896257,-0.5773502691896257,-0.5773502691896261,-0.5773502691896257,-0.5773502691896257,3.2895368414989585,2.9019050004400464,2.9019050004400464
609_2_536,/Users/kvothearcane/Personal/Coding Projects/GrowthNet/rivanna_pull/analysis/synthetic_lollipop_v1/masks/609_2_536_synthetic_lollipop.nii.gz,False,,1.0,14,14.0,1,14,1.0,1.0,0.0,2.9902658734369907,3.0,27.0,0.5185185185185185,2.4494897427831783,2.385790165173903,2.159875448674956,False,0.9052659592988239,1.2418456016109483,1.2418456016109483,1.1242005498433603,0.8895210024041835,26.95071792602539,1.0423153725416856,99.87457505649525,1.925051280430385,0.9594025247478606,False,False,False,False,False,1.0,1.0,1.0,36.785714285714285,36.642857142857146,36.92857142857143,36.785714285714285,36.642857142857146,36.92857142857143,36.0,36.0,36.0,38.0,38.0,38.0,3.0,3.0,3.0,3.0,3.0,3.0,-0.5190124268707158,-0.20927196917967586,-0.8287528845617558,-0.5190124268707158,-0.20927196917967586,-0.8287528845617558,3.0549755144648727,2.7174648819470297,2.460028453216643
609_3_902,/Users/kvothearcane/Personal/Coding Projects/GrowthNet/rivanna_pull/analysis/synthetic_lollipop_v1/masks/609_3_902_synthetic_lollipop.nii.gz,False,,1.0,20,20.0,1,20,1.0,1.0,0.0,3.3677806019212593,3.0,27.0,0.7407407407407407,2.886751345948129,2.79289195118531,2.64218492409951,False,0.9999999999999999,1.1335784048754634,1.1335784048754634,1.1335784048754631,0.882162182782462,35.53990173339844,1.002585068248077,112.22475776468144,1.7769950866699218,0.997421597099392,False,False,False,False,False,1.0,1.0,1.0,37.95,38.05,38.05,37.95,38.05,38.05,37.0,37.0,37.0,39.0,39.0,39.0,3.0,3.0,3.0,3.0,3.0,3.0,-0.5773502691896261,0.5773502691896251,0.5773502691896263,-0.5773502691896261,0.5773502691896251,0.5773502691896263,3.2895368414989585,2.901905000440047,2.9019050004400464
610_1_210,/Users/kvothearcane/Personal/Coding Projects/GrowthNet/rivanna_pull/analysis/synthetic_lollipop_v1/masks/610_1_210_synthetic_lollipop.nii.gz,False,,1.0,71,71.0,1,71,1.0,1.0,0.0,5.137516647158831,6.0,150.0,0.47333333333333333,5.057696070565662,4.572485195924996,4.168006168615438,False,0.9356894046656489,1.1828142086634161,1.1828142086634161,1.1067467227343424,0.9035490952522429,88.3716049194336,0.9383041014026594,136.9056997858258,1.2446704918230083,1.0657525619946797,False,False,False,False,False,1.0,1.0,1.0,51.943661971830984,51.66197183098591,52.15492957746479,51.943661971830984,51.66197183098591,52.15492957746479,50.0,49.0,50.0,54.0,54.0,54.0,5.0,6.0,5.0,5.0,6.0,5.0,-0.11379526821496265,-0.8490861230827221,0.515852103339937,-0.11379526821496265,-0.8490861230827221,0.515852103339937,5.072714001960265,4.583446146944582,4.288681996551638
610_2_619,/Users/kvothearcane/Personal/Coding Projects/GrowthNet/rivanna_pull/analysis/synthetic_lollipop_v1/masks/610_2_619_synthetic_lollipop.nii.gz,False,,1.0,54,54.0,1,54,1.0,1.0,0.0,4.689555850780632,5.0,125.0,0.432,4.502564473727692,4.138304902969413,3.836478178726856,False,0.947828891196641,1.1138614560669056,1.1138614560669056,1.055750068850571,0.9471938761876966,73.58493041992188,0.9389109718813511,136.64040198938451,1.36268389666522,1.0650637067284892,False,False,False,False,False,1.0,1.0,1.0,47.574074074074076,48.388888888888886,47.833333333333336,47.574074074074076,48.388888888888886,47.833333333333336,46.0,46.0,46.0,50.0,50.0,50.0,5.0,5.0,5.0,5.0,5.0,5.0,-0.6646577772151365,0.7299541329867077,-0.1593643715610795,-0.6646577772151365,0.7299541329867077,-0.1593643715610795,4.477767234207927,4.241313703235668,4.020039664554982
610_3_1008,/Users/kvothearcane/Personal/Coding Projects/GrowthNet/rivanna_pull/analysis/synthetic_lollipop_v1/masks/610_3_1008_synthetic_lollipop.nii.gz,False,,1.0,54,54.0,1,54,1.0,1.0,0.0,4.689555850780632,5.0,125.0,0.432,4.443530294151337,4.0,3.898174586561945,False,0.9605634695366212,1.062445769611038,1.062445769611038,1.0205465946520846,0.979867068529988,71.04357147216797,0.9724975406600586,122.96650748666127,1.3156216939290364,1.0282802353631402,False,False,False,False,False,1.0,1.0,1.0,49.74074074074074,50.48148148148148,50.0,49.74074074074074,50.48148148148148,50.0,48.0,48.0,48.0,52.0,52.0,52.0,5.0,5.0,5.0,5.0,5.0,5.0,-0.838204719743138,0.545355707589393,-1.857681193836953e-17,-0.838204719743138,0.545355707589393,-1.857681193836953e-17,4.343406926794991,4.255961412791452,4.088121060884937
610_4_1386,/Users/kvothearcane/Personal/Coding Projects/GrowthNet/rivanna_pull/analysis/synthetic_lollipop_v1/masks/610_4_1386_synthetic_lollipop.nii.gz,False,,1.0,48,48.0,1,48,1.0,1.0,0.0,4.509006607147306,5.0,125.0,0.384,4.034397204975599,4.006859066252187,3.7264917219526357,False,0.927778153270903,1.1430897339334647,1.1430897339334647,1.0605336823717177,0.9429214900215676,66.11875915527344,0.9660217873356177,125.45604985068556,1.3774741490681965,1.0351733398871856,False,False,False,False,False,1.0,1.0,1.0,45.708333333333336,45.916666666666664,46.375,45.708333333333336,45.916666666666664,46.375,44.0,44.0,44.0,48.0,48.0,48.0,5.0,5.0,5.0,5.0,5.0,5.0,0.6536497363689452,0.3854264916745881,-0.6512975062597948,0.6536497363689452,0.3854264916745881,-0.6512975062597948,4.339493371937712,4.0918015562062235,3.796284091368017
611_0_0,/Users/kvothearcane/Personal/Coding Projects/GrowthNet/rivanna_pull/analysis/synthetic_lollipop_v1/masks/611_0_0_synthetic_lollipop.nii.gz,False,,1.0,357,357.0,1,357,1.0,1.0,0.0,8.801496716004365,9.0,576.0,0.6197916666666666,8.56099954981303,7.521095611999733,7.257946024669527,False,0.9674798547200351,1.26434314636776,1.26434314636776,1.2232265235641524,0.8175100692603277,259.8169860839844,0.9366889450417228,137.61513152002007,0.727778672504158,1.0675902660038943,False,False,False,False,False,1.0,1.0,1.0,65.8515406162465,66.06162464985995,67.06442577030812,65.8515406162465,66.06162464985995,67.06442577030812,62.0,63.0,63.0,69.0,70.0,71.0,8.0,8.0,9.0,8.0,8.0,9.0,-0.12284773950199927,0.04628068190871497,0.991345818259861,-0.12284773950199927,0.04628068190871497,0.991345818259861,9.128763254274997,7.462855880263486,7.220162722833877
611_1_186,/Users/kvothearcane/Personal/Coding Projects/GrowthNet/rivanna_pull/analysis/synthetic_lollipop_v1/masks/611_1_186_synthetic_lollipop.nii.gz,False,,1.0,466,466.0,2,464,0.9957081545064378,0.9957081545064378,0.004291845493562232,9.618981691831213,11.0,1100.0,0.42363636363636364,11.166317491094485,8.60163525146778,8.477240044851666,False,0.9874896175784711,1.2519649401163886,1.2519649401163886,1.2363023799371862,0.8088636050759749,320.59735107421875,0.9040716452328047,153.0536982495049,0.690942566970299,1.1061070273280091,False,True,False,False,False,1.0,1.0,1.0,65.70258620689656,67.15301724137932,65.53663793103448,65.70258620689656,67.15301724137932,65.53663793103448,61.0,62.0,61.0,70.0,72.0,70.0,10.0,11.0,10.0,10.0,11.0,10.0,-0.2460363819475021,0.9155401642192478,-0.3182016757648766,-0.2460363819475021,0.9155401642192478,-0.3182016757648766,9.970757796599848,8.064983096697137,7.96408707393429
611_2_466,/Users/kvothearcane/Personal/Coding Projects/GrowthNet/rivanna_pull/analysis/synthetic_lollipop_v1/masks/611_2_466_synthetic_lollipop.nii.gz,False,,1.0,760,760.0,1,760,1.0,1.0,0.0,11.322395559153883,13.0,1859.0,0.40882194728348575,14.715033830126576,9.36589457453454,8.546721292204998,False,0.975747902645117,1.5510714946001678,1.5510714946001678,1.5134547577087407,0.6607399361669235,463.55908203125,0.8688032266299304,172.45988730285615,0.6099461605674342,1.1510086166219469,False,False,False,False,False,1.0,1.0,1.0,68.30263157894737,67.97631578947369,67.97894736842105,68.30263157894737,67.97631578947369,67.97894736842105,63.0,62.0,62.0,73.0,74.0,74.0,11.0,13.0,13.0,11.0,13.0,13.0,-0.426412896112935,-0.638190922737979,-0.6410026428677392,-0.426412896112935,-0.638190922737979,-0.6410026428677392,13.543833819497074,8.948951893349916,8.73192104080823
618_0_0,/Users/kvothearcane/Personal/Coding Projects/GrowthNet/rivanna_pull/analysis/synthetic_lollipop_v1/masks/618_0_0_synthetic_lollipop.nii.gz,False,,1.0,183,183.0,1,183,1.0,1.0,0.0,7.043969861883599,8.0,392.0,0.46683673469387754,7.248151420113739,6.274532077275918,5.885732612097764,False,0.9733744085535971,1.1804583858426079,1.1804583858426079,1.1490279831416823,0.8703008235411215,171.48770141601562,0.9089748597948427,150.59021666035235,0.9370912645683914,1.1001404375756902,False,False,False,False,False,1.0,1.0,1.0,60.91256830601093,60.20765027322405,61.278688524590166,60.91256830601093,60.20765027322405,61.278688524590166,58.0,57.0,58.0,64.0,64.0,64.0,7.0,8.0,7.0,7.0,8.0,7.0,-0.08720065971987458,-0.9479607179129368,0.3062131973615907,-0.08720065971987458,-0.9479607179129368,0.3062131973615907,7.015120238909919,6.1052649211632914,5.942708631700342
618_1_291,/Users/kvothearcane/Personal/Coding Projects/GrowthNet/rivanna_pull/analysis/synthetic_lollipop_v1/masks/618_1_291_synthetic_lollipop.nii.gz,False,,1.0,429,429.0,1,429,1.0,1.0,0.0,9.357350343322233,12.0,972.0,0.44135802469135804,11.369303559793831,8.060529947155109,7.348624950289783,False,0.9946352974893271,1.327001003824171,1.327001003824171,1.31988203820729,0.7576434643797676,309.63360595703125,0.8883979793229039,161.29826177698874,0.721756657242497,1.1256216507405319,False,False,False,False,False,1.0,1.0,1.0,67.77156177156178,68.22144522144522,66.94172494172494,67.77156177156178,68.22144522144522,66.94172494172494,64.0,64.0,62.0,72.0,72.0,73.0,9.0,9.0,12.0,9.0,9.0,12.0,-0.18872579241764334,0.17629871114050413,-0.9660752246727631,-0.18872579241764334,0.17629871114050413,-0.9660752246727631,10.13481072028953,7.678573104953367,7.637379844538838
618_2_627,/Users/kvothearcane/Personal/Coding Projects/GrowthNet/rivanna_pull/analysis/synthetic_lollipop_v1/masks/618_2_627_synthetic_lollipop.nii.gz,False,,1.0,427,427.0,2,425,0.9953161592505855,0.9953161592505855,0.00468384074941452,9.34278635037763,11.0,891.0,0.4792368125701459,10.061249671690579,8.229429578001994,8.148085746189818,False,0.9909946884959557,1.2677876449283338,1.2677876449283338,1.2563708222647756,0.7959433491119818,300.01434326171875,0.9111741555589149,149.50241032981734,0.7059161017922794,1.0974850349948735,False,True,False,False,False,1.0,1.0,1.0,67.63529411764706,68.24941176470588,68.99764705882353,67.63529411764706,68.24941176470588,68.99764705882353,64.0,64.0,64.0,72.0,72.0,74.0,9.0,9.0,11.0,9.0,9.0,11.0,-0.3257171863939856,0.2237738633958908,0.9186041435506717,-0.3257171863939856,0.2237738633958908,0.9186041435506717,9.767646545434552,7.774493304315257,7.704481570323792
625_2_1420,/Users/kvothearcane/Personal/Coding Projects/GrowthNet/rivanna_pull/analysis/synthetic_lollipop_v1/masks/625_2_1420_synthetic_lollipop.nii.gz,False,,1.0,1167,1167.0,1,1167,1.0,1.0,0.0,13.06243306134725,15.0,2730.0,0.42747252747252745,17.28422830313303,10.912727267415363,10.613571133791215,False,0.9926584737850578,1.5295238740068722,1.5295238740068722,1.5182948343894707,0.6586336048506121,621.5533447265625,0.8624215909975297,176.31672540361777,0.5326078360981684,1.1595257011635558,False,False,False,False,False,1.0,1.0,1.0,74.12939160239931,75.62724935732648,73.67866323907455,74.12939160239931,75.62724935732648,73.67866323907455,68.0,70.0,67.0,81.0,82.0,81.0,14.0,13.0,15.0,14.0,13.0,15.0,-0.5219210556891835,0.3784891568327159,-0.7644242080077972,-0.5219210556891835,0.3784891568327159,-0.7644242080077972,15.570150421171512,10.255024299962468,10.179736770229423
625_3_1544,/Users/kvothearcane/Personal/Coding Projects/GrowthNet/rivanna_pull/analysis/synthetic_lollipop_v1/masks/625_3_1544_synthetic_lollipop.nii.gz,False,,1.0,1700,1700.0,1,1700,1.0,1.0,0.0,14.807557679846125,17.0,4046.0,0.42016806722689076,19.370969564536317,12.676917318985844,12.408005030357987,False,0.9938273719694736,1.5134043043736247,1.5134043043736247,1.5040626225429286,0.6648659337796011,804.7454223632812,0.8559693692278971,180.334035806228,0.4733796602136949,1.1682661038467084,False,False,False,False,False,1.0,1.0,1.0,81.3264705882353,80.67470588235294,83.37764705882353,81.3264705882353,80.67470588235294,83.37764705882353,75.0,73.0,75.0,88.0,89.0,91.0,14.0,17.0,17.0,14.0,17.0,17.0,-0.3165980073292154,-0.6622558463636699,0.6791044807040442,-0.3165980073292154,-0.6622558463636699,0.6791044807040442,17.557598237266482,11.673448946947259,11.601393088764413
629_0_0,/Users/kvothearcane/Personal/Coding Projects/GrowthNet/rivanna_pull/analysis/synthetic_lollipop_v1/masks/629_0_0_synthetic_lollipop.nii.gz,False,,1.0,87,87.0,1,87,1.0,1.0,0.0,5.497605134632529,5.0,125.0,0.696,5.196152422706632,4.858450994304273,4.52196762553495,False,0.9999999999999998,1.130950728747643,1.130950728747643,1.1309507287476428,0.8842118180580236,96.45571899414062,0.9843940429203025,118.5619798092875,1.1086864252200073,1.0158533639978162,False,False,False,False,False,1.0,1.0,1.0,53.89655172413793,53.89655172413793,53.89655172413793,53.89655172413793,53.89655172413793,53.89655172413793,52.0,52.0,52.0,56.0,56.0,56.0,5.0,5.0,5.0,5.0,5.0,5.0,-0.5773502691896261,-0.5773502691896254,-0.577350269189626,-0.5773502691896261,-0.5773502691896254,-0.577350269189626,5.321424823217742,4.705266717596457,4.705266717596456
629_1_413,/Users/kvothearcane/Personal/Coding Projects/GrowthNet/rivanna_pull/analysis/synthetic_lollipop_v1/masks/629_1_413_synthetic_lollipop.nii.gz,False,,1.0,69,69.0,1,69,1.0,1.0,0.0,5.08881687589421,6.0,150.0,0.46,4.879983311457263,4.502837542171857,4.101379404266146,False,0.9442298273194493,1.1343504807672269,1.1343504807672269,1.071087558574573,0.9336304879974726,86.32511138916016,0.9424240726241585,135.11801634095409,1.2510885708573936,1.0610934387695792,False,False,False,False,False,1.0,1.0,1.0,50.710144927536234,50.89855072463768,51.05797101449275,50.710144927536234,50.89855072463768,51.05797101449275,48.0,49.0,49.0,53.0,53.0,53.0,6.0,5.0,5.0,6.0,5.0,5.0,-0.91128936249136,-0.32353649900046305,0.25470734505430753,-0.91128936249136,-0.32353649900046305,0.25470734505430753,4.899718630568664,4.57452669610813,4.31940455233439
629_2_810,/Users/kvothearcane/Personal/Coding Projects/GrowthNet/rivanna_pull/analysis/synthetic_lollipop_v1/masks/629_2_810_synthetic_lollipop.nii.gz,False,,1.0,75,75.0,1,75,1.0,1.0,0.0,5.232238679605294,6.0,150.0,0.5,5.334571423856548,4.512225365955652,4.237580276144813,False,0.9523980861821115,1.1847667283453365,1.1847667283453365,1.12836956464834,0.8862344672613118,92.22327423095703,0.9325764189049546,139.44375989057417,1.2296436564127604,1.0722981835356884,False,False,False,False,False,1.0,1.0,1.0,52.6,52.8,52.93333333333333,52.6,52.8,52.93333333333333,50.0,51.0,51.0,55.0,55.0,55.0,6.0,5.0,5.0,6.0,5.0,5.0,-0.8937541645624832,-0.43290030052206613,-0.1174769046882091,-0.8937541645624832,-0.43290030052206613,-0.1174769046882091,5.20239841265422,4.610544785719707,4.391074030176362
636_0_0,/Users/kvothearcane/Personal/Coding Projects/GrowthNet/rivanna_pull/analysis/synthetic_lollipop_v1/masks/636_0_0_synthetic_lollipop.nii.gz,False,,1.0,462,462.0,1,462,1.0,1.0,0.0,9.591380444864102,12.0,972.0,0.47530864197530864,11.298089896031765,8.426487935131338,8.268095453765735,False,0.9801849367849952,1.2985908058933477,1.2985908058933477,1.272859146984147,0.7856328819801887,322.24737548828125,0.8968560026594833,156.7776736264951,0.6975051417495265,1.115006196128096,False,False,False,False,False,1.0,1.0,1.0,68.03463203463204,69.12554112554112,69.01731601731602,68.03463203463204,69.12554112554112,69.01731601731602,63.0,65.0,65.0,74.0,73.0,73.0,12.0,9.0,9.0,12.0,9.0,9.0,-0.9927346409726407,0.11774850101942097,0.024763342274455227,-0.9927346409726407,0.11774850101942097,0.024763342274455227,10.181936824156498,7.999264371302279,7.8407584421113885
636_1_181,/Users/kvothearcane/Personal/Coding Projects/GrowthNet/rivanna_pull/analysis/synthetic_lollipop_v1/masks/636_1_181_synthetic_lollipop.nii.gz,False,,1.0,465,465.0,1,465,1.0,1.0,0.0,9.612096233721807,12.0,972.0,0.4783950617283951,11.251817630905196,8.241358830950464,8.19537685179899,False,0.9867251376977294,1.3010939488763393,1.3010939488763393,1.2838221058626884,0.7789241168487524,324.10455322265625,0.8955729358681724,157.45247480053385,0.696999039188508,1.1166036399152632,False,False,False,False,False,1.0,1.0,1.0,68.00645161290322,69.09892473118279,69.03010752688172,68.00645161290322,69.09892473118279,69.03010752688172,63.0,65.0,65.0,74.0,73.0,73.0,12.0,9.0,9.0,12.0,9.0,9.0,-0.9951904697779631,0.08584582439127243,0.047184990173783976,-0.9951904697779631,0.08584582439127243,0.047184990173783976,10.239897108388563,7.9761028117736545,7.870221145238606
636_4_978,/Users/kvothearcane/Personal/Coding Projects/GrowthNet/rivanna_pull/analysis/synthetic_lollipop_v1/masks/636_4_978_synthetic_lollipop.nii.gz,False,,1.0,1050,1050.0,1,1050,1.0,1.0,0.0,12.61043957796912,16.0,2704.0,0.38831360946745563,16.491794470345056,10.564271021299506,10.007675458532791,False,0.9945721948345188,1.531359055499297,1.531359055499297,1.5230471369076515,0.6565784969927915,591.2866821289062,0.8449134558343744,187.5062263968064,0.5631301734561012,1.183553171149906,False,False,False,False,False,1.0,1.0,1.0,73.32571428571428,72.85904761904762,73.30761904761904,73.32571428571428,72.85904761904762,73.30761904761904,67.0,66.0,67.0,79.0,81.0,79.0,13.0,16.0,13.0,13.0,16.0,13.0,-0.45928062648763146,-0.7710269058159038,-0.44111088927964837,-0.45928062648763146,-0.7710269058159038,-0.44111088927964837,15.061188500966612,9.888852508889771,9.835177744161337
647_2_176,/Users/kvothearcane/Personal/Coding Projects/GrowthNet/rivanna_pull/analysis/synthetic_lollipop_v1/masks/647_2_176_synthetic_lollipop.nii.gz,False,,1.0,2603,2603.0,1,2603,1.0,1.0,0.0,17.0670521401251,23.0,6256.0,0.41608056265984655,23.421390990977258,14.267926351143007,14.077159554461414,False,0.9968671825504661,1.5825320138007617,1.5825320138007617,1.5775742298934807,0.6338845938599802,1103.43798828125,0.8293139519769798,198.2875551579848,0.42391009922445255,1.2058159610315566,False,False,False,False,False,1.0,1.0,1.0,96.23549750288129,95.86208221283135,99.04494813676527,96.23549750288129,95.86208221283135,99.04494813676527,89.0,88.0,87.0,104.0,104.0,109.0,16.0,17.0,23.0,16.0,17.0,23.0,-0.29595982281598404,-0.45214537518825587,0.8414109239691405,-0.295959822815984,-0.4521453751882558,0.8414109239691404,20.855366443451167,13.219895487808103,13.178479968542883
649_0_0,/Users/kvothearcane/Personal/Coding Projects/GrowthNet/rivanna_pull/analysis/synthetic_lollipop_v1/masks/649_0_0_synthetic_lollipop.nii.gz,False,,1.0,21,21.0,1,21,1.0,1.0,0.0,3.422999934344502,3.0,27.0,0.7777777777777778,2.8284271247461925,2.82842712474619,2.000000000000006,False,0.912870929175277,1.1670067531530237,1.1670067531530237,1.0653265391046238,0.9386793281621155,36.563148498535156,1.0067463598883615,110.83889040836438,1.741102309454055,0.9932988484913821,False,False,False,False,False,1.0,1.0,1.0,38.904761904761905,39.0,39.095238095238095,38.904761904761905,39.0,39.095238095238095,38.0,38.0,38.0,40.0,40.0,40.0,3.0,3.0,3.0,3.0,3.0,3.0,0.7071067811865485,-2.55351295663786e-15,-0.7071067811865466,0.7071067811865485,-2.55351295663786e-15,-0.7071067811865466,3.300793555379993,3.0983866769659327,2.82842712474619
649_1_37,/Users/kvothearcane/Personal/Coding Projects/GrowthNet/rivanna_pull/analysis/synthetic_lollipop_v1/masks/649_1_37_synthetic_lollipop.nii.gz,False,,1.0,103,103.0,1,103,1.0,1.0,0.0,5.815845589022965,6.0,150.0,0.6866666666666666,5.315631985194558,4.439284918341663,4.296730252019538,False,0.9862840595355677,1.1719350142986102,1.1719350142986102,1.1558608234143068,0.8651560635527829,109.23558807373047,0.972772884904014,122.86211969616943,1.060539690036218,1.0279891797134872,False,False,False,False,False,1.0,1.0,1.0,52.53398058252427,52.9126213592233,52.96116504854369,52.53398058252427,52.9126213592233,52.96116504854369,50.0,51.0,51.0,55.0,55.0,55.0,6.0,5.0,5.0,6.0,5.0,5.0,-0.9909150913491759,-0.1201978475892706,-0.0603304166350687,-0.9909150913491759,-0.1201978475892706,-0.0603304166350687,5.7482824655135,4.973161430053145,4.9049498439585255
649_2_148,/Users/kvothearcane/Personal/Coding Projects/GrowthNet/rivanna_pull/analysis/synthetic_lollipop_v1/masks/649_2_148_synthetic_lollipop.nii.gz,False,,1.0,54,54.0,1,54,1.0,1.0,0.0,4.689555850780632,5.0,125.0,0.432,4.359372358796536,4.220170981817351,4.062183232754017,False,0.9678821000389615,1.0637740940630556,1.0637740940630556,1.0296079041287938,0.9712435151186541,72.26502990722656,0.9560599175712984,129.4187022486579,1.3382412945782696,1.0459595487909625,False,False,False,False,False,1.0,1.0,1.0,47.5,48.074074074074076,47.77777777777778,47.5,48.074074074074076,47.77777777777778,46.0,46.0,46.0,50.0,50.0,50.0,5.0,5.0,5.0,5.0,5.0,5.0,0.4570150603101197,0.2218970223203403,0.8613355595440747,0.4570150603101197,0.2218970223203403,0.8613355595440747,4.366392932761681,4.240830820404704,4.104624240363257
662_2_260,/Users/kvothearcane/Personal/Coding Projects/GrowthNet/rivanna_pull/analysis/synthetic_lollipop_v1/masks/662_2_260_synthetic_lollipop.nii.gz,False,,1.0,623,623.0,1,623,1.0,1.0,0.0,10.5965170548072,12.0,1188.0,0.5244107744107744,13.06174715433498,9.014539725836357,8.646070328081546,False,0.9854961417977609,1.392253269011838,1.392253269011838,1.3720602250164866,0.7288309811531662,395.47357177734375,0.8919873375803652,159.35889350218292,0.6347890397710173,1.1210921476897122,False,False,False,False,False,1.0,1.0,1.0,69.00481540930978,69.96629213483146,69.26966292134831,69.00481540930978,69.96629213483146,69.26966292134831,64.0,66.0,64.0,75.0,74.0,74.0,12.0,9.0,11.0,12.0,9.0,11.0,-0.798371466703311,-0.03602768234123691,-0.6010865222737263,-0.798371466703311,-0.03602768234123691,-0.6010865222737263,11.803809802809768,8.602982279927206,8.478205844822766
664_0_0,/Users/kvothearcane/Personal/Coding Projects/GrowthNet/rivanna_pull/analysis/synthetic_lollipop_v1/masks/664_0_0_synthetic_lollipop.nii.gz,False,,1.0,101,101.0,1,101,1.0,1.0,0.0,5.777956268578565,6.0,180.0,0.5611111111111111,5.4803001495838135,5.1111419270928415,4.508841183451608,False,0.9972056307586057,1.162788488421067,1.162788488421067,1.1595392280347758,0.8624115302203548,109.09066009521484,0.9614148015114301,127.2682174506997,1.0801055454971766,1.0401337678886475,False,False,False,False,False,1.0,1.0,1.0,53.960396039603964,53.79207920792079,54.396039603960396,53.960396039603964,53.79207920792079,54.396039603960396,52.0,51.0,52.0,56.0,56.0,57.0,5.0,6.0,6.0,5.0,6.0,6.0,-0.051281814938400685,-0.3813446404448436,0.923009447763465,-0.051281814938400685,-0.3813446404448436,0.923009447763465,5.713305956897959,4.9272209329054375,4.913452458284972
664_1_175,/Users/kvothearcane/Personal/Coding Projects/GrowthNet/rivanna_pull/analysis/synthetic_lollipop_v1/masks/664_1_175_synthetic_lollipop.nii.gz,False,,1.0,176,176.0,1,176,1.0,1.0,0.0,6.952985897165982,8.0,392.0,0.4489795918367347,7.065601973836978,6.372272801604341,6.324392592227728,False,0.9758688807524161,1.173356209638185,1.173356209638185,1.145041811023513,0.8733305547210847,166.51226806640625,0.9121081436938453,149.04361426236804,0.9460924321954901,1.0963612230784512,False,False,False,False,False,1.0,1.0,1.0,60.26136363636363,61.05681818181818,61.02272727272727,60.26136363636363,61.05681818181818,61.02272727272727,57.0,58.0,58.0,64.0,64.0,64.0,8.0,7.0,7.0,8.0,7.0,7.0,-0.9982597944798174,0.05392921096450736,0.02385420151374871,-0.9982597944798173,0.053929210964507354,0.023854201513748705,6.897832943034346,6.024088270513557,5.878720278099823
664_2_210,/Users/kvothearcane/Personal/Coding Projects/GrowthNet/rivanna_pull/analysis/synthetic_lollipop_v1/masks/664_2_210_synthetic_lollipop.nii.gz,False,,1.0,44,44.0,1,44,1.0,1.0,0.0,4.380106645730805,5.0,125.0,0.352,4.079371009750147,3.668964505872811,2.8284271247461916,False,0.9115305501734047,1.2478635593087803,1.2478635593087803,1.1374657567580755,0.8791473449276656,62.267093658447266,0.9679672123109427,124.70114265577352,1.415161219510165,1.0330928437261646,False,False,False,False,False,1.0,1.0,1.0,48.79545454545455,49.31818181818182,48.79545454545455,48.79545454545455,49.31818181818182,48.79545454545455,47.0,47.0,47.0,51.0,51.0,51.0,5.0,5.0,5.0,5.0,5.0,5.0,-0.5546641771603413,0.6202381003695949,-0.554664177160341,-0.5546641771603412,0.6202381003695948,-0.5546641771603409,4.4384601448837495,3.9020604519418103,3.5568473105684024
679_1_94,/Users/kvothearcane/Personal/Coding Projects/GrowthNet/rivanna_pull/analysis/synthetic_lollipop_v1/masks/679_1_94_synthetic_lollipop.nii.gz,False,,1.0,1761,1761.0,1,1761,1.0,1.0,0.0,14.98259055362593,19.0,3705.0,0.47530364372469636,19.811073398981996,12.795076844243457,12.455360292851736,False,0.9967795636323923,1.5118665554389026,1.5118665554389026,1.5069976854007971,0.6635710258135151,834.1702880859375,0.8454131100647823,187.1739642721847,0.4736912482032581,1.1828536701109025,False,False,False,False,False,1.0,1.0,1.0,83.47359454855196,85.79784213515049,85.02044293015332,83.47359454855196,85.79784213515049,85.02044293015332,75.0,79.0,79.0,93.0,93.0,91.0,19.0,15.0,13.0,19.0,15.0,13.0,-0.8776701100924446,0.47861297813530057,0.02499589987927088,-0.8776701100924446,0.47861297813530057,0.02499589987927088,17.73920879036748,11.771224974144275,11.733316493146248
690_0_0,/Users/kvothearcane/Personal/Coding Projects/GrowthNet/rivanna_pull/analysis/synthetic_lollipop_v1/masks/690_0_0_synthetic_lollipop.nii.gz,False,,1.0,1814,1814.0,1,1814,1.0,1.0,0.0,15.131415380125151,20.0,3640.0,0.49835164835164836,20.43542839316474,12.761819821959369,12.626975920306261,False,0.9948739701766417,1.575318459680234,1.575318459680234,1.5672433302746263,0.6380630120944724,850.5457763671875,0.8456901793397453,186.99005590830657,0.4688785977768399,1.182466137635332,False,False,False,False,False,1.0,1.0,1.0,88.393605292172,89.1438809261301,90.61852260198457,88.393605292172,89.1438809261301,90.61852260198457,82.0,83.0,80.0,95.0,95.0,99.0,14.0,13.0,20.0,14.0,13.0,20.0,-0.3387220475074839,0.08957861021519212,0.9366125384193041,-0.3387220475074839,0.08957861021519212,0.9366125384193041,18.417740809840797,11.751679177102305,11.69143971916594
696_0_0,/Users/kvothearcane/Personal/Coding Projects/GrowthNet/rivanna_pull/analysis/synthetic_lollipop_v1/masks/696_0_0_synthetic_lollipop.nii.gz,False,,1.0,1425,1425.0,1,1425,1.0,1.0,0.0,13.9617143191655,18.0,3510.0,0.405982905982906,18.794287021223838,11.810875140187955,11.792511085961241,False,0.998023521289772,1.535933815325721,1.535933815325721,1.5328980748394105,0.6523590944588811,732.907470703125,0.8355611112267849,193.87317249918416,0.5143210320723685,1.196800553022128,False,False,False,False,False,1.0,1.0,1.0,80.13263157894737,82.34456140350878,81.29473684210527,80.13263157894737,82.34456140350878,81.29473684210527,73.0,73.0,75.0,87.0,90.0,87.0,15.0,18.0,13.0,15.0,18.0,13.0,-0.5250852622597726,0.8335687470327038,0.17160597695859642,-0.5250852622597726,0.8335687470327038,0.17160597695859642,16.729445360128,10.913605825932432,10.892035316365657
709_0_0,/Users/kvothearcane/Personal/Coding Projects/GrowthNet/rivanna_pull/analysis/synthetic_lollipop_v1/masks/709_0_0_synthetic_lollipop.nii.gz,False,,1.0,71,71.0,1,71,1.0,1.0,0.0,5.137516647158831,5.0,125.0,0.568,4.803750948900888,4.387398450839438,4.216296586737436,False,0.980147653720933,1.1779163639018124,1.1779163639018124,1.154531960357854,0.8661518557615712,88.71475982666016,0.9346746753917424,138.50675227050363,1.2495036595304247,1.0698909752539068,False,False,False,False,False,1.0,1.0,1.0,52.71830985915493,53.183098591549296,52.83098591549296,52.71830985915493,53.183098591549296,52.83098591549296,51.0,51.0,51.0,55.0,55.0,55.0,5.0,5.0,5.0,5.0,5.0,5.0,-0.6749030982336602,0.5303624798965868,-0.5130511162764865,-0.6749030982336603,0.5303624798965869,-0.5130511162764866,5.134161565177075,4.446963567457856,4.3586809068262875
709_1_371,/Users/kvothearcane/Personal/Coding Projects/GrowthNet/rivanna_pull/analysis/synthetic_lollipop_v1/masks/709_1_371_synthetic_lollipop.nii.gz,False,,1.0,68,68.0,1,68,1.0,1.0,0.0,5.064113492312934,6.0,150.0,0.4533333333333333,4.929431549436048,4.581123548082104,4.100544599863034,False,0.96336328939947,1.116238131612459,1.116238131612459,1.075342838223297,0.9299359836275286,85.10365295410156,0.9466916160414502,133.2989659595999,1.2515243081485523,1.0563101891421163,False,False,False,False,False,1.0,1.0,1.0,48.89705882352941,48.970588235294116,49.26470588235294,48.89705882352941,48.970588235294116,49.26470588235294,47.0,47.0,47.0,51.0,51.0,52.0,5.0,5.0,6.0,5.0,5.0,6.0,-0.43930420220668687,-0.023708103046577392,0.8980254694458724,-0.43930420220668687,-0.023708103046577392,0.8980254694458724,4.8566404640319885,4.516364727044844,4.3508999795736605
709_2_763,/Users/kvothearcane/Personal/Coding Projects/GrowthNet/rivanna_pull/analysis/synthetic_lollipop_v1/masks/709_2_763_synthetic_lollipop.nii.gz,False,,1.0,93,93.0,1,93,1.0,1.0,0.0,5.62118797776233,6.0,150.0,0.62,5.74138083699552,4.745771844918584,4.242640687119309,False,0.9983713726843353,1.1902757843701828,1.1902757843701828,1.1883372687145832,0.8415119396883796,101.6231689453125,0.9768173316225957,121.34232259376348,1.0927222467237903,1.0237328593862023,False,False,False,False,False,1.0,1.0,1.0,54.87096774193548,54.73118279569893,54.87096774193548,54.87096774193548,54.73118279569893,54.87096774193548,53.0,52.0,53.0,57.0,57.0,57.0,5.0,6.0,5.0,5.0,6.0,5.0,-0.3684439624393028,-0.8535209974476614,-0.3684439624393032,-0.3684439624393028,-0.8535209974476614,-0.3684439624393032,5.637785274821078,4.744263622161269,4.736536984833503
731_5_4977,/Users/kvothearcane/Personal/Coding Projects/GrowthNet/rivanna_pull/analysis/synthetic_lollipop_v1/masks/731_5_4977_synthetic_lollipop.nii.gz,False,,1.0,47,47.0,1,47,1.0,1.0,0.0,4.477474060769193,5.0,125.0,0.376,3.9721786232259912,3.78134740028527,3.70129903789373,False,0.975305142599318,1.1413196968492574,1.1413196968492574,1.1131349696869755,0.8983636551111227,65.29034423828125,0.964644008905503,125.99437580471998,1.3891562603889627,1.0366518537077865,False,False,False,False,False,1.0,1.0,1.0,47.702127659574465,47.87234042553192,48.361702127659576,47.702127659574465,47.87234042553192,48.361702127659576,46.0,46.0,46.0,50.0,50.0,50.0,5.0,5.0,5.0,5.0,5.0,5.0,-0.6559709716142251,-0.2768474809108428,0.7021805727252856,-0.6559709716142251,-0.2768474809108428,0.7021805727252856,4.378525034789894,3.9335077542494052,3.836370341173739
731_6_5458,/Users/kvothearcane/Personal/Coding Projects/GrowthNet/rivanna_pull/analysis/synthetic_lollipop_v1/masks/731_6_5458_synthetic_lollipop.nii.gz,False,,1.0,81,81.0,1,81,1.0,1.0,0.0,5.368201373637897,6.0,150.0,0.54,5.302147597686672,4.569459031815987,4.49487796770024,False,0.9873662873682258,1.1548126870702506,1.1548126870702506,1.1402231154382783,0.8770213359651288,95.2998046875,0.9499821823427189,131.91858793991722,1.1765407986111112,1.0526513218741995,False,False,False,False,False,1.0,1.0,1.0,50.44444444444444,50.93827160493827,51.02469135802469,50.44444444444444,50.93827160493827,51.02469135802469,48.0,49.0,49.0,53.0,53.0,53.0,6.0,5.0,5.0,6.0,5.0,5.0,-0.9687439719849423,-0.22921386888098072,0.09484787322576012,-0.9687439719849423,-0.22921386888098072,0.09484787322576012,5.291345590835493,4.640622979127738,4.58199468197703
733_1_53,/Users/kvothearcane/Personal/Coding Projects/GrowthNet/rivanna_pull/analysis/synthetic_lollipop_v1/masks/733_1_53_synthetic_lollipop.nii.gz,False,,1.0,106,106.0,1,106,1.0,1.0,0.0,5.871770611970456,6.0,216.0,0.49074074074074076,5.799124811127976,5.123220559206345,4.914245078078239,False,0.948569479650125,1.2027116784902925,1.2027116784902925,1.1408555910346652,0.8765351266702209,113.13302612304688,0.9574114801337846,128.87138064937977,1.067292699274027,1.044482984327976,False,False,False,False,False,1.0,1.0,1.0,55.632075471698116,56.31132075471698,56.264150943396224,55.632075471698116,56.31132075471698,56.264150943396224,53.0,54.0,54.0,58.0,59.0,59.0,6.0,6.0,6.0,6.0,6.0,6.0,-0.7036706708137502,0.5681887185765339,0.42662532404779174,-0.7036706708137502,0.5681887185765339,0.42662532404779174,5.8583849546663345,5.135080198321372,4.8709803516833645
733_2_242,/Users/kvothearcane/Personal/Coding Projects/GrowthNet/rivanna_pull/analysis/synthetic_lollipop_v1/masks/733_2_242_synthetic_lollipop.nii.gz,False,,1.0,238,238.0,1,238,1.0,1.0,0.0,7.688815591542102,9.0,441.0,0.5396825396825397,8.979975567906418,6.93568329581728,6.638389532798054,False,0.9848950705397082,1.2171694464510106,1.2171694464510106,1.1987841878211458,0.8341785036534002,197.7698974609375,0.939092936927349,136.56098825323988,0.8309659557182247,1.0648573327278288,False,False,False,False,False,1.0,1.0,1.0,62.831932773109244,62.819327731092436,63.760504201680675,62.831932773109244,62.819327731092436,63.760504201680675,60.0,60.0,59.0,66.0,66.0,67.0,7.0,7.0,9.0,7.0,7.0,9.0,-0.23450532092081275,-0.26374986974671294,0.9356512494879803,-0.23450532092081275,-0.26374986974671294,0.9356512494879803,7.820543996520545,6.5237296887730905,6.4251892120061616
734_1_365,/Users/kvothearcane/Personal/Coding Projects/GrowthNet/rivanna_pull/analysis/synthetic_lollipop_v1/masks/734_1_365_synthetic_lollipop.nii.gz,False,,1.0,781,781.0,1,781,1.0,1.0,0.0,11.425734738249664,15.0,1500.0,0.5206666666666667,14.84514511504253,9.682127810066547,9.544894748026511,False,0.984479093361318,1.5056995996147367,1.5056995996147367,1.4823297767032153,0.6746137166751491,475.90606689453125,0.8617809821464237,176.7102153041141,0.6093547591479274,1.160387639919039,False,False,False,False,False,1.0,1.0,1.0,65.32650448143406,67.06914212548016,66.60307298335468,65.32650448143406,67.06914212548016,66.60307298335468,59.0,63.0,62.0,73.0,72.0,71.0,15.0,10.0,10.0,15.0,10.0,10.0,-0.9735520547805736,0.050900892918995015,-0.22272291245530187,-0.9735520547805736,0.050900892918995015,-0.22272291245530187,13.443752733034339,9.069339997293989,8.928575617921524
734_2_768,/Users/kvothearcane/Personal/Coding Projects/GrowthNet/rivanna_pull/analysis/synthetic_lollipop_v1/masks/734_2_768_synthetic_lollipop.nii.gz,False,,1.0,1327,1327.0,1,1327,1.0,1.0,0.0,13.634025445108323,17.0,3094.0,0.4288946347769877,18.19385495714165,11.657779196060066,11.558155781531495,False,0.9905930397705687,1.5003970460783502,1.5003970460783502,1.4862828707375348,0.6728194340985523,690.4781494140625,0.8457619318244995,186.94246853509026,0.5203301804175301,1.182365819945069,False,False,False,False,False,1.0,1.0,1.0,77.33458929917106,79.55689525244914,77.82667671439337,77.33458929917106,79.55689525244914,77.82667671439337,70.0,74.0,71.0,86.0,86.0,84.0,17.0,13.0,14.0,17.0,13.0,14.0,-0.7897295002062447,0.27928295023242855,-0.5461944252859653,-0.7897295002062447,0.27928295023242855,-0.5461944252859653,16.056455256141128,10.803095139065599,10.701470852737646
735_2_721,/Users/kvothearcane/Personal/Coding Projects/GrowthNet/rivanna_pull/analysis/synthetic_lollipop_v1/masks/735_2_721_synthetic_lollipop.nii.gz,False,,1.0,568,568.0,1,568,1.0,1.0,0.0,10.275033294317662,13.0,1053.0,0.5394112060778727,12.36148414842873,8.959466952381987,8.837741588186066,False,0.9869679929152868,1.34997628398985,1.34997628398985,1.3323833834926995,0.7505347277587685,370.6749267578125,0.8947941536667999,157.86394800412523,0.6525967020384023,1.117575473534415,False,False,False,False,False,1.0,1.0,1.0,66.90140845070422,65.55633802816901,67.15669014084507,66.90140845070422,65.55633802816901,67.15669014084507,63.0,60.0,63.0,71.0,72.0,71.0,9.0,13.0,9.0,9.0,13.0,9.0,-0.06567353790581205,-0.9908668377316909,0.11777052391210915,-0.06567353790581205,-0.9908668377316909,0.11777052391210915,11.204303940339903,8.409219207589507,8.299630203299294
735_3_1012,/Users/kvothearcane/Personal/Coding Projects/GrowthNet/rivanna_pull/analysis/synthetic_lollipop_v1/masks/735_3_1012_synthetic_lollipop.nii.gz,False,,1.0,558,558.0,1,558,1.0,1.0,0.0,10.214376430572381,14.0,1134.0,0.49206349206349204,13.124289687954661,8.781830667330196,8.768502518117813,False,0.9917861104842824,1.3307369934355455,1.3307369934355455,1.3198064667969878,0.7576868466381137,369.100341796875,0.8880330782750646,161.4971803581221,0.6614701465893817,1.12608417914164,False,False,False,False,False,1.0,1.0,1.0,67.84587813620071,69.05017921146954,69.13082437275986,67.84587813620071,69.05017921146954,69.13082437275986,62.0,65.0,65.0,75.0,73.0,73.0,14.0,9.0,9.0,14.0,9.0,9.0,-0.9923798075010223,0.0520650306875409,0.11167609522068488,-0.9923798075010223,0.0520650306875409,0.11167609522068488,11.06060889362582,8.380477874508824,8.311641555158692
743_0_0,/Users/kvothearcane/Personal/Coding Projects/GrowthNet/rivanna_pull/analysis/synthetic_lollipop_v1/masks/743_0_0_synthetic_lollipop.nii.gz,False,,1.0,360,360.0,1,360,1.0,1.0,0.0,8.826082030068797,10.0,640.0,0.5625,10.275429785637524,7.849082919517221,7.5778485944945775,False,0.9927850344832847,1.2594048780771614,1.2594048780771614,1.2503183153102517,0.7997963300664455,265.7120056152344,0.9210317767657692,144.75331921897447,0.7380889044867621,1.0857388694139631,False,False,False,False,False,1.0,1.0,1.0,63.05555555555556,63.59722222222222,63.875,63.05555555555556,63.59722222222222,63.875,59.0,60.0,60.0,68.0,67.0,67.0,10.0,8.0,8.0,10.0,8.0,8.0,-0.9188425848409218,-0.3795960172673793,-0.10786643573233065,-0.9188425848409218,-0.3795960172673793,-0.10786643573233065,9.208099334916767,7.364604054953707,7.311468690652955
743_3_631,/Users/kvothearcane/Personal/Coding Projects/GrowthNet/rivanna_pull/analysis/synthetic_lollipop_v1/masks/743_3_631_synthetic_lollipop.nii.gz,False,,1.0,2528,2528.0,1,2528,1.0,1.0,0.0,16.901535000141788,21.0,5985.0,0.4223893065998329,22.97887296669542,14.161324683654621,14.115605064478196,False,0.9966167245832784,1.5850836703421796,1.5850836703421796,1.5797208957268642,0.6330232148634574,1069.994140625,0.8387272849331482,191.68585183209038,0.4232571758801424,1.1922826620332332,False,False,False,False,False,1.0,1.0,1.0,94.03520569620254,96.21875,97.59335443037975,94.03520569620254,96.21875,97.59335443037975,85.0,89.0,88.0,105.0,103.0,106.0,21.0,15.0,19.0,21.0,15.0,19.0,-0.7623691765019999,0.10689945771959906,0.638252101178616,-0.7623691765019999,0.10689945771959906,0.638252101178616,20.707435822737025,13.108287596087713,13.063938648908554
744_0_0,/Users/kvothearcane/Personal/Coding Projects/GrowthNet/rivanna_pull/analysis/synthetic_lollipop_v1/masks/744_0_0_synthetic_lollipop.nii.gz,False,,1.0,1196,1196.0,1,1196,1.0,1.0,0.0,13.1697496434175,18.0,2376.0,0.5033670033670034,17.4818689852017,11.192840492727653,11.067715854259465,False,0.9967428085131143,1.520001032514553,1.520001032514553,1.515050098091389,0.660044180228606,634.3930053710938,0.8589077570247481,178.48955159307414,0.5304289342567674,1.1642693779643982,False,False,False,False,False,1.0,1.0,1.0,75.32190635451505,77.33193979933111,77.10953177257525,75.32190635451505,77.33193979933111,77.10953177257525,68.0,72.0,72.0,85.0,83.0,82.0,18.0,12.0,11.0,18.0,12.0,11.0,-0.9795392157540107,0.1959294326423136,0.04598458681426654,-0.9795392157540107,0.1959294326423136,0.04598458681426654,15.65536293224245,10.333231192793274,10.299573880120086
744_2_478,/Users/kvothearcane/Personal/Coding Projects/GrowthNet/rivanna_pull/analysis/synthetic_lollipop_v1/masks/744_2_478_synthetic_lollipop.nii.gz,False,,1.0,876,876.0,1,876,1.0,1.0,0.0,11.87139697723358,14.0,1960.0,0.44693877551020406,15.5583878667445,9.946234703808265,9.93085105504014,False,0.9846010735959075,1.505087989871195,1.505087989871195,1.481911250683485,0.674804243195253,511.1066589355469,0.8662474903728908,173.9908481690139,0.5834550901090718,1.1544044988453972,False,False,False,False,False,1.0,1.0,1.0,72.65639269406392,71.6689497716895,71.66324200913242,72.65639269406392,71.6689497716895,71.66324200913242,68.0,66.0,66.0,77.0,79.0,79.0,10.0,14.0,14.0,10.0,14.0,14.0,-0.1992157943816785,-0.6965605340509431,-0.6892869429138652,-0.1992157943816785,-0.6965605340509431,-0.6892869429138652,13.983410073125164,9.436064451684103,9.290759189648346
745_1_403,/Users/kvothearcane/Personal/Coding Projects/GrowthNet/rivanna_pull/analysis/synthetic_lollipop_v1/masks/745_1_403_synthetic_lollipop.nii.gz,False,,1.0,149,149.0,1,149,1.0,1.0,0.0,6.577525624953261,7.0,343.0,0.43440233236151604,6.602617617038705,5.844614096519402,5.715989087349272,False,0.9827554825350706,1.16473621283645,1.16473621283645,1.1446508988721562,0.8736288076874066,146.99560546875,0.9246356174479533,143.0673449051449,0.9865476877097316,1.0815071160248582,False,False,False,False,False,1.0,1.0,1.0,58.63758389261745,58.91275167785235,59.24832214765101,58.63758389261745,58.91275167785235,59.24832214765101,56.0,56.0,56.0,62.0,62.0,62.0,7.0,7.0,7.0,7.0,7.0,7.0,-0.8114698936019323,-0.1358773673539779,0.568378353580272,-0.8114698936019323,-0.1358773673539779,0.568378353580272,6.5031123079577,5.681306251858384,5.5833348669745995
745_2_589,/Users/kvothearcane/Personal/Coding Projects/GrowthNet/rivanna_pull/analysis/synthetic_lollipop_v1/masks/745_2_589_synthetic_lollipop.nii.gz,False,,1.0,252,252.0,1,252,1.0,1.0,0.0,7.8367135542065425,9.0,504.0,0.5,8.25161766433564,6.8250430544801475,6.673738156525314,False,0.9974650253175827,1.1941162513228303,1.1941162513228303,1.1910891968578639,0.8395676853068905,206.34950256347656,0.9350059876830007,138.3595679800549,0.8188472323947482,1.06951186748874,False,False,False,False,False,1.0,1.0,1.0,62.18650793650794,63.29761904761905,63.07936507936508,62.18650793650794,63.29761904761905,63.07936507936508,58.0,60.0,60.0,66.0,67.0,66.0,9.0,8.0,7.0,9.0,8.0,7.0,-0.9279182792493448,0.3500753223672765,0.12812078560632806,-0.9279182792493448,0.3500753223672765,0.12812078560632806,7.899228076257109,6.631936631694383,6.615124840237642
747_1_6,/Users/kvothearcane/Personal/Coding Projects/GrowthNet/rivanna_pull/analysis/synthetic_lollipop_v1/masks/747_1_6_synthetic_lollipop.nii.gz,False,,1.0,1071,1071.0,1,1071,1.0,1.0,0.0,12.693954856719362,17.0,2244.0,0.4772727272727273,17.188386539363485,10.72665869919049,10.61732905129307,False,0.9932890143727938,1.599102611006704,1.599102611006704,1.5883710563678102,0.6295758135298303,602.233154296875,0.8405801130295343,190.42108724790236,0.5623092010241597,1.18965460221977,False,False,False,False,False,1.0,1.0,1.0,77.55088702147526,76.56769374416433,78.18020541549953,77.55088702147526,76.56769374416433,78.18020541549953,72.0,69.0,73.0,83.0,85.0,83.0,12.0,17.0,11.0,12.0,17.0,11.0,-0.31207876577086924,-0.9449570975614856,0.09830019187724906,-0.31207876577086924,-0.9449570975614856,0.09830019187724906,15.600044072206178,9.821410437860411,9.755499093573038
747_2_201,/Users/kvothearcane/Personal/Coding Projects/GrowthNet/rivanna_pull/analysis/synthetic_lollipop_v1/masks/747_2_201_synthetic_lollipop.nii.gz,False,,1.0,1091,1091.0,1,1091,1.0,1.0,0.0,12.772484258087704,17.0,2431.0,0.448786507610037,16.758047023495756,10.742692487109466,10.636514247782165,False,0.9919435909393106,1.502019729268371,1.502019729268371,1.4899188439121591,0.671177496738176,601.278076171875,0.8523643085567085,182.6318866007247,0.5511256426873281,1.1732072659087287,False,False,False,False,False,1.0,1.0,1.0,71.5673693858845,73.70119156736939,72.87167736021998,71.5673693858845,73.70119156736939,72.87167736021998,64.0,68.0,68.0,80.0,80.0,78.0,17.0,13.0,11.0,17.0,13.0,11.0,-0.9024110355426889,0.4210428902309746,-0.09152708624620083,-0.9024110355426889,0.4210428902309746,-0.09152708624620083,15.048780742506995,10.100402987717514,10.019030009570653
747_3_565,/Users/kvothearcane/Personal/Coding Projects/GrowthNet/rivanna_pull/analysis/synthetic_lollipop_v1/masks/747_3_565_synthetic_lollipop.nii.gz,False,,1.0,1107,1107.0,1,1107,1.0,1.0,0.0,12.834619546795206,16.0,2496.0,0.44350961538461536,17.115315812763427,10.817637659341472,10.752618093236702,False,0.9943373594333695,1.5310060195698394,1.5310060195698394,1.5223364827756678,0.6568849996793781,607.337890625,0.8520900519259308,182.80829094556728,0.5486340475383921,1.1735848784289369,False,False,False,False,False,1.0,1.0,1.0,74.6829268292683,76.39024390243902,76.8383017163505,74.6829268292683,76.39024390243902,76.8383017163505,68.0,71.0,71.0,83.0,82.0,83.0,16.0,12.0,13.0,16.0,12.0,13.0,-0.8216272547093675,0.2570596557742614,0.5087720390233393,-0.8216272547093675,0.2570596557742614,0.5087720390233393,15.331521272035008,10.071046345865094,10.014017630278582
