case_id,seg_path_pulled,failed_pulled,failure_reason_pulled,voxel_volume_mm3_pulled,mask_voxel_count_pulled,volume_mm3_pulled,connected_component_count_pulled,largest_component_voxel_count_pulled,largest_component_fraction_pulled,component_volume_fraction_largest_pulled,component_volume_fraction_second_largest_pulled,equivalent_sphere_diameter_mm_pulled,max_diameter_bbox_mm_pulled,bbox_volume_mm3_pulled,bbox_fill_fraction_pulled,principal_axis_length_major_mm_pulled,principal_axis_length_minor1_mm_pulled,principal_axis_length_minor2_mm_pulled,principal_axis_sign_aligned_pulled,flatness_pulled,aspect_ratio_major_to_minor2_pulled,elongation_legacy_major_to_minor2_pulled,elongation_pulled,secondary_axis_ratio_pulled,surface_area_mm2_pulled,sphericity_pulled,compactness_pulled,surface_to_volume_ratio_pulled,roughness_index_pulled,empty_mask_pulled,multiple_components_pulled,tiny_component_fraction_pulled,surface_area_failed_pulled,principal_axis_failed_pulled,voxel_spacing_mm_x_pulled,voxel_spacing_mm_y_pulled,voxel_spacing_mm_z_pulled,centroid_vox_x_pulled,centroid_vox_y_pulled,centroid_vox_z_pulled,centroid_mm_x_pulled,centroid_mm_y_pulled,centroid_mm_z_pulled,bounding_box_min_vox_x_pulled,bounding_box_min_vox_y_pulled,bounding_box_min_vox_z_pulled,bounding_box_max_vox_x_pulled,bounding_box_max_vox_y_pulled,bounding_box_max_vox_z_pulled,bounding_box_size_vox_x_pulled,bounding_box_size_vox_y_pulled,bounding_box_size_vox_z_pulled,bounding_box_size_mm_x_pulled,bounding_box_size_mm_y_pulled,bounding_box_size_mm_z_pulled,principal_axis_vector_vox_x_pulled,principal_axis_vector_vox_y_pulled,principal_axis_vector_vox_z_pulled,principal_axis_vector_mm_x_pulled,principal_axis_vector_mm_y_pulled,principal_axis_vector_mm_z_pulled,principal_axis_lengths_mm_x_pulled,principal_axis_lengths_mm_y_pulled,principal_axis_lengths_mm_z_pulled,seg_path_local,failed_local,failure_reason_local,voxel_volume_mm3_local,mask_voxel_count_local,volume_mm3_local,connected_component_count_local,largest_component_voxel_count_local,largest_component_fraction_local,component_volume_fraction_largest_local,component_volume_fraction_second_largest_local,equivalent_sphere_diameter_mm_local,max_diameter_bbox_mm_local,bbox_volume_mm3_local,bbox_fill_fraction_local,principal_axis_length_major_mm_local,principal_axis_length_minor1_mm_local,principal_axis_length_minor2_mm_local,principal_axis_sign_aligned_local,flatness_local,aspect_ratio_major_to_minor2_local,elongation_legacy_major_to_minor2_local,elongation_local,secondary_axis_ratio_local,surface_area_mm2_local,sphericity_local,compactness_local,surface_to_volume_ratio_local,roughness_index_local,empty_mask_local,multiple_components_local,tiny_component_fraction_local,surface_area_failed_local,principal_axis_failed_local,voxel_spacing_mm_x_local,voxel_spacing_mm_y_local,voxel_spacing_mm_z_local,centroid_vox_x_local,centroid_vox_y_local,centroid_vox_z_local,centroid_mm_x_local,centroid_mm_y_local,centroid_mm_z_local,bounding_box_min_vox_x_local,bounding_box_min_vox_y_local,bounding_box_min_vox_z_local,bounding_box_max_vox_x_local,bounding_box_max_vox_y_local,bounding_box_max_vox_z_local,bounding_box_size_vox_x_local,bounding_box_size_vox_y_local,bounding_box_size_vox_z_local,bounding_box_size_mm_x_local,bounding_box_size_mm_y_local,bounding_box_size_mm_z_local,principal_axis_vector_vox_x_local,principal_axis_vector_vox_y_local,principal_axis_vector_vox_z_local,principal_axis_vector_mm_x_local,principal_axis_vector_mm_y_local,principal_axis_vector_mm_z_local,principal_axis_lengths_mm_x_local,principal_axis_lengths_mm_y_local,principal_axis_lengths_mm_z_local
57_0_0,/sfs/ceph/standard/gam_ai_group/people_scratch/ethan hirai/GrowthNet/analysis/synthetic_lollipop_v1/masks/57_0_0_synthetic_lollipop.nii.gz,False,,1.0,99,99.0,1,99,1.0,1.0,0.0,5.7395633987581025,12.0,672.0,0.1473214285714285,11.637736354675702,6.612358095728257,5.327695557446421,True,0.8506236915562853,2.709576636644527,2.709576636644527,2.3048300812172307,0.4338714633019186,161.7578582763672,0.6397970001586666,431.8428914465974,1.6339177603673454,1.562995762330872,False,False,False,False,False,1.0,1.0,1.0,48.27272727272727,48.0,47.77777777777778,48.27272727272727,48.0,47.77777777777778,41.0,44.0,45.0,52.0,51.0,51.0,12.0,8.0,7.0,12.0,8.0,7.0,0.8722141487956331,0.4859324777865618,0.0557862498553366,0.8722141487956331,0.4859324777865618,0.0557862498553366,12.1154314756183,5.256539982860636,4.471337445034126,/Users/kvothearcane/Personal/Coding Projects/GrowthNet/rivanna_pull/analysis/synthetic_lollipop_v1/masks/57_0_0_synthetic_lollipop.nii.gz,False,,1.0,104,104.0,1,104,1.0,1.0,0.0,5.834606511185437,6.0,180.0,0.5777777777777777,5.376333594282634,5.376333594282634,4.0,False,0.987868886380605,1.1335362432184326,1.1335362432184326,1.1197851862602477,0.8930284239066469,111.33536529541016,0.960594020586915,127.59472980799144,1.070532358609713,1.0410225116631564,False,False,False,False,False,1.0,1.0,1.0,52.80769230769231,53.0,52.57692307692308,52.80769230769231,53.0,52.57692307692308,50.0,51.0,50.0,55.0,55.0,55.0,6.0,5.0,6.0,6.0,5.0,6.0,-0.3176297563592856,0.0,-0.9482148163128126,-0.3176297563592856,0.0,-0.9482148163128126,5.65114929594898,5.046636949022475,4.985415622798047
57_1_208,/sfs/ceph/standard/gam_ai_group/people_scratch/ethan hirai/GrowthNet/analysis/synthetic_lollipop_v1/masks/57_1_208_synthetic_lollipop.nii.gz,False,,1.0,46,46.0,1,46,1.0,1.0,0.0,4.445491011401585,6.0,180.0,0.2555555555555555,7.048819924578648,3.652334610017381,3.1605032315536237,True,0.9147815532467248,2.794129527581027,2.794129527581027,2.556018149213109,0.3912335287243004,79.95843505859375,0.7764706780505359,241.5890206464251,1.738226849099864,1.2878786389083914,False,False,False,False,False,1.0,1.0,1.0,47.78260869565217,47.97826086956522,47.71739130434783,47.78260869565217,47.97826086956522,47.71739130434783,45.0,46.0,45.0,50.0,50.0,50.0,6.0,5.0,6.0,6.0,5.0,6.0,0.6522895544570719,0.4325637189153694,0.622420248886795,0.6522895544570719,0.4325637189153694,0.622420248886795,8.331761027000452,3.259664267080988,2.9818807413031925,/Users/kvothearcane/Personal/Coding Projects/GrowthNet/rivanna_pull/analysis/synthetic_lollipop_v1/masks/57_1_208_synthetic_lollipop.nii.gz,False,,1.0,39,39.0,1,39,1.0,1.0,0.0,4.207479366835002,4.0,64.0,0.609375,3.866612365075947,3.3738654967112467,3.3426710888985776,False,0.9494169820086434,1.2221720459987324,1.2221720459987324,1.1603508954074455,0.8618082719269675,56.84814453125,0.9783124225477688,120.78685372685966,1.4576447315705128,1.0221683553764465,False,False,False,False,False,1.0,1.0,1.0,43.61538461538461,44.282051282051285,44.15384615384615,43.61538461538461,44.282051282051285,44.15384615384615,42.0,43.0,43.0,45.0,46.0,46.0,4.0,4.0,4.0,4.0,4.0,4.0,-0.822791716356295,0.5478398848298749,0.1512787231736564,-0.822791716356295,0.5478398848298749,0.1512787231736564,4.264881679681143,3.675510310338989,3.489591906183695
57_2_572,/sfs/ceph/standard/gam_ai_group/people_scratch/ethan hirai/GrowthNet/analysis/synthetic_lollipop_v1/masks/57_2_572_synthetic_lollipop.nii.gz,False,,1.0,44,44.0,1,44,1.0,1.0,0.0,4.380106645730805,7.0,175.0,0.2514285714285714,6.997853406641818,3.5672736688965205,2.8656475633299916,True,0.922276011969248,2.483756585124252,2.483756585124252,2.2907091180307533,0.4365460425021867,80.14242553710938,0.7520673933104611,265.8778107487995,1.8214187622070312,1.329668070833633,False,False,False,False,False,1.0,1.0,1.0,47.93181818181818,47.97727272727273,48.11363636363637,47.93181818181818,47.97727272727273,48.11363636363637,46.0,46.0,46.0,50.0,50.0,52.0,5.0,5.0,7.0,5.0,5.0,7.0,-0.4173499244906903,-0.3076936171180707,0.8550693998222677,-0.4173499244906903,-0.3076936171180707,0.8550693998222677,7.604147941803949,3.3195606905956625,3.0615511952124503,/Users/kvothearcane/Personal/Coding Projects/GrowthNet/rivanna_pull/analysis/synthetic_lollipop_v1/masks/57_2_572_synthetic_lollipop.nii.gz,False,,1.0,41,41.0,1,41,1.0,1.0,0.0,4.278206515598402,4.0,64.0,0.640625,4.058103830263347,3.67338189780535,2.8284271247461916,False,0.9013873788710652,1.2237993512952248,1.2237993512952248,1.1031172895281127,0.906521917019156,57.87479019165039,0.9935367426541492,115.31892238874602,1.4115802485768387,1.0065053027919075,False,False,False,False,False,1.0,1.0,1.0,43.73170731707317,44.26829268292683,43.609756097560975,43.73170731707317,44.26829268292683,43.609756097560975,42.0,43.0,42.0,45.0,46.0,45.0,4.0,4.0,4.0,4.0,4.0,4.0,0.5684213346943994,-0.5684213346943982,0.5948061638285844,0.5684213346943994,-0.5684213346943982,0.5948061638285844,4.239365309426323,3.843077567245657,3.4641016151377535
58_1_214,/sfs/ceph/standard/gam_ai_group/people_scratch/ethan hirai/GrowthNet/analysis/synthetic_lollipop_v1/masks/58_1_214_synthetic_lollipop.nii.gz,False,,1.0,96,96.0,1,96,1.0,1.0,0.0,5.680992338459954,11.0,396.0,0.2424242424242424,10.52827849322055,5.901253789195023,5.624111616023921,True,0.9610695346924631,2.5907710317704593,2.5907710317704593,2.4899111099983484,0.4016207630804392,156.71212768554688,0.6469871763083367,417.6046781790497,1.6324179967244463,1.5456256887592883,False,False,False,False,False,1.0,1.0,1.0,47.677083333333336,48.041666666666664,48.052083333333336,47.677083333333336,48.041666666666664,48.052083333333336,45.0,45.0,41.0,50.0,50.0,51.0,6.0,6.0,11.0,6.0,6.0,11.0,-0.0553734620420386,-0.2522937829626958,0.9660650220248382,-0.0553734620420386,-0.2522937829626958,0.966065022024838,11.910059532087576,4.783327197610471,4.597110044089299,/Users/kvothearcane/Personal/Coding Projects/GrowthNet/rivanna_pull/analysis/synthetic_lollipop_v1/masks/58_1_214_synthetic_lollipop.nii.gz,False,,1.0,102,102.0,1,102,1.0,1.0,0.0,5.796962840557109,6.0,150.0,0.68,5.0,4.0,4.0,False,1.0,1.2122683673983226,1.2122683673983226,1.2122683673983226,0.8248998545974794,106.98542785644533,0.986793494728319,117.6992078763685,1.0488767436906403,1.0133832512498646,False,False,False,False,False,1.0,1.0,1.0,55.0,55.0,54.5,55.0,55.0,54.5,53.0,53.0,52.0,57.0,57.0,57.0,5.0,5.0,6.0,5.0,5.0,6.0,0.0,0.0,1.0,0.0,0.0,1.0,5.86987610981309,4.842059949490036,4.842059949490036
69_1_106,/sfs/ceph/standard/gam_ai_group/people_scratch/ethan hirai/GrowthNet/analysis/synthetic_lollipop_v1/masks/69_1_106_synthetic_lollipop.nii.gz,False,,1.0,307,307.0,1,307,1.0,1.0,0.0,8.369764743424398,17.0,1700.0,0.1805882352941176,17.00647967503841,9.403622507440009,8.59525817145516,True,0.9257270463836323,2.6549280802786104,2.6549280802786104,2.457738730117285,0.4068780736316424,353.37689208984375,0.6227851205575633,468.2067705892395,1.1510647950809243,1.6056902565442253,False,False,False,False,False,1.0,1.0,1.0,48.23778501628664,47.66123778501629,47.98045602605863,48.23778501628664,47.66123778501629,47.98045602605863,45.0,43.0,43.0,54.0,59.0,52.0,10.0,17.0,10.0,10.0,17.0,10.0,-0.2269130710895206,0.9302994808089052,0.2881897537654725,-0.2269130710895206,0.9302994808089052,0.2881897537654725,17.820086637227003,7.250602522903896,6.712078858029536,/Users/kvothearcane/Personal/Coding Projects/GrowthNet/rivanna_pull/analysis/synthetic_lollipop_v1/masks/69_1_106_synthetic_lollipop.nii.gz,False,,1.0,300,300.0,1,300,1.0,1.0,0.0,8.305661184154147,9.0,576.0,0.5208333333333334,8.658947495006416,7.071067811865488,7.058124313950739,False,0.9876853919107198,1.2042794271502484,1.2042794271502484,1.1894491979749102,0.8407252715816229,236.27557373046875,0.9172325704368566,146.55949833941744,0.7875852457682292,1.0902360341649482,False,False,False,False,False,1.0,1.0,1.0,63.556666666666665,63.556666666666665,64.78333333333333,63.556666666666665,63.556666666666665,64.78333333333333,60.0,60.0,61.0,67.0,67.0,69.0,8.0,8.0,9.0,8.0,8.0,9.0,-0.4409158782326687,-0.4409158782326673,0.7817840984854004,-0.4409158782326687,-0.4409158782326673,0.7817840984854004,8.390962288722818,7.054494049017648,6.967620719535836
69_2_469,/sfs/ceph/standard/gam_ai_group/people_scratch/ethan hirai/GrowthNet/analysis/synthetic_lollipop_v1/masks/69_2_469_synthetic_lollipop.nii.gz,False,,1.0,533,533.0,1,533,1.0,1.0,0.0,10.05949538135948,20.0,3380.0,0.1576923076923077,21.286701101909426,12.005535657588354,10.721319012659867,True,0.9087890542273565,2.766880552296075,2.766880552296075,2.514510760281216,0.3976916765662052,535.3221435546875,0.5938640770672956,539.9968256831003,1.0043567421288695,1.6838870014471037,False,False,False,False,False,1.0,1.0,1.0,48.11444652908067,48.08067542213884,48.52720450281426,48.11444652908067,48.08067542213884,48.52720450281426,35.0,42.0,43.0,54.0,54.0,55.0,20.0,13.0,13.0,20.0,13.0,13.0,0.8572368206892208,0.3439737836653792,0.3831802048717544,0.8572368206892208,0.3439737836653792,0.3831802048717544,22.21010613408117,8.832774345176098,8.027128643356244,/Users/kvothearcane/Personal/Coding Projects/GrowthNet/rivanna_pull/analysis/synthetic_lollipop_v1/masks/69_2_469_synthetic_lollipop.nii.gz,False,,1.0,528,528.0,1,528,1.0,1.0,0.0,10.027940922541108,12.0,1080.0,0.4888888888888889,12.403619109305511,8.724383283770658,8.455296321318427,False,0.9864363899542382,1.360116506384834,1.360116506384834,1.3416684164754262,0.7453406428296255,355.5905456542969,0.8884299703290234,161.2808380923528,0.6734669425270774,1.1255811188243203,False,False,False,False,False,1.0,1.0,1.0,65.75568181818181,67.20643939393939,67.54924242424242,65.75568181818181,67.20643939393939,67.54924242424242,61.0,63.0,63.0,72.0,71.0,72.0,12.0,9.0,10.0,12.0,9.0,10.0,-0.896881785092233,0.1566285220127684,0.4136067814505286,-0.896881785092233,0.1566285220127684,0.4136067814505286,11.007131348051068,8.204062354666506,8.092785652096696
74_0_0,/sfs/ceph/standard/gam_ai_group/people_scratch/ethan hirai/GrowthNet/analysis/synthetic_lollipop_v1/masks/74_0_0_synthetic_lollipop.nii.gz,False,,1.0,163,163.0,1,163,1.0,1.0,0.0,6.777398060419335,14.0,1008.0,0.1617063492063492,13.889615923896844,7.581289109797151,6.981220283035441,True,0.8772796440450058,2.718252288971472,2.718252288971472,2.384667400493415,0.4193456914759217,235.43161010742188,0.6129302956539028,491.1556105794873,1.4443657061805022,1.631506889267324,False,False,False,False,False,1.0,1.0,1.0,48.17791411042945,47.92638036809816,48.32515337423313,48.17791411042945,47.92638036809816,48.32515337423313,39.0,44.0,45.0,52.0,51.0,53.0,14.0,8.0,9.0,14.0,8.0,9.0,0.913308274061728,-0.1967408193030063,0.3565964757963399,0.913308274061728,-0.1967408193030063,0.3565964757963399,14.710138972668364,6.1686333992005205,5.411616512694767,/Users/kvothearcane/Personal/Coding Projects/GrowthNet/rivanna_pull/analysis/synthetic_lollipop_v1/masks/74_0_0_synthetic_lollipop.nii.gz,False,,1.0,164,164.0,1,164,1.0,1.0,0.0,6.791229523398109,8.0,392.0,0.4183673469387755,7.050313382811698,6.200149037777191,5.900623643618465,False,0.9962185427150811,1.1711062654647562,1.1711062654647562,1.1666777771458003,0.8571346944195968,162.37014770507812,0.8923608409738233,159.1588751621488,0.9900618762504764,1.1206229073305272,False,False,False,False,False,1.0,1.0,1.0,57.920731707317074,57.3719512195122,57.957317073170735,57.920731707317074,57.3719512195122,57.957317073170735,55.0,54.0,55.0,61.0,61.0,61.0,7.0,8.0,7.0,7.0,8.0,7.0,0.0855895757385364,0.9949605438675946,0.0522296914752314,0.0855895757385364,0.9949605438675946,0.0522296914752314,6.789307516981598,5.819351023888693,5.797345396565909
74_2_1367,/sfs/ceph/standard/gam_ai_group/people_scratch/ethan hirai/GrowthNet/analysis/synthetic_lollipop_v1/masks/74_2_1367_synthetic_lollipop.nii.gz,False,,1.0,1085,1085.0,1,1085,1.0,1.0,0.0,12.749026933928173,27.0,6075.0,0.1786008230452674,26.359667393355963,15.20821349511165,13.89234992098725,True,0.936736669300551,2.6991897565001453,2.6991897565001453,2.528430022314111,0.395502343816011,858.1940307617188,0.5950020479068446,536.9044356840053,0.7909622403333814,1.680666484288409,False,False,False,False,False,1.0,1.0,1.0,48.363133640552995,47.66451612903226,47.866359447004605,48.363133640552995,47.66451612903226,47.866359447004605,30.0,40.0,41.0,56.0,54.0,55.0,27.0,15.0,15.0,27.0,15.0,15.0,0.9828067289209148,-0.178964031316308,0.0454181580734746,0.9828067289209148,-0.178964031316308,0.0454181580734746,27.913356828427418,11.0397980494157,10.34138365456038,/Users/kvothearcane/Personal/Coding Projects/GrowthNet/rivanna_pull/analysis/synthetic_lollipop_v1/masks/74_2_1367_synthetic_lollipop.nii.gz,False,,1.0,1056,1056.0,1,1056,1.0,1.0,0.0,12.634413855411756,15.0,2340.0,0.4512820512820513,16.90486971619779,10.676344916083416,10.655999367698096,False,0.9933846391771872,1.5214679846351338,1.5214679846351338,1.5114029249364147,0.6616369357906796,592.46533203125,0.8464418489123188,186.49233729335737,0.5610467159386837,1.181416066898162,False,False,False,False,False,1.0,1.0,1.0,72.34848484848484,71.50568181818181,74.07954545454545,72.34848484848484,71.50568181818181,74.07954545454545,67.0,65.0,68.0,78.0,79.0,80.0,12.0,15.0,13.0,12.0,15.0,13.0,-0.3323987922215308,-0.7668685432277182,0.5490206556564743,-0.3323987922215307,-0.7668685432277181,0.5490206556564742,15.024175214498584,9.94054925170312,9.874788931626163
80_1_106,/sfs/ceph/standard/gam_ai_group/people_scratch/ethan hirai/GrowthNet/analysis/synthetic_lollipop_v1/masks/80_1_106_synthetic_lollipop.nii.gz,False,,1.0,175,175.0,1,175,1.0,1.0,0.0,6.939792343839249,14.0,1120.0,0.15625,14.211391476052448,7.873462611066563,6.530593392750311,True,0.8616359066120426,2.936555212473919,2.936555212473919,2.5302414128162845,0.3952192051457059,241.8658447265625,0.6255590049372973,462.0059120185955,1.382090541294643,1.5985702261615349,False,False,False,False,False,1.0,1.0,1.0,47.97142857142857,48.44,48.04,47.97142857142857,48.44,48.04,39.0,44.0,44.0,52.0,53.0,51.0,14.0,10.0,8.0,14.0,10.0,8.0,-0.8621892263724964,-0.4494977639989511,0.2336268351177567,-0.8621892263724963,-0.449497763998951,0.2336268351177567,15.5486432187504,6.145122414008704,5.2948581224363735,/Users/kvothearcane/Personal/Coding Projects/GrowthNet/rivanna_pull/analysis/synthetic_lollipop_v1/masks/80_1_106_synthetic_lollipop.nii.gz,False,,1.0,177,177.0,1,177,1.0,1.0,0.0,6.966129569086082,8.0,392.0,0.4515306122448979,7.0463091643562965,6.323479629039744,6.099279024891791,False,0.9899511004700294,1.1590061228358457,1.1590061228358457,1.1473593867528475,0.8715664956819756,166.06935119628906,0.9180016879988192,146.19143669454536,0.9382449220129324,1.0893226157131928,False,False,False,False,False,1.0,1.0,1.0,59.271186440677965,60.03954802259887,60.09604519774011,59.271186440677965,60.03954802259887,60.09604519774011,56.0,57.0,57.0,63.0,63.0,63.0,8.0,7.0,7.0,8.0,7.0,7.0,-0.9992072080632688,0.0149682280751369,0.0368904798382789,-0.9992072080632688,0.0149682280751369,0.0368904798382789,6.883324341929936,5.999274875338315,5.938988764863364
80_2_294,/sfs/ceph/standard/gam_ai_group/people_scratch/ethan hirai/GrowthNet/analysis/synthetic_lollipop_v1/masks/80_2_294_synthetic_lollipop.nii.gz,False,,1.0,101,101.0,1,101,1.0,1.0,0.0,5.777956268578565,11.0,891.0,0.1133557800224466,11.167510701907434,6.258387229967235,5.619343619714893,True,0.8652378073933505,2.7408835150449917,2.7408835150449917,2.3715160428781084,0.4216711934136379,161.70326232910156,0.6486039540051783,414.48956155703746,1.6010223992980352,1.5417729013597967,False,False,False,False,False,1.0,1.0,1.0,47.97029702970297,47.801980198019805,48.18811881188119,47.97029702970297,47.801980198019805,48.18811881188119,44.0,44.0,42.0,52.0,52.0,52.0,9.0,9.0,11.0,9.0,9.0,11.0,0.3984468951548646,-0.4624443931128306,0.7920765461872699,0.3984468951548645,-0.4624443931128306,0.7920765461872697,12.353567775434778,5.209143666783842,4.50714804464501,/Users/kvothearcane/Personal/Coding Projects/GrowthNet/rivanna_pull/analysis/synthetic_lollipop_v1/masks/80_2_294_synthetic_lollipop.nii.gz,False,,1.0,105,105.0,1,105,1.0,1.0,0.0,5.853247553205011,6.0,180.0,0.5833333333333334,5.868428931047796,5.30540718658537,4.402678912568953,False,0.968288234937532,1.1772103039498816,1.1772103039498816,1.1398788873619066,0.8772861846001578,112.26563262939452,0.958731130127946,128.3399559406543,1.0691965012323288,1.043045300788915,False,False,False,False,False,1.0,1.0,1.0,54.97142857142857,55.24761904761905,54.56190476190476,54.97142857142857,55.24761904761905,54.56190476190476,53.0,53.0,52.0,57.0,58.0,57.0,5.0,6.0,6.0,5.0,6.0,6.0,-0.0563240352946566,0.4637109146362931,-0.8841944303688521,-0.0563240352946566,0.4637109146362931,-0.8841944303688521,5.776490206710039,5.067635053824827,4.906931401575608
80_3_661,/sfs/ceph/standard/gam_ai_group/people_scratch/ethan hirai/GrowthNet/analysis/synthetic_lollipop_v1/masks/80_3_661_synthetic_lollipop.nii.gz,False,,1.0,232,232.0,1,232,1.0,1.0,0.0,7.623653004050807,16.0,1440.0,0.1611111111111111,15.472514563883951,8.978553122105891,8.107294418382846,True,0.8946708946155421,2.7655313860389525,2.7655313860389525,2.4742404392348294,0.404164439374071,298.3514404296875,0.6119951430280727,493.4105679517733,1.2859975880589978,1.6339998959013458,False,False,False,False,False,1.0,1.0,1.0,48.133620689655174,47.87931034482759,47.91379310344828,48.133620689655174,47.87931034482759,47.91379310344828,44.0,44.0,44.0,53.0,52.0,59.0,10.0,9.0,16.0,10.0,9.0,16.0,-0.108127429167472,-0.1078764332606084,0.9882667323190653,-0.108127429167472,-0.1078764332606084,0.9882667323190653,17.103904571170197,6.912790002114613,6.184672015481255,/Users/kvothearcane/Personal/Coding Projects/GrowthNet/rivanna_pull/analysis/synthetic_lollipop_v1/masks/80_3_661_synthetic_lollipop.nii.gz,False,,1.0,228,228.0,1,228,1.0,1.0,0.0,7.579584661161639,8.0,512.0,0.4453125,7.655368424482843,6.594644016520116,5.870003558312373,False,0.9879905106709914,1.2480527094516036,1.2480527094516036,1.2330642337554043,0.8109877592949177,192.8402404785156,0.9359292597960018,137.95050643568695,0.8457905284145422,1.0684568192877777,False,False,False,False,False,1.0,1.0,1.0,61.60964912280702,61.52192982456141,62.49561403508772,61.60964912280702,61.52192982456141,62.49561403508772,58.0,58.0,59.0,65.0,65.0,66.0,8.0,8.0,8.0,8.0,8.0,8.0,-0.4999643955513327,-0.5951714846409583,0.6291315498775023,-0.4999643955513327,-0.5951714846409583,0.6291315498775023,7.853099384762192,6.368767473568587,6.292281828555828
87_1_1322,/sfs/ceph/standard/gam_ai_group/people_scratch/ethan hirai/GrowthNet/analysis/synthetic_lollipop_v1/masks/87_1_1322_synthetic_lollipop.nii.gz,False,,1.0,137,137.0,1,137,1.0,1.0,0.0,6.395983209011852,13.0,728.0,0.1881868131868131,12.49382647744461,7.5251267559417325,6.375945150348132,True,0.8785196560570556,2.5904782971160043,2.5904782971160043,2.275786102605619,0.439408606483302,198.0672912597656,0.6488611027718749,413.99696039468057,1.445746651531136,1.5411618846130428,False,False,False,False,False,1.0,1.0,1.0,48.051094890510946,48.46715328467153,48.1021897810219,48.051094890510946,48.46715328467153,48.1021897810219,45.0,40.0,44.0,51.0,52.0,51.0,7.0,13.0,8.0,7.0,13.0,8.0,-0.088688805518306,-0.972247004813661,0.2164949362146866,-0.088688805518306,-0.972247004813661,0.2164949362146866,13.198713183242797,5.799628167221504,5.095087342726248,/Users/kvothearcane/Personal/Coding Projects/GrowthNet/rivanna_pull/analysis/synthetic_lollipop_v1/masks/87_1_1322_synthetic_lollipop.nii.gz,False,,1.0,128,128.0,1,128,1.0,1.0,0.0,6.252741134374176,6.0,216.0,0.5925925925925926,6.368473036100719,5.723633979892542,5.369122135567606,False,0.9671340768855412,1.169976164711169,1.169976164711169,1.1315238180360223,0.8837639862815195,132.37088012695312,0.9278938888489808,141.56550095401462,1.0341475009918213,1.0777094364103037,False,False,False,False,False,1.0,1.0,1.0,57.4375,58.2265625,57.8828125,57.4375,58.2265625,57.8828125,55.0,56.0,55.0,60.0,61.0,60.0,6.0,6.0,6.0,6.0,6.0,6.0,-0.8759489073086478,0.465995248236388,-0.124747506611928,-0.8759489073086478,0.465995248236388,-0.124747506611928,6.162851146689642,5.4465058962580715,5.267501452229207
87_3_1668,/sfs/ceph/standard/gam_ai_group/people_scratch/ethan hirai/GrowthNet/analysis/synthetic_lollipop_v1/masks/87_3_1668_synthetic_lollipop.nii.gz,False,,1.0,217,217.0,1,217,1.0,1.0,0.0,7.455676179951913,15.0,1080.0,0.2009259259259259,14.890153336289996,8.329280722459643,7.542254261710397,True,0.94997198275917,2.6293788694621005,2.6293788694621005,2.4978362580479763,0.4003464986057516,280.96563720703125,0.6215423696110521,471.02087608333807,1.2947725216913883,1.6089007747384598,False,False,False,False,False,1.0,1.0,1.0,48.25806451612903,48.36866359447004,48.14746543778802,48.25806451612903,48.36866359447004,48.14746543778802,38.0,45.0,45.0,52.0,53.0,52.0,15.0,9.0,8.0,15.0,9.0,8.0,0.9788626640885282,0.1228865209448895,0.1634832952431857,0.9788626640885282,0.1228865209448895,0.1634832952431857,16.315373560592665,6.531802678428128,6.205029541418026,/Users/kvothearcane/Personal/Coding Projects/GrowthNet/rivanna_pull/analysis/synthetic_lollipop_v1/masks/87_3_1668_synthetic_lollipop.nii.gz,False,,1.0,226,226.0,1,226,1.0,1.0,0.0,7.557357012536988,8.0,392.0,0.576530612244898,7.420366351236037,6.677471677585765,6.290411571627396,False,0.989677663056569,1.202422451632282,1.202422451632282,1.1900106419381873,0.8403286195586332,189.13217163085935,0.9486900406815878,132.45835257072827,0.8368680160657495,1.0540850616304018,False,False,False,False,False,1.0,1.0,1.0,61.27433628318584,62.07964601769911,61.991150442477874,61.27433628318584,62.07964601769911,61.991150442477874,58.0,59.0,59.0,65.0,65.0,65.0,8.0,7.0,7.0,8.0,7.0,7.0,-0.9854218807466946,0.1700161624754739,-0.0061823492913764,-0.9854218807466943,0.1700161624754739,-0.0061823492913764,7.627122084641247,6.409288972591744,6.343130132248835
87_4_1793,/sfs/ceph/standard/gam_ai_group/people_scratch/ethan hirai/GrowthNet/analysis/synthetic_lollipop_v1/masks/87_4_1793_synthetic_lollipop.nii.gz,False,,1.0,260,260.0,1,260,1.0,1.0,0.0,7.918779349930548,16.0,1936.0,0.134297520661157,16.41386663275143,8.848431872309856,8.490387617335962,True,0.9466408354374722,2.678847855253594,2.678847855253594,2.535906771707143,0.3943362631295833,321.46734619140625,0.6128151472988579,491.4325279586066,1.2364128699669472,1.631813450447105,False,False,False,False,False,1.0,1.0,1.0,48.06923076923077,47.84230769230769,47.61538461538461,48.06923076923077,47.84230769230769,47.61538461538461,43.0,43.0,42.0,53.0,58.0,52.0,11.0,16.0,11.0,11.0,16.0,11.0,-0.3668162503623971,0.8439195788475898,0.3914659409294478,-0.3668162503623971,0.8439195788475898,0.3914659409294478,17.624566216284688,6.950005581009603,6.579159089502025,/Users/kvothearcane/Personal/Coding Projects/GrowthNet/rivanna_pull/analysis/synthetic_lollipop_v1/masks/87_4_1793_synthetic_lollipop.nii.gz,False,,1.0,267,267.0,2,266,0.99625468164794,0.99625468164794,0.0037453183520599,7.989216918353326,8.0,448.0,0.5959821428571429,7.923638194664624,7.030698533365692,6.913750323125788,False,0.9852705311223732,1.2229513490637598,1.2229513490637598,1.2049379252288737,0.8299182713582973,213.86761474609375,0.9352481470808875,138.25212143161517,0.8040135892710292,1.069234943818084,False,True,False,False,False,1.0,1.0,1.0,62.32706766917293,63.04887218045113,63.75187969924812,62.32706766917293,63.04887218045113,63.75187969924812,59.0,60.0,60.0,66.0,66.0,67.0,8.0,7.0,8.0,8.0,7.0,8.0,-0.6820744070859007,0.0425083741550042,0.7300462597158589,-0.6820744070859007,0.0425083741550042,0.7300462597158589,8.13288337891145,6.749628514984818,6.650210071837807
91_0_0,/sfs/ceph/standard/gam_ai_group/people_scratch/ethan hirai/GrowthNet/analysis/synthetic_lollipop_v1/masks/91_0_0_synthetic_lollipop.nii.gz,False,,1.0,43,43.0,1,43,1.0,1.0,0.0,4.34666941315382,6.0,180.0,0.2388888888888889,7.061073375770674,3.5534645587963833,2.8919221195006153,True,0.9343870746188992,2.6995712834867596,2.6995712834867596,2.5224445143023804,0.3964408312372987,76.0548095703125,0.7804344137026932,237.92667676112455,1.7687165016351745,1.2813376530330074,False,False,False,False,False,1.0,1.0,1.0,47.93023255813954,47.81395348837209,48.13953488372093,47.93023255813954,47.81395348837209,48.13953488372093,46.0,45.0,46.0,50.0,50.0,51.0,5.0,6.0,6.0,5.0,6.0,6.0,-0.470273344915222,-0.5615917054953655,0.6807773038087092,-0.470273344915222,-0.5615917054953655,0.6807773038087092,7.981745680611435,3.164289892346316,2.956671575755626,/Users/kvothearcane/Personal/Coding Projects/GrowthNet/rivanna_pull/analysis/synthetic_lollipop_v1/masks/91_0_0_synthetic_lollipop.nii.gz,False,,1.0,14,14.0,1,14,1.0,1.0,0.0,2.9902658734369907,3.0,27.0,0.5185185185185185,2.4494897427831783,2.385790165173903,2.159875448674956,False,0.905265959298824,1.2418456016109485,1.2418456016109485,1.1242005498433605,0.8895210024041835,26.95071792602539,1.0423153725416856,99.87457505649525,1.925051280430385,0.9594025247478606,False,False,False,False,False,1.0,1.0,1.0,36.785714285714285,36.642857142857146,36.92857142857143,36.785714285714285,36.642857142857146,36.92857142857143,36.0,36.0,36.0,38.0,38.0,38.0,3.0,3.0,3.0,3.0,3.0,3.0,-0.5190124268707158,-0.2092719691796758,-0.8287528845617558,-0.5190124268707158,-0.2092719691796758,-0.8287528845617558,3.0549755144648727,2.7174648819470297,2.460028453216643
91_1_318,/sfs/ceph/standard/gam_ai_group/people_scratch/ethan hirai/GrowthNet/analysis/synthetic_lollipop_v1/masks/91_1_318_synthetic_lollipop.nii.gz,False,,1.0,80,80.0,1,80,1.0,1.0,0.0,5.346018470287903,11.0,385.0,0.2077922077922078,10.286676817613392,6.0134703442756,4.87564724903045,True,0.8304706191177667,2.93340614092206,2.93340614092206,2.436107613975402,0.4104908971439622,134.396484375,0.6680713908639981,379.3007932786492,1.6799560546875,1.4968460162718955,False,False,False,False,False,1.0,1.0,1.0,48.1625,47.725,47.85,48.1625,47.725,47.85,41.0,45.0,46.0,51.0,51.0,50.0,11.0,7.0,5.0,11.0,7.0,5.0,0.9913270037332612,0.0920650636522428,0.0937805722095116,0.9913270037332612,0.0920650636522428,0.0937805722095116,11.56927948762291,4.749083916183569,3.943974660115196,/Users/kvothearcane/Personal/Coding Projects/GrowthNet/rivanna_pull/analysis/synthetic_lollipop_v1/masks/91_1_318_synthetic_lollipop.nii.gz,False,,1.0,78,78.0,1,78,1.0,1.0,0.0,5.301091821273772,6.0,150.0,0.52,5.0,4.0,4.0,False,1.0,1.1467344941179711,1.1467344941179711,1.1467344941179711,0.8720414403938948,92.57115173339844,0.9536847964271188,130.388051656776,1.1868096376076722,1.0485644772218206,False,False,False,False,False,1.0,1.0,1.0,52.5,53.0,53.0,52.5,53.0,53.0,50.0,51.0,51.0,55.0,55.0,55.0,6.0,5.0,5.0,6.0,5.0,5.0,1.0,0.0,0.0,1.0,0.0,0.0,5.227300959833413,4.558423058385518,4.558423058385518
95_0_0,/sfs/ceph/standard/gam_ai_group/people_scratch/ethan hirai/GrowthNet/analysis/synthetic_lollipop_v1/masks/95_0_0_synthetic_lollipop.nii.gz,False,,1.0,42,42.0,1,42,1.0,1.0,0.0,4.312709671069407,7.0,84.0,0.5,6.408019528669838,3.430228464458698,2.748702471138258,True,0.8805863848647433,2.7747629964327944,2.7747629964327944,2.443418515885217,0.40926267583665,71.19602966308594,0.8207191041484094,204.5826242702609,1.695143563406808,1.2184436732926,False,False,False,False,False,1.0,1.0,1.0,47.714285714285715,48.142857142857146,48.19047619047619,47.714285714285715,48.142857142857146,48.19047619047619,44.0,47.0,47.0,50.0,49.0,50.0,7.0,3.0,4.0,7.0,3.0,4.0,-0.9835964357230486,0.1420658371003997,0.1111546200653734,-0.9835964357230486,0.1420658371003997,0.1111546200653734,7.72104772993846,3.1599366542171063,2.782597194738634,/Users/kvothearcane/Personal/Coding Projects/GrowthNet/rivanna_pull/analysis/synthetic_lollipop_v1/masks/95_0_0_synthetic_lollipop.nii.gz,False,,1.0,32,32.0,1,32,1.0,1.0,0.0,3.938980087370786,4.0,48.0,0.6666666666666666,3.6883585510017074,3.240566944649729,2.5086576451270712,False,0.8683368616133518,1.2975921872459744,1.2975921872459744,1.126747127527174,0.887510582959869,49.19129180908203,0.9908986019764796,116.24244238910036,1.5372278690338137,1.0091849943126032,False,False,False,False,False,1.0,1.0,1.0,41.84375,41.78125,41.96875,41.84375,41.78125,41.96875,40.0,40.0,41.0,43.0,43.0,43.0,4.0,4.0,3.0,4.0,4.0,3.0,-0.4868258413729946,-0.8654387810415325,-0.1183905251311203,-0.4868258413729945,-0.8654387810415324,-0.1183905251311203,4.022340389970814,3.5698696643660233,3.099849420724302
95_1_182,/sfs/ceph/standard/gam_ai_group/people_scratch/ethan hirai/GrowthNet/analysis/synthetic_lollipop_v1/masks/95_1_182_synthetic_lollipop.nii.gz,False,,1.0,46,46.0,1,46,1.0,1.0,0.0,4.445491011401585,7.0,175.0,0.2628571428571428,7.381253155761263,2.9506771619273433,2.5173798951398263,True,0.934144916005493,2.94191426336135,2.94191426336135,2.748174252443051,0.3638779451888932,79.6317138671875,0.7796564618633495,238.6396070981943,1.7311242145040762,1.282616189199584,False,False,False,False,False,1.0,1.0,1.0,47.630434782608695,47.84782608695652,47.91304347826087,47.630434782608695,47.84782608695652,47.91304347826087,44.0,46.0,46.0,50.0,50.0,50.0,7.0,5.0,5.0,7.0,5.0,5.0,0.8491721949186349,0.3979709138127257,0.3471681654992751,0.8491721949186349,0.3979709138127257,0.3471681654992751,8.545417197976573,3.109488850781545,2.904713201333343,/Users/kvothearcane/Personal/Coding Projects/GrowthNet/rivanna_pull/analysis/synthetic_lollipop_v1/masks/95_1_182_synthetic_lollipop.nii.gz,False,,1.0,48,48.0,1,48,1.0,1.0,0.0,4.509006607147306,5.0,125.0,0.384,4.1806285716235525,3.7449142026104534,3.5886033807458473,False,0.9672522967438506,1.1087922721757075,1.1087922721757075,1.072481871873786,0.9324166927435806,67.53297424316406,0.9457922238935872,133.67960585959025,1.4069369633992512,1.0573146773011657,False,False,False,False,False,1.0,1.0,1.0,49.520833333333336,50.104166666666664,50.041666666666664,49.520833333333336,50.104166666666664,50.041666666666664,48.0,48.0,48.0,52.0,52.0,52.0,5.0,5.0,5.0,5.0,5.0,5.0,-0.9037984546025152,0.3906296636441925,0.1748050895692987,-0.9037984546025152,0.3906296636441925,0.1748050895692987,4.339082396087323,4.045832857301633,3.91334112346674
95_2_574,/sfs/ceph/standard/gam_ai_group/people_scratch/ethan hirai/GrowthNet/analysis/synthetic_lollipop_v1/masks/95_2_574_synthetic_lollipop.nii.gz,False,,1.0,82,82.0,1,82,1.0,1.0,0.0,5.390202444799826,9.0,576.0,0.1423611111111111,10.20117232034803,5.050461408671417,4.888125592435391,True,0.9275136265676912,2.82002881160245,2.82002881160245,2.6156151500747646,0.3823192414111135,135.2315673828125,0.6749660740970262,367.7956092461471,1.6491654558879574,1.4815559453677818,False,False,False,False,False,1.0,1.0,1.0,47.8780487804878,47.97560975609756,48.02439024390244,47.8780487804878,47.97560975609756,48.02439024390244,43.0,44.0,44.0,51.0,51.0,51.0,9.0,8.0,8.0,9.0,8.0,8.0,0.7288552827169317,0.4685808086488447,0.4992013648034393,0.7288552827169317,0.4685808086488447,0.4992013648034393,11.4126781930184,4.363286469223953,4.047007656823645,/Users/kvothearcane/Personal/Coding Projects/GrowthNet/rivanna_pull/analysis/synthetic_lollipop_v1/masks/95_2_574_synthetic_lollipop.nii.gz,False,,1.0,80,80.0,1,80,1.0,1.0,0.0,5.346018470287903,6.0,150.0,0.5333333333333333,5.417161404143991,4.615694130109997,4.4889419206287,False,0.9743088605894056,1.1901824133741523,1.1901824133741523,1.159605271068119,0.8623624132709351,94.31964874267578,0.951937877637718,131.10720233920836,1.1789956092834473,1.050488717269609,False,False,False,False,False,1.0,1.0,1.0,51.8,51.7625,52.4375,51.8,51.7625,52.4375,50.0,50.0,50.0,54.0,54.0,55.0,5.0,5.0,6.0,5.0,5.0,6.0,-0.3072921172163193,-0.4193606170320449,0.8542296105727163,-0.3072921172163193,-0.4193606170320449,0.8542296105727163,5.356072130889749,4.618875288447284,4.5002111194916345
126_1_312,/sfs/ceph/standard/gam_ai_group/people_scratch/ethan hirai/GrowthNet/analysis/synthetic_lollipop_v1/masks/126_1_312_synthetic_lollipop.nii.gz,False,,1.0,189,189.0,1,189,1.0,1.0,0.0,7.1201267897377285,15.0,1080.0,0.175,14.382153119672122,8.037166123744424,7.651934539914796,True,0.9364999158904465,2.5805658087622287,2.5805658087622287,2.416699662855589,0.4137874537617939,250.06448364257812,0.636903027770305,437.7563282622729,1.3230925060453869,1.5700977329324983,False,False,False,False,False,1.0,1.0,1.0,48.1957671957672,47.46560846560847,48.32804232804233,48.1957671957672,47.46560846560847,48.32804232804233,45.0,44.0,44.0,52.0,58.0,52.0,8.0,15.0,9.0,8.0,15.0,9.0,0.0896388470510652,-0.9955646445775698,0.0285642357939607,0.0896388470510652,-0.9955646445775698,0.0285642357939607,15.274505466560752,6.320398724478776,5.919052873868458,/Users/kvothearcane/Personal/Coding Projects/GrowthNet/rivanna_pull/analysis/synthetic_lollipop_v1/masks/126_1_312_synthetic_lollipop.nii.gz,False,,1.0,198,198.0,1,198,1.0,1.0,0.0,7.231396743301495,8.0,392.0,0.5051020408163265,7.1229833623106344,6.19554593278009,6.000000000000001,False,0.9992228598456,1.132274188357426,1.132274188357426,1.131394252619863,0.8838651934852897,175.18618774414062,0.937765798345439,137.14159792450303,0.8847787259805082,1.0663643329329826,False,False,False,False,False,1.0,1.0,1.0,58.343434343434346,59.02020202020202,59.0,58.343434343434346,59.02020202020202,59.0,55.0,56.0,56.0,62.0,62.0,62.0,8.0,7.0,7.0,8.0,7.0,7.0,-0.997539802374636,0.0701023728440909,2.324813922834929e-17,-0.997539802374636,0.0701023728440909,2.324813922834929e-17,7.034679614617963,6.217708458681329,6.212876427769737
126_2_582,/sfs/ceph/standard/gam_ai_group/people_scratch/ethan hirai/GrowthNet/analysis/synthetic_lollipop_v1/masks/126_2_582_synthetic_lollipop.nii.gz,False,,1.0,316,316.0,1,316,1.0,1.0,0.0,8.450767500070894,17.0,1700.0,0.1858823529411764,16.947799743427844,9.950668787024329,8.284872155664369,True,0.88657199545322,2.643681580464377,2.643681580464377,2.343814054135225,0.4266550062858807,354.9736328125,0.6320422120865066,447.9340947563095,1.1233342810522151,1.5821728056719282,False,False,False,False,False,1.0,1.0,1.0,48.39873417721519,47.72784810126582,47.71518987341772,48.39873417721519,47.72784810126582,47.71518987341772,37.0,42.0,43.0,53.0,51.0,52.0,17.0,10.0,10.0,17.0,10.0,10.0,-0.9468712024763029,0.2595569524010279,0.1899081735507223,-0.9468712024763029,0.2595569524010279,0.1899081735507223,17.538516160717887,7.482895722796111,6.634125792727713,/Users/kvothearcane/Personal/Coding Projects/GrowthNet/rivanna_pull/analysis/synthetic_lollipop_v1/masks/126_2_582_synthetic_lollipop.nii.gz,False,,1.0,307,307.0,1,307,1.0,1.0,0.0,8.369764743424398,9.0,504.0,0.6091269841269841,8.866346899557321,7.623070654039708,6.443664084749219,False,0.9593656640136182,1.267493613853122,1.267493613853122,1.2159898524872208,0.8223752837694912,239.2455291748047,0.9198828964600234,145.29636234680942,0.7793013979635331,1.0870948941960878,False,False,False,False,False,1.0,1.0,1.0,62.91205211726384,63.93485342019544,63.69055374592834,62.91205211726384,63.93485342019544,63.69055374592834,59.0,61.0,60.0,67.0,67.0,67.0,9.0,7.0,8.0,9.0,7.0,8.0,-0.954086782508779,-0.0590222168979139,-0.2936576056472939,-0.954086782508779,-0.0590222168979139,-0.2936576056472939,8.667665173777651,7.128073606904333,6.838429069025722
126_3_921,/sfs/ceph/standard/gam_ai_group/people_scratch/ethan hirai/GrowthNet/analysis/synthetic_lollipop_v1/masks/126_3_921_synthetic_lollipop.nii.gz,False,,1.0,485,485.0,1,485,1.0,1.0,0.0,9.74797422316132,17.0,4080.0,0.1188725490196078,20.30749877315123,11.453544853382413,10.270709349705186,True,0.917320439686036,2.7331185937464,2.7331185937464,2.507145550129528,0.3988599704346389,493.00091552734375,0.6055233446677739,509.4008908715307,1.0164967330460697,1.6514639919434642,False,False,False,False,False,1.0,1.0,1.0,48.1958762886598,48.02474226804124,47.542268041237115,48.1958762886598,48.02474226804124,47.542268041237115,39.0,39.0,41.0,55.0,54.0,55.0,17.0,16.0,15.0,17.0,16.0,15.0,-0.6132171828100365,-0.6181549987350532,0.4917815411800129,-0.6132171828100365,-0.6181549987350532,0.4917815411800129,21.3597825427055,8.519562233473831,7.815168573942761,/Users/kvothearcane/Personal/Coding Projects/GrowthNet/rivanna_pull/analysis/synthetic_lollipop_v1/masks/126_3_921_synthetic_lollipop.nii.gz,False,,1.0,482,482.0,1,482,1.0,1.0,0.0,9.72783372317443,12.0,1080.0,0.4462962962962963,12.184097717057924,8.528862835599861,8.326445609344894,False,0.9856950218234048,1.3182227225064034,1.3182227225064034,1.2993655752290572,0.7696063517949644,337.1929016113281,0.881665255321071,165.02175219444328,0.6995703352932119,1.134217316566292,False,False,False,False,False,1.0,1.0,1.0,68.50207468879668,69.14522821576763,67.72821576763485,68.50207468879668,69.14522821576763,67.72821576763485,64.0,65.0,63.0,73.0,73.0,74.0,10.0,9.0,12.0,10.0,9.0,12.0,-0.3322933055542357,0.1079119442193014,-0.936982481895286,-0.3322933055542357,0.1079119442193014,-0.936982481895286,10.461136965140874,8.050957455369513,7.935788684669755
126_4_1231,/sfs/ceph/standard/gam_ai_group/people_scratch/ethan hirai/GrowthNet/analysis/synthetic_lollipop_v1/masks/126_4_1231_synthetic_lollipop.nii.gz,False,,1.0,840,840.0,1,840,1.0,1.0,0.0,11.706495106410022,25.0,4900.0,0.1714285714285714,24.213755032775648,13.703645221585788,12.47587366106853,True,0.9211982688193568,2.7060367183014344,2.7060367183014344,2.4927963402608944,0.4011559162893109,718.3447875976562,0.599336467410093,525.3397490784188,0.855172366187686,1.668511853318872,False,False,False,False,False,1.0,1.0,1.0,48.55952380952381,48.0797619047619,48.34404761904762,48.55952380952381,48.0797619047619,48.34404761904762,32.0,42.0,41.0,56.0,55.0,54.0,25.0,14.0,14.0,25.0,14.0,14.0,-0.9690213185187636,-0.0595414666933066,0.239692507184031,-0.9690213185187636,-0.0595414666933066,0.239692507184031,25.58376742300895,10.26307966270978,9.454331218043396,/Users/kvothearcane/Personal/Coding Projects/GrowthNet/rivanna_pull/analysis/synthetic_lollipop_v1/masks/126_4_1231_synthetic_lollipop.nii.gz,False,,1.0,855,855.0,1,855,1.0,1.0,0.0,11.775765920395354,14.0,2184.0,0.3914835164835165,15.698649333618572,9.965295848644182,9.911596173924384,False,0.9914285851883324,1.526482043279964,1.526482043279964,1.5133979324844495,0.6607647456993438,507.8375244140625,0.8578343112870229,179.16044585057475,0.5939620168585527,1.1657262793553729,False,False,False,False,False,1.0,1.0,1.0,68.7812865497076,68.86315789473684,69.58245614035087,68.7812865497076,68.86315789473684,69.58245614035087,63.0,63.0,64.0,76.0,75.0,75.0,14.0,13.0,12.0,14.0,13.0,12.0,-0.7015277591645919,-0.6611145459632056,-0.2660570619949239,-0.7015277591645919,-0.6611145459632056,-0.2660570619949239,14.023041227466058,9.265931270598024,9.186509130061326
126_5_1607,/sfs/ceph/standard/gam_ai_group/people_scratch/ethan hirai/GrowthNet/analysis/synthetic_lollipop_v1/masks/126_5_1607_synthetic_lollipop.nii.gz,False,,1.0,3370,3370.0,1,3370,1.0,1.0,0.0,18.6013198071419,36.0,25668.0,0.1312918809412498,39.213288106620304,22.33981779327643,19.796284517393303,True,0.8997919209351642,2.747132951858601,2.747132951858601,2.471848035817138,0.4045556140628288,1829.367431640625,0.5942052008437884,539.0673486597868,0.5428390004868323,1.682920308640805,False,False,False,False,False,1.0,1.0,1.0,48.220771513353114,48.50860534124629,46.97626112759644,48.220771513353114,48.50860534124629,46.97626112759644,31.0,26.0,35.0,61.0,61.0,57.0,31.0,36.0,23.0,31.0,36.0,23.0,-0.5730282291402526,-0.8044416872951591,0.1565637900349369,-0.5730282291402525,-0.804441687295159,0.1565637900349369,40.5323856319391,16.397604158760505,14.754431744745553,/Users/kvothearcane/Personal/Coding Projects/GrowthNet/rivanna_pull/analysis/synthetic_lollipop_v1/masks/126_5_1607_synthetic_lollipop.nii.gz,False,,1.0,3396,3396.0,1,3396,1.0,1.0,0.0,18.649034530283927,23.0,7820.0,0.4342710997442455,25.230392128081913,16.03825107546441,15.914410625644212,False,0.9934906101530354,1.5279311277185552,1.5279311277185552,1.5179852283489228,0.6587679387945538,1307.060302734375,0.8359243076215565,193.6205774474943,0.3848823035142447,1.1962805613887288,False,False,False,False,False,1.0,1.0,1.0,98.98380447585394,100.98910482921085,102.25441696113074,98.98380447585394,100.98910482921085,102.25441696113074,89.0,93.0,93.0,111.0,109.0,112.0,23.0,17.0,20.0,23.0,17.0,20.0,-0.846057516386398,-0.0027380732940829,0.5330845917119685,-0.846057516386398,-0.0027380732940829,0.5330845917119685,22.223688486899384,14.640253456926963,14.544954339717457
132_0_0,/sfs/ceph/standard/gam_ai_group/people_scratch/ethan hirai/GrowthNet/analysis/synthetic_lollipop_v1/masks/132_0_0_synthetic_lollipop.nii.gz,False,,1.0,7663,7663.0,1,7663,1.0,1.0,0.0,24.46057908571164,52.0,43524.0,0.1760637809024905,51.21319179233042,30.779418939899685,26.440942482017505,True,0.8843216118713315,2.747797159877312,2.747797159877312,2.429936413518172,0.4115334024531756,3157.7509765625,0.5952583050559386,536.21132627026,0.4120776427720866,1.67994296174671,False,False,False,False,False,1.0,1.0,1.0,48.58997781547697,48.87811562051416,48.42489886467441,48.58997781547697,48.87811562051416,48.42489886467441,34.0,13.0,34.0,64.0,64.0,60.0,31.0,52.0,27.0,31.0,52.0,27.0,-0.0739467189102007,-0.9879222109781703,0.1361674991266983,-0.0739467189102007,-0.9879222109781703,0.1361674991266983,52.88860822369833,21.76542889331158,19.24763916200415,/Users/kvothearcane/Personal/Coding Projects/GrowthNet/rivanna_pull/analysis/synthetic_lollipop_v1/masks/132_0_0_synthetic_lollipop.nii.gz,False,,1.0,7674,7674.0,1,7674,1.0,1.0,0.0,24.47227762531871,28.0,18928.0,0.4054311073541842,33.2645323626799,21.174260390370797,20.879809403710787,False,0.9980990678412076,1.5399791584248717,1.5399791584248717,1.5370517625187516,0.650596176644897,2248.80419921875,0.8366561559054335,193.11292455169553,0.2930419858247003,1.1952341388294634,False,False,False,False,False,1.0,1.0,1.0,110.4257232212666,109.91217096690124,110.36929893145688,110.4257232212666,109.91217096690124,110.36929893145688,98.0,97.0,98.0,123.0,124.0,123.0,26.0,28.0,26.0,26.0,28.0,26.0,-0.5212605881006578,-0.673585770209123,-0.5239939021255294,-0.5212605881006578,-0.673585770209123,-0.5239939021255294,29.359923210173765,19.10145378712682,19.065143219343184
132_1_148,/sfs/ceph/standard/gam_ai_group/people_scratch/ethan hirai/GrowthNet/analysis/synthetic_lollipop_v1/masks/132_1_148_synthetic_lollipop.nii.gz,False,,1.0,10268,10268.0,1,10268,1.0,1.0,0.0,26.966779200425552,55.0,67650.0,0.1517812269031781,56.77149426754251,33.20394648316875,29.283905571830445,True,0.8991113993424806,2.7234290917880095,2.7234290917880095,2.4486661417275384,0.4083856034757348,3871.0908203125,0.5901666588999775,550.2098506436117,0.3770053389474581,1.6944366221296172,False,False,False,False,False,1.0,1.0,1.0,48.49269575379821,49.302687962602256,47.75175301908843,48.49269575379821,49.302687962602256,47.75175301908843,12.0,30.0,32.0,66.0,70.0,61.0,55.0,41.0,30.0,55.0,41.0,30.0,-0.8863130691326776,-0.4551089163786335,0.0855863173485072,-0.8863130691326776,-0.4551089163786335,0.0855863173485072,58.35976110418317,23.83328625723156,21.42877935766938,/Users/kvothearcane/Personal/Coding Projects/GrowthNet/rivanna_pull/analysis/synthetic_lollipop_v1/masks/132_1_148_synthetic_lollipop.nii.gz,False,,1.0,10057,10057.0,1,10057,1.0,1.0,0.0,26.780783335687033,34.0,22032.0,0.4564724037763253,35.766927524881865,22.992914307434766,22.94281450522748,False,0.9972268086833808,1.501008546938896,1.501008546938896,1.496845963070354,0.6680714146088782,2681.9404296875,0.8401315557855383,190.72625506244523,0.2666740011621258,1.190289774397275,False,False,False,False,False,1.0,1.0,1.0,110.3793377746843,108.73341950879984,112.46276225514568,110.3793377746843,108.73341950879984,112.46276225514568,97.0,94.0,101.0,123.0,127.0,124.0,27.0,34.0,24.0,27.0,34.0,24.0,-0.4293583268266532,-0.8938777241616797,0.1289730259866505,-0.4293583268266532,-0.8938777241616795,0.1289730259866505,31.604012396897183,21.113737269311624,21.05518483645499
132_2_232,/sfs/ceph/standard/gam_ai_group/people_scratch/ethan hirai/GrowthNet/analysis/synthetic_lollipop_v1/masks/132_2_232_synthetic_lollipop.nii.gz,False,,1.0,8720,8720.0,1,8720,1.0,1.0,0.0,25.53716137372213,50.0,60000.0,0.1453333333333333,53.7222081686655,31.166172056140955,28.335745995717467,True,0.9173494621578564,2.7071318864217697,2.7071318864217697,2.483385979999394,0.4026760270267145,3488.364013671875,0.5873180075926182,558.2547447978985,0.4000417446871416,1.702655098383482,False,False,False,False,False,1.0,1.0,1.0,48.00894495412844,47.96112385321101,46.96112385321101,48.00894495412844,47.96112385321101,46.96112385321101,36.0,30.0,30.0,65.0,69.0,79.0,30.0,40.0,50.0,30.0,40.0,50.0,-0.2291235309492686,0.487687059261264,0.842415419964782,-0.2291235309492686,0.487687059261264,0.842415419964782,55.38805249705633,22.30344092426174,20.46004953614103,/Users/kvothearcane/Personal/Coding Projects/GrowthNet/rivanna_pull/analysis/synthetic_lollipop_v1/masks/132_2_232_synthetic_lollipop.nii.gz,False,,1.0,8812,8812.0,1,8812,1.0,1.0,0.0,25.626656956887715,31.0,19964.0,0.4413945101182128,34.15702685476253,21.91625729025584,21.84211535271053,False,0.9970034678914697,1.4930893816948865,1.4930893816948865,1.4886152914217317,0.6717652342835536,2449.611328125,0.8422414321486849,189.2964930714663,0.277985852034158,1.1873080114912529,False,False,False,False,False,1.0,1.0,1.0,111.36824784384928,109.22843849296414,114.09872900590103,111.36824784384928,109.22843849296414,114.09872900590103,100.0,95.0,100.0,122.0,125.0,127.0,23.0,31.0,28.0,23.0,31.0,28.0,-0.1677661836218305,-0.7876472276659119,0.5928459769477815,-0.1677661836218305,-0.7876472276659119,0.5928459769477815,30.10093483383194,20.220761540803093,20.16016937958714
137_0_0,/sfs/ceph/standard/gam_ai_group/people_scratch/ethan hirai/GrowthNet/analysis/synthetic_lollipop_v1/masks/137_0_0_synthetic_lollipop.nii.gz,False,,1.0,86,86.0,1,86,1.0,1.0,0.0,5.476460290566694,11.0,396.0,0.2171717171717171,10.403308317081864,5.370304967512652,5.192251115787815,True,0.8996381638779183,2.8440521371373944,2.8440521371373944,2.558617842627355,0.3908360144057836,140.94912719726562,0.6684783829243177,378.6084218546029,1.6389433395030886,1.495934686212906,False,False,False,False,False,1.0,1.0,1.0,48.08139534883721,48.02325581395349,48.174418604651166,48.08139534883721,48.02325581395349,48.174418604651166,46.0,45.0,45.0,51.0,55.0,50.0,6.0,11.0,6.0,6.0,11.0,6.0,-0.0256377487245095,0.9826329123266796,0.1837804816968526,-0.0256377487245095,0.9826329123266796,0.1837804816968526,11.487224147680308,4.489620902465247,4.039034305201757,/Users/kvothearcane/Personal/Coding Projects/GrowthNet/rivanna_pull/analysis/synthetic_lollipop_v1/masks/137_0_0_synthetic_lollipop.nii.gz,False,,1.0,91,91.0,1,91,1.0,1.0,0.0,5.580600367226721,6.0,150.0,0.6066666666666667,5.442990669158527,4.579280327667934,4.362148793465389,False,0.971350903344712,1.188859268494754,1.188859268494754,1.1547995244021123,0.8659511706308862,100.64981079101562,0.972072722661949,123.12779547578218,1.1060418768243476,1.0287296173290144,False,False,False,False,False,1.0,1.0,1.0,51.73626373626374,51.91208791208791,51.97802197802198,51.73626373626374,51.91208791208791,51.97802197802198,49.0,50.0,50.0,54.0,54.0,54.0,6.0,5.0,5.0,6.0,5.0,5.0,-0.9457464951788448,-0.3122762467592611,-0.0897056997457808,-0.9457464951788448,-0.3122762467592611,-0.0897056997457808,5.544427010246169,4.801203060000175,4.663652929472565
137_1_571,/sfs/ceph/standard/gam_ai_group/people_scratch/ethan hirai/GrowthNet/analysis/synthetic_lollipop_v1/masks/137_1_571_synthetic_lollipop.nii.gz,False,,1.0,115,115.0,1,115,1.0,1.0,0.0,6.033459557881385,12.0,588.0,0.195578231292517,11.172615539830026,5.945831040922104,5.810248188506122,True,0.9685955902012556,2.492478345349078,2.492478345349078,2.4142035339772394,0.4142152829809534,174.79800415039062,0.6542537418825134,403.844086525138,1.5199826447860054,1.5284589693329922,False,False,False,False,False,1.0,1.0,1.0,48.22608695652174,48.017391304347825,47.99130434782609,48.22608695652174,48.017391304347825,47.99130434782609,40.0,45.0,45.0,51.0,51.0,51.0,12.0,7.0,7.0,12.0,7.0,7.0,-0.9990014155027488,0.0072629689815616,0.0440842500795569,-0.9990014155027488,0.0072629689815616,0.0440842500795569,12.48138505600488,5.169980442967304,5.007620258484866,/Users/kvothearcane/Personal/Coding Projects/GrowthNet/rivanna_pull/analysis/synthetic_lollipop_v1/masks/137_1_571_synthetic_lollipop.nii.gz,False,,1.0,117,117.0,1,117,1.0,1.0,0.0,6.068235308895068,6.0,180.0,0.65,5.554676701055287,5.325377957958692,4.000000000000105,False,0.9975773381430886,1.1983249623405108,1.1983249623405108,1.1954218261620635,0.8365247966155419,121.53224182128906,0.9518821653655178,131.1302242255104,1.0387371095836673,1.0505502008392027,False,False,False,False,False,1.0,1.0,1.0,56.2991452991453,57.0,56.82051282051282,56.2991452991453,57.0,56.82051282051282,54.0,55.0,54.0,59.0,59.0,59.0,6.0,5.0,6.0,6.0,5.0,6.0,-0.9733560943531004,-1.3418127566757658e-16,-0.2292987430965955,-0.9733560943531004,-1.3418127566757658e-16,-0.2292987430965955,6.1345456613936165,5.13169956172605,5.119267188936727
137_2_2111,/sfs/ceph/standard/gam_ai_group/people_scratch/ethan hirai/GrowthNet/analysis/synthetic_lollipop_v1/masks/137_2_2111_synthetic_lollipop.nii.gz,False,,1.0,164,164.0,1,164,1.0,1.0,0.0,6.791229523398109,13.0,1248.0,0.1314102564102564,13.86484563147889,7.786995562315937,7.211258319171151,True,0.9015772778718334,2.762762955012789,2.762762955012789,2.4908443043855724,0.4014702959311117,232.22406005859375,0.6239351836264886,465.6224858066247,1.4160003662109375,1.6027305820257096,False,False,False,False,False,1.0,1.0,1.0,48.0,47.859756097560975,48.16463414634146,48.0,47.859756097560975,48.16463414634146,42.0,43.0,45.0,53.0,55.0,52.0,12.0,13.0,8.0,12.0,13.0,8.0,0.5998858549948202,-0.7217982539607753,0.3451727705893236,0.5998858549948202,-0.7217982539607753,0.3451727705893236,14.863621456490987,5.967302504745459,5.379984348466184,/Users/kvothearcane/Personal/Coding Projects/GrowthNet/rivanna_pull/analysis/synthetic_lollipop_v1/masks/137_2_2111_synthetic_lollipop.nii.gz,False,,1.0,170,170.0,1,170,1.0,1.0,0.0,6.873059437985092,8.0,392.0,0.4336734693877551,7.13974096211566,5.908631555690711,5.86067356296059,False,0.9865506455076852,1.1950401354801596,1.1950401354801596,1.1789676170655432,0.8481997177233803,162.01812744140625,0.9159809965722188,147.16108544720976,0.9530478084788604,1.0917257058194405,False,False,False,False,False,1.0,1.0,1.0,56.81764705882353,57.68235294117647,56.870588235294115,56.81764705882353,57.68235294117647,56.870588235294115,54.0,54.0,54.0,60.0,61.0,60.0,7.0,8.0,7.0,7.0,8.0,7.0,0.1590788017103295,-0.9787143275276392,0.1296618677118543,0.1590788017103295,-0.9787143275276392,0.1296618677118543,6.929834112626554,5.877883338199695,5.798829601519777
140_0_0,/sfs/ceph/standard/gam_ai_group/people_scratch/ethan hirai/GrowthNet/analysis/synthetic_lollipop_v1/masks/140_0_0_synthetic_lollipop.nii.gz,False,,1.0,89,89.0,1,89,1.0,1.0,0.0,5.539413623573113,11.0,462.0,0.1926406926406926,10.853522255121485,5.5214353317141995,5.356878155987985,True,0.8828218361824154,2.925072071595036,2.925072071595036,2.582317497211432,0.3872490509319131,143.69140625,0.6708828147474466,374.5522168939379,1.6145101825842696,1.49057328346747,False,False,False,False,False,1.0,1.0,1.0,48.146067415730336,47.943820224719104,47.87640449438202,48.146067415730336,47.943820224719104,47.87640449438202,46.0,41.0,45.0,51.0,51.0,51.0,6.0,11.0,7.0,6.0,11.0,7.0,0.2486250610862664,0.918704280632413,0.3068680885128508,0.2486250610862664,0.918704280632413,0.3068680885128508,12.048488703728868,4.66576581568288,4.119039944598305,/Users/kvothearcane/Personal/Coding Projects/GrowthNet/rivanna_pull/analysis/synthetic_lollipop_v1/masks/140_0_0_synthetic_lollipop.nii.gz,False,,1.0,96,96.0,1,96,1.0,1.0,0.0,5.680992338459954,6.0,150.0,0.64,5.456853679975996,4.775096068541343,4.53672098068807,False,0.976258031104418,1.206307412657467,1.206307412657467,1.1776672995876434,0.8491362546537098,104.3087158203125,0.9720255511457386,123.1457221856129,1.0865491231282551,1.0287795406420002,False,False,False,False,False,1.0,1.0,1.0,54.625,54.96875,54.9375,54.625,54.96875,54.9375,52.0,53.0,53.0,57.0,57.0,57.0,6.0,5.0,5.0,6.0,5.0,5.0,-0.9781989281439508,-0.1020801153474269,-0.1808494042806933,-0.9781989281439508,-0.1020801153474269,-0.1808494042806933,5.702823625268759,4.842474294111406,4.727504420042957
140_2_780,/sfs/ceph/standard/gam_ai_group/people_scratch/ethan hirai/GrowthNet/analysis/synthetic_lollipop_v1/masks/140_2_780_synthetic_lollipop.nii.gz,False,,1.0,89,89.0,1,89,1.0,1.0,0.0,5.539413623573113,11.0,396.0,0.2247474747474747,10.580989750289282,5.330191457534035,4.908366913037133,True,0.8450895764552522,3.1113533640364985,3.1113533640364985,2.629372296616229,0.380318907781493,140.74647521972656,0.6849201369307736,351.991818391782,1.581421069884568,1.4600242365206912,False,False,False,False,False,1.0,1.0,1.0,47.741573033707866,48.146067415730336,48.08988764044944,47.741573033707866,48.146067415730336,48.08988764044944,41.0,46.0,46.0,51.0,51.0,51.0,11.0,6.0,6.0,11.0,6.0,6.0,0.9451768089448082,0.3118895992796419,0.0967764315011369,0.945176808944808,0.3118895992796418,0.0967764315011369,12.06699975485021,4.589308166964176,3.878376495042385,/Users/kvothearcane/Personal/Coding Projects/GrowthNet/rivanna_pull/analysis/synthetic_lollipop_v1/masks/140_2_780_synthetic_lollipop.nii.gz,False,,1.0,94,94.0,1,94,1.0,1.0,0.0,5.641263819521384,6.0,150.0,0.6266666666666667,5.298571194508574,4.51827397175504,4.0,False,0.9909134664218702,1.178748202246088,1.178748202246088,1.1680374671262188,0.8561369203852255,103.18910217285156,0.9688774760837784,124.35000128381506,1.0977564060941656,1.0321222493911402,False,False,False,False,False,1.0,1.0,1.0,53.67021276595744,53.93617021276596,54.0,53.67021276595744,53.93617021276596,54.0,51.0,52.0,52.0,56.0,56.0,56.0,6.0,5.0,5.0,6.0,5.0,5.0,-0.97988080571652,-0.1995835829629866,-1.3266710305358678e-17,-0.97988080571652,-0.1995835829629866,-1.3266710305358678e-17,5.608254197877702,4.801433477708529,4.757805091190174
169_0_0,/sfs/ceph/standard/gam_ai_group/people_scratch/ethan hirai/GrowthNet/analysis/synthetic_lollipop_v1/masks/169_0_0_synthetic_lollipop.nii.gz,False,,1.0,281,281.0,1,281,1.0,1.0,0.0,8.126481777777478,17.0,2210.0,0.1271493212669683,16.664487189165094,9.37721990549805,8.230096615951254,True,0.9032214579870091,2.682166625065442,2.682166625065442,2.4225904496557047,0.412781285479813,338.04156494140625,0.6137406668212854,489.2126415243124,1.2029948930299157,1.629352679494496,False,False,False,False,False,1.0,1.0,1.0,48.44839857651245,48.12811387900356,47.92526690391459,48.44839857651245,48.12811387900356,47.92526690391459,38.0,44.0,43.0,54.0,53.0,55.0,17.0,10.0,13.0,17.0,10.0,13.0,-0.8483691570480858,0.0119427468976671,0.5292703885218394,-0.8483691570480857,0.0119427468976671,0.5292703885218393,17.317998666911574,7.148545751665448,6.456719916306106,/Users/kvothearcane/Personal/Coding Projects/GrowthNet/rivanna_pull/analysis/synthetic_lollipop_v1/masks/169_0_0_synthetic_lollipop.nii.gz,False,,1.0,265,265.0,1,265,1.0,1.0,0.0,7.96921879486843,9.0,504.0,0.5257936507936508,9.431996351302566,7.202120657983827,6.000000000000011,False,0.987513000315708,1.2419103421800153,1.2419103421800153,1.2264026081292945,0.8153929169519298,219.01931762695312,0.91095925450448,149.60824098681755,0.8264879910451062,1.097743938661619,False,False,False,False,False,1.0,1.0,1.0,65.64528301886793,66.0,65.35849056603773,65.64528301886793,66.0,65.35849056603773,62.0,63.0,62.0,69.0,69.0,70.0,8.0,7.0,9.0,8.0,7.0,9.0,-0.5124935780276145,-2.2204460492503136e-16,-0.8586910576455618,-0.5124935780276145,-2.2204460492503136e-16,-0.8586910576455618,8.224188312392501,6.705944897603691,6.6222077657844345
169_1_184,/sfs/ceph/standard/gam_ai_group/people_scratch/ethan hirai/GrowthNet/analysis/synthetic_lollipop_v1/masks/169_1_184_synthetic_lollipop.nii.gz,False,,1.0,465,465.0,1,465,1.0,1.0,0.0,9.612096233721807,19.0,2964.0,0.1568825910931174,19.783622146930306,11.21627450161416,10.215713397677977,True,0.903522863534764,2.748148713025216,2.748148713025216,2.483015194611919,0.4027361581072781,477.3786926269531,0.6080272763340095,503.13344403034296,1.026620844359039,1.644663058587304,False,False,False,False,False,1.0,1.0,1.0,48.00430107526882,48.16129032258065,48.380645161290325,48.00430107526882,48.16129032258065,48.380645161290325,42.0,42.0,36.0,54.0,53.0,54.0,13.0,12.0,19.0,13.0,12.0,19.0,0.3879180087255045,-0.1368805823165079,0.9114731618051808,0.3879180087255045,-0.1368805823165079,0.9114731618051808,20.945264487482703,8.435415350229592,7.621590632344544,/Users/kvothearcane/Personal/Coding Projects/GrowthNet/rivanna_pull/analysis/synthetic_lollipop_v1/masks/169_1_184_synthetic_lollipop.nii.gz,False,,1.0,461,461.0,1,461,1.0,1.0,0.0,9.584455258019704,10.0,900.0,0.5122222222222222,11.513789107390426,8.424076920425982,8.236457990261481,False,0.9844228317954586,1.3027123763684516,1.3027123763684516,1.2824198065596224,0.779775854119661,321.20782470703125,0.8984597483046813,155.9396294903827,0.6967631772386795,1.113015916279963,False,False,False,False,False,1.0,1.0,1.0,70.24295010845987,71.13665943600867,71.68763557483732,70.24295010845987,71.13665943600867,71.68763557483732,66.0,67.0,67.0,75.0,75.0,76.0,10.0,9.0,10.0,10.0,9.0,10.0,-0.7274596024078169,0.1169248355606841,0.6761147163712441,-0.7274596024078169,0.1169248355606841,0.6761147163712441,10.204446089411208,7.957180665188659,7.833230323533091
170_0_0,/sfs/ceph/standard/gam_ai_group/people_scratch/ethan hirai/GrowthNet/analysis/synthetic_lollipop_v1/masks/170_0_0_synthetic_lollipop.nii.gz,False,,1.0,138,138.0,1,138,1.0,1.0,0.0,6.411507500999382,12.0,960.0,0.14375,13.030049520314378,7.323806535361894,6.33224920657147,True,0.8659287788182393,2.64749520355801,2.64749520355801,2.2925422885441336,0.4361969700611474,203.11705017089844,0.6358047986216454,440.0286655552154,1.4718626823978147,1.572809771439111,False,False,False,False,False,1.0,1.0,1.0,48.35507246376812,48.0,47.869565217391305,48.35507246376812,48.0,47.869565217391305,41.0,44.0,44.0,52.0,51.0,53.0,12.0,8.0,10.0,12.0,8.0,10.0,-0.7632884862875482,0.3009344636995168,0.5716897193922135,-0.7632884862875482,0.3009344636995168,0.5716897193922135,13.432283443464124,5.859121339041567,5.0735817860641514,/Users/kvothearcane/Personal/Coding Projects/GrowthNet/rivanna_pull/analysis/synthetic_lollipop_v1/masks/170_0_0_synthetic_lollipop.nii.gz,False,,1.0,132,132.0,1,132,1.0,1.0,0.0,6.317206927705878,6.0,216.0,0.6111111111111112,6.1952490752550124,5.6741030218462924,5.51018431611741,False,0.9897722398313512,1.1393920752682298,1.1393920752682298,1.1277386463843275,0.886730274967632,132.8062744140625,0.944020629434736,134.43362783356673,1.0061081395004734,1.0592988848122775,False,False,False,False,False,1.0,1.0,1.0,57.73484848484848,57.45454545454545,57.76515151515152,57.73484848484848,57.45454545454545,57.76515151515152,55.0,55.0,55.0,60.0,60.0,60.0,6.0,6.0,6.0,6.0,6.0,6.0,-0.4682118828639641,-0.7823219101142431,-0.4107919932279397,-0.468211882863964,-0.782321910114243,-0.4107919932279397,6.159571851923396,5.46187884193892,5.406016055073352
170_1_176,/sfs/ceph/standard/gam_ai_group/people_scratch/ethan hirai/GrowthNet/analysis/synthetic_lollipop_v1/masks/170_1_176_synthetic_lollipop.nii.gz,False,,1.0,45,45.0,1,45,1.0,1.0,0.0,4.413041015034399,7.0,84.0,0.5357142857142857,6.56352480445502,3.597807308195371,2.653873526850303,True,0.8171791759460877,2.896649838145474,2.896649838145474,2.3670819277400867,0.4224610852209604,74.93252563476562,0.8164985717705844,207.7715526702297,1.665167236328125,1.2247418851345828,False,False,False,False,False,1.0,1.0,1.0,47.888888888888886,48.0,48.31111111111111,47.888888888888886,48.0,48.31111111111111,47.0,47.0,46.0,49.0,50.0,52.0,3.0,4.0,7.0,3.0,4.0,7.0,-0.1353849172724771,-0.2032839267729149,0.9697146844772996,-0.1353849172724771,-0.2032839267729149,0.9697146844772996,7.959645050331169,3.3626402859365516,2.747879617864748,/Users/kvothearcane/Personal/Coding Projects/GrowthNet/rivanna_pull/analysis/synthetic_lollipop_v1/masks/170_1_176_synthetic_lollipop.nii.gz,False,,1.0,20,20.0,1,20,1.0,1.0,0.0,3.3677806019212593,3.0,27.0,0.7407407407407407,2.886751345948129,2.7351411351255264,2.7289110100209975,False,1.0,1.1335784048754634,1.1335784048754634,1.1335784048754631,0.882162182782462,35.53990173339844,1.002585068248077,112.22475776468144,1.7769950866699218,0.997421597099392,False,False,False,False,False,1.0,1.0,1.0,38.95,38.95,39.05,38.95,38.95,39.05,38.0,38.0,38.0,40.0,40.0,40.0,3.0,3.0,3.0,3.0,3.0,3.0,-0.577350269189626,-0.5773502691896261,0.5773502691896254,-0.577350269189626,-0.5773502691896261,0.5773502691896254,3.2895368414989585,2.901905000440047,2.9019050004400464
170_2_382,/sfs/ceph/standard/gam_ai_group/people_scratch/ethan hirai/GrowthNet/analysis/synthetic_lollipop_v1/masks/170_2_382_synthetic_lollipop.nii.gz,False,,1.0,76,76.0,1,76,1.0,1.0,0.0,5.255390479711558,10.0,400.0,0.19,10.212795135637752,4.7526056581664005,4.0985252592001,True,0.9266853038392304,2.9899883025139378,2.9899883025139378,2.7707782185908725,0.3609094345012454,122.03661346435548,0.7110001711606393,314.6612456889257,1.6057449140046771,1.406469422317573,False,False,False,False,False,1.0,1.0,1.0,47.94736842105263,47.73684210526316,48.19736842105263,47.94736842105263,47.73684210526316,48.19736842105263,44.0,42.0,46.0,51.0,51.0,50.0,8.0,10.0,5.0,8.0,10.0,5.0,-0.6153856744011172,-0.7812368130797894,0.104735445914057,-0.6153856744011172,-0.7812368130797894,0.104735445914057,11.140063514646007,4.020554023378847,3.7257883267568666,/Users/kvothearcane/Personal/Coding Projects/GrowthNet/rivanna_pull/analysis/synthetic_lollipop_v1/masks/170_2_382_synthetic_lollipop.nii.gz,False,,1.0,78,78.0,1,78,1.0,1.0,0.0,5.301091821273772,6.0,150.0,0.52,5.447589959896714,4.450313074641911,4.108812499269055,False,0.9093789123212797,1.2633394942682925,1.2633394942682925,1.1488542951902154,0.8704323987703161,93.14808654785156,0.9477779229585928,132.84114452172005,1.1942062377929688,1.0550994866797383,False,False,False,False,False,1.0,1.0,1.0,51.48717948717949,52.11538461538461,52.14102564102564,51.48717948717949,52.11538461538461,52.14102564102564,49.0,50.0,50.0,54.0,54.0,54.0,6.0,5.0,5.0,6.0,5.0,5.0,-0.910089279352023,0.2722260791116295,0.3124587420124847,-0.910089279352023,0.2722260791116295,0.3124587420124847,5.402545381289456,4.702550535701273,4.276400291291875
170_3_732,/sfs/ceph/standard/gam_ai_group/people_scratch/ethan hirai/GrowthNet/analysis/synthetic_lollipop_v1/masks/170_3_732_synthetic_lollipop.nii.gz,False,,1.0,68,68.0,1,68,1.0,1.0,0.0,5.064113492312934,10.0,250.0,0.272,9.097713782340747,4.946585544970144,4.210860209911633,True,0.8643670026643714,2.9789285484728865,2.9789285484728865,2.5748875405948355,0.3883664759079093,109.6785125732422,0.7345733713551904,285.3296020882921,1.6129193025476791,1.3613344003406125,False,False,False,False,False,1.0,1.0,1.0,47.75,47.97058823529411,48.088235294117645,47.75,47.97058823529411,48.088235294117645,42.0,46.0,46.0,51.0,50.0,50.0,10.0,5.0,5.0,10.0,5.0,5.0,-0.9874245737724672,-0.1425600725771036,0.0683325458114405,-0.9874245737724672,-0.1425600725771036,0.0683325458114405,10.252566523285935,3.9817531296599658,3.441696018033664,/Users/kvothearcane/Personal/Coding Projects/GrowthNet/rivanna_pull/analysis/synthetic_lollipop_v1/masks/170_3_732_synthetic_lollipop.nii.gz,False,,1.0,69,69.0,1,69,1.0,1.0,0.0,5.08881687589421,6.0,150.0,0.46,4.879983311457265,4.502837542171855,4.101379404266147,False,0.9442298273194496,1.1343504807672264,1.1343504807672264,1.071087558574573,0.9336304879974726,86.32511901855469,0.9424239893329316,135.11805216605975,1.2510886814283289,1.061093532548786,False,False,False,False,False,1.0,1.0,1.0,49.94202898550725,50.10144927536232,50.289855072463766,49.94202898550725,50.10144927536232,50.289855072463766,48.0,48.0,48.0,52.0,52.0,53.0,5.0,5.0,6.0,5.0,5.0,6.0,-0.2547073450543076,0.3235364990004611,0.9112893624913608,-0.2547073450543076,0.3235364990004611,0.9112893624913608,4.899718630568664,4.57452669610813,4.319404552334392
190_1_150,/sfs/ceph/standard/gam_ai_group/people_scratch/ethan hirai/GrowthNet/analysis/synthetic_lollipop_v1/masks/190_1_150_synthetic_lollipop.nii.gz,False,,1.0,131,131.0,1,131,1.0,1.0,0.0,6.30121393035292,14.0,686.0,0.1909620991253644,12.960915925400716,6.688363466122967,5.988320840042242,True,0.9232761791341066,2.6408582518321877,2.6408582518321877,2.438241516386398,0.4101316433501027,186.01266479492188,0.6705880456526382,375.0463576271153,1.419944006068106,1.4912284918929135,False,False,False,False,False,1.0,1.0,1.0,48.11450381679389,48.12213740458015,47.98473282442748,48.11450381679389,48.12213740458015,47.98473282442748,39.0,45.0,45.0,52.0,51.0,51.0,14.0,7.0,7.0,14.0,7.0,7.0,-0.996993532723132,0.0583562437177814,0.0509749401902552,-0.996993532723132,0.0583562437177814,0.0509749401902552,13.194570163711926,5.411510744541406,4.996318963563354,/Users/kvothearcane/Personal/Coding Projects/GrowthNet/rivanna_pull/analysis/synthetic_lollipop_v1/masks/190_1_150_synthetic_lollipop.nii.gz,False,,1.0,132,132.0,1,132,1.0,1.0,0.0,6.317206927705878,6.0,216.0,0.6111111111111112,6.405718225284279,5.580263271745643,5.086117244754343,False,0.9693266502813068,1.1883404305350762,1.1883404305350762,1.1518900489244115,0.8681384138475366,133.24578857421875,0.940906756654546,135.77274916861313,1.00943779222893,1.062804569026121,False,False,False,False,False,1.0,1.0,1.0,58.38636363636363,58.666666666666664,58.95454545454545,58.38636363636363,58.666666666666664,58.95454545454545,56.0,56.0,56.0,61.0,61.0,61.0,6.0,6.0,6.0,6.0,6.0,6.0,-0.8290461799258049,-0.5585646690359445,-0.0262286495114772,-0.8290461799258049,-0.5585646690359445,-0.0262286495114772,6.293554811460259,5.463676691483642,5.296087425575893
190_2_1367,/sfs/ceph/standard/gam_ai_group/people_scratch/ethan hirai/GrowthNet/analysis/synthetic_lollipop_v1/masks/190_2_1367_synthetic_lollipop.nii.gz,False,,1.0,78,78.0,1,78,1.0,1.0,0.0,5.301091821273772,10.0,360.0,0.2166666666666666,9.794775876581731,5.195541748121784,4.684675623639572,True,0.9051288763347072,2.7740118062276844,2.7740118062276844,2.510838189110075,0.3982733751371025,126.21263122558594,0.6994838720864339,330.4602728100095,1.6181106567382812,1.4296255280585397,False,False,False,False,False,1.0,1.0,1.0,47.84615384615385,48.20512820512821,47.93589743589744,47.84615384615385,48.20512820512821,47.93589743589744,46.0,46.0,45.0,51.0,51.0,54.0,6.0,6.0,10.0,6.0,6.0,10.0,-0.1323244886128299,0.2692662583175532,0.9539318171887432,-0.1323244886128299,0.2692662583175532,0.9539318171887432,10.890967384760083,4.337582338836501,3.926071028360353,/Users/kvothearcane/Personal/Coding Projects/GrowthNet/rivanna_pull/analysis/synthetic_lollipop_v1/masks/190_2_1367_synthetic_lollipop.nii.gz,False,,1.0,82,82.0,1,82,1.0,1.0,0.0,5.390202444799826,6.0,150.0,0.5466666666666666,5.34332302382086,4.628841500467855,4.0,False,0.9877537775926716,1.1514811518878834,1.1514811518878834,1.1373798576040175,0.8792137414026134,95.98196411132812,0.9509778318819756,131.5046754057998,1.170511757455221,1.0515492227836791,False,False,False,False,False,1.0,1.0,1.0,51.0,50.426829268292686,50.926829268292686,51.0,50.426829268292686,50.926829268292686,49.0,48.0,49.0,53.0,53.0,53.0,5.0,6.0,5.0,5.0,6.0,5.0,0.0,0.9674694386466954,0.2529879152936914,0.0,0.9674694386466954,0.2529879152936914,5.30175137060267,4.661372658534007,4.60428845223416
199_0_0,/sfs/ceph/standard/gam_ai_group/people_scratch/ethan hirai/GrowthNet/analysis/synthetic_lollipop_v1/masks/199_0_0_synthetic_lollipop.nii.gz,False,,1.0,188,188.0,1,188,1.0,1.0,0.0,7.107547034225343,14.0,1344.0,0.1398809523809523,14.423411150609796,8.245820198097013,7.855382792066253,True,0.8876325841826782,2.630133137905716,2.630133137905716,2.334591873943747,0.4283403926660354,254.252685546875,0.6242000634425249,465.0299754427783,1.35240790184508,1.60205046197032,False,False,False,False,False,1.0,1.0,1.0,48.4468085106383,47.984042553191486,47.765957446808514,48.4468085106383,47.984042553191486,47.765957446808514,42.0,45.0,43.0,53.0,52.0,56.0,12.0,8.0,14.0,12.0,8.0,14.0,-0.6086887855500477,-0.0647701105772057,0.7907608963026843,-0.6086887855500477,-0.0647701105772057,0.7907608963026843,15.366635198796237,6.5821505550081,5.842531306621289,/Users/kvothearcane/Personal/Coding Projects/GrowthNet/rivanna_pull/analysis/synthetic_lollipop_v1/masks/199_0_0_synthetic_lollipop.nii.gz,False,,1.0,189,189.0,1,189,1.0,1.0,0.0,7.1201267897377285,8.0,392.0,0.4821428571428571,7.244179267971002,6.227236771229576,6.176050846461493,False,0.9776476483267614,1.1924081331242664,1.1924081331242664,1.1657550071946428,0.8578131715740791,172.94900512695312,0.9208889444195772,144.8206845510689,0.9150741012008102,1.085907270425844,False,False,False,False,False,1.0,1.0,1.0,62.3968253968254,63.05820105820106,62.904761904761905,62.3968253968254,63.05820105820106,62.904761904761905,59.0,60.0,60.0,66.0,66.0,66.0,8.0,7.0,7.0,8.0,7.0,7.0,-0.9893131676049872,0.0907626273721799,-0.1141122336819558,-0.9893131676049872,0.0907626273721799,-0.1141122336819558,7.127288689066422,6.113882115092128,5.977222471966865
199_2_292,/sfs/ceph/standard/gam_ai_group/people_scratch/ethan hirai/GrowthNet/analysis/synthetic_lollipop_v1/masks/199_2_292_synthetic_lollipop.nii.gz,False,,1.0,319,319.0,1,319,1.0,1.0,0.0,8.477426249208973,18.0,1980.0,0.1611111111111111,17.4910693545946,9.985931984507214,8.91922465886333,True,0.8641360121646777,2.830070502660783,2.830070502660783,2.445565838314174,0.4089033238579011,373.0050354003906,0.6052896091606842,509.9912416253329,1.1692947818194064,1.652101712743153,False,False,False,False,False,1.0,1.0,1.0,48.30094043887147,48.27272727272727,48.27586206896552,48.30094043887147,48.27272727272727,48.27586206896552,45.0,43.0,37.0,54.0,53.0,54.0,10.0,11.0,18.0,10.0,11.0,18.0,0.2741956242997723,-0.2795942896485198,0.9201324865533212,0.2741956242997723,-0.2795942896485198,0.9201324865533212,18.618814423214847,7.613295103945981,6.578922470556745,/Users/kvothearcane/Personal/Coding Projects/GrowthNet/rivanna_pull/analysis/synthetic_lollipop_v1/masks/199_2_292_synthetic_lollipop.nii.gz,False,,1.0,301,301.0,1,301,1.0,1.0,0.0,8.314879461624903,9.0,576.0,0.5225694444444444,8.661551053987287,7.393320770245884,7.308155591652516,False,0.9918521373609198,1.1977561665004235,1.1977561665004235,1.1879970137806668,0.8417529576253837,236.3719482421875,0.9188949260106588,145.7655223226935,0.7852888645919851,1.08826370860644,False,False,False,False,False,1.0,1.0,1.0,64.6046511627907,64.59800664451828,64.16611295681064,64.6046511627907,64.59800664451828,64.16611295681064,61.0,61.0,60.0,68.0,68.0,68.0,8.0,8.0,9.0,8.0,8.0,9.0,-0.4359987774692235,-0.4444904289867693,-0.7825172998627572,-0.4359987774692235,-0.4444904289867693,-0.7825172998627572,8.383358335960496,7.056716674128163,6.99921951598446
200_0_0,/sfs/ceph/standard/gam_ai_group/people_scratch/ethan hirai/GrowthNet/analysis/synthetic_lollipop_v1/masks/200_0_0_synthetic_lollipop.nii.gz,False,,1.0,301,301.0,1,301,1.0,1.0,0.0,8.314879461624903,18.0,1620.0,0.1858024691358024,17.262823019161733,9.231306294254484,8.366952310408415,True,0.930297883185078,2.78154490904103,2.78154490904103,2.5876653408651,0.3864487359349502,354.09326171875,0.6134005002996049,490.0269841884787,1.1763895738164452,1.6302562510326732,False,False,False,False,False,1.0,1.0,1.0,48.21262458471761,48.21262458471761,47.74086378737542,48.21262458471761,48.21262458471761,47.74086378737542,36.0,44.0,43.0,53.0,53.0,51.0,18.0,10.0,9.0,18.0,10.0,9.0,-0.9873184624958568,-0.0010818426383129,0.1587484904851797,-0.9873184624958568,-0.0010818426383129,0.1587484904851797,18.29550184228287,7.070273560245768,6.577460526636062,/Users/kvothearcane/Personal/Coding Projects/GrowthNet/rivanna_pull/analysis/synthetic_lollipop_v1/masks/200_0_0_synthetic_lollipop.nii.gz,False,,1.0,307,307.0,1,307,1.0,1.0,0.0,8.369764743424398,10.0,640.0,0.4796875,9.845173841411444,7.370394192121818,7.1871612980291335,False,0.966606279193892,1.227105404042914,1.227105404042914,1.1861277887806383,0.8430794805237796,242.33094787597656,0.9081707155912452,150.99059349924326,0.789351621745852,1.101114562308884,False,False,False,False,False,1.0,1.0,1.0,63.08794788273616,63.52117263843648,63.93811074918567,63.08794788273616,63.52117263843648,63.93811074918567,59.0,60.0,60.0,68.0,67.0,67.0,10.0,8.0,8.0,10.0,8.0,8.0,-0.876167345166421,-0.4805479580406214,-0.0374759027511675,-0.8761673451664209,-0.4805479580406213,-0.0374759027511675,8.512278093343316,7.176526993009832,6.9368760542477625
200_1_45,/sfs/ceph/standard/gam_ai_group/people_scratch/ethan hirai/GrowthNet/analysis/synthetic_lollipop_v1/masks/200_1_45_synthetic_lollipop.nii.gz,False,,1.0,307,307.0,1,307,1.0,1.0,0.0,8.369764743424398,16.0,2240.0,0.1370535714285714,16.672293267312174,9.084298046425022,8.672996962126298,True,0.9561143568153616,2.683968676106986,2.683968676106986,2.566180984468608,0.3896841283028504,359.2764892578125,0.6125585083428744,492.05046196692285,1.170281723966816,1.6324971188552302,False,False,False,False,False,1.0,1.0,1.0,48.27687296416938,47.68403908794788,47.94462540716612,48.27687296416938,47.68403908794788,47.94462540716612,39.0,43.0,42.0,54.0,52.0,55.0,16.0,10.0,14.0,16.0,10.0,14.0,-0.8085542963376324,-0.032382152121395,0.5875298682602811,-0.8085542963376324,-0.032382152121395,0.5875298682602811,18.119149837679135,7.060745110084727,6.750879769565867,/Users/kvothearcane/Personal/Coding Projects/GrowthNet/rivanna_pull/analysis/synthetic_lollipop_v1/masks/200_1_45_synthetic_lollipop.nii.gz,False,,1.0,311,311.0,1,311,1.0,1.0,0.0,8.405958770938247,10.0,560.0,0.5553571428571429,9.56876849882546,7.269936902174989,6.474920099310124,False,0.9769785904272456,1.2553366602943414,1.2553366602943414,1.2264370408860117,0.8153700244389003,240.68609619140625,0.9223024895048592,144.15583657104514,0.7739102771427854,1.084242980344608,False,False,False,False,False,1.0,1.0,1.0,64.41479099678456,65.26366559485531,64.95176848874598,64.41479099678456,65.26366559485531,64.95176848874598,60.0,62.0,62.0,69.0,69.0,68.0,10.0,8.0,7.0,10.0,8.0,7.0,-0.91337809339456,0.4004101119135799,-0.0735676612668405,-0.91337809339456,0.4004101119135799,-0.0735676612668405,8.702701676672065,7.095922078792561,6.9325639503203265
206_0_0,/sfs/ceph/standard/gam_ai_group/people_scratch/ethan hirai/GrowthNet/analysis/synthetic_lollipop_v1/masks/206_0_0_synthetic_lollipop.nii.gz,False,,1.0,157,157.0,1,157,1.0,1.0,0.0,6.693198063015237,14.0,1008.0,0.1557539682539682,13.638524775305624,7.057986539396244,6.399033797984212,True,0.9024599845416564,2.7738817709634627,2.7738817709634627,2.503317300144069,0.3994699353303909,218.034423828125,0.6454939253817132,420.50958047199447,1.388754291898885,1.5492012560902868,False,False,False,False,False,1.0,1.0,1.0,47.94267515923567,48.21656050955414,47.738853503184714,47.94267515923567,48.21656050955414,47.738853503184714,44.0,45.0,44.0,52.0,52.0,57.0,9.0,8.0,14.0,9.0,8.0,14.0,-0.31266314822956,-0.0213844769852524,0.9496233252628368,-0.31266314822956,-0.0213844769852524,0.9496233252628368,14.42834119774992,5.763688525189975,5.201498257345868,/Users/kvothearcane/Personal/Coding Projects/GrowthNet/rivanna_pull/analysis/synthetic_lollipop_v1/masks/206_0_0_synthetic_lollipop.nii.gz,False,,1.0,160,160.0,1,160,1.0,1.0,0.0,6.7355612038425186,7.0,343.0,0.466472303206997,7.057291245678623,6.103375715050392,5.989529215602435,False,0.9568426239259608,1.1625442839096334,1.1625442839096334,1.1123719230462208,0.8989798998715365,154.459716796875,0.9227460866516396,143.94803385487475,0.9653732299804688,1.0837217458474315,False,False,False,False,False,1.0,1.0,1.0,58.575,58.7125,58.7625,58.575,58.7125,58.7625,56.0,56.0,56.0,62.0,62.0,62.0,7.0,7.0,7.0,7.0,7.0,7.0,-0.7487976287135656,-0.5220115501830617,-0.4084189671261828,-0.7487976287135656,-0.5220115501830617,-0.4084189671261828,6.587554785187943,5.922079341186518,5.666497935918633
206_1_356,/sfs/ceph/standard/gam_ai_group/people_scratch/ethan hirai/GrowthNet/analysis/synthetic_lollipop_v1/masks/206_1_356_synthetic_lollipop.nii.gz,False,,1.0,435,435.0,1,435,1.0,1.0,0.0,9.40077254454793,17.0,2992.0,0.1453877005347593,19.73685121739351,10.709274071984058,9.477205021617236,True,0.9092200534406554,2.69970574678308,2.69970574678308,2.4546266033641566,0.4073939387072001,445.95166015625,0.6225714164402794,468.6890866501134,1.0251762302442529,1.6062414264338871,False,False,False,False,False,1.0,1.0,1.0,48.2183908045977,47.811494252873565,48.289655172413795,48.2183908045977,47.811494252873565,48.289655172413795,38.0,42.0,39.0,54.0,52.0,54.0,17.0,11.0,16.0,17.0,11.0,16.0,0.7318886383512738,-0.2367026958502528,0.6389920616326474,0.7318886383512738,-0.2367026958502528,0.6389920616326474,20.121883573234555,8.197533403107736,7.453361758855173,/Users/kvothearcane/Personal/Coding Projects/GrowthNet/rivanna_pull/analysis/synthetic_lollipop_v1/masks/206_1_356_synthetic_lollipop.nii.gz,False,,1.0,424,424.0,1,424,1.0,1.0,0.0,9.32085484635786,11.0,990.0,0.4282828282828282,11.367021232057994,8.147498479405044,7.823963258759127,False,0.9924818573983358,1.2970965102366498,1.2970965102366498,1.2873447537045697,0.7767926945150608,304.2818298339844,0.896985335440876,156.7098679389026,0.7176458250801518,1.1148454277778037,False,False,False,False,False,1.0,1.0,1.0,64.77122641509433,65.37735849056604,65.66981132075472,64.77122641509433,65.37735849056604,65.66981132075472,60.0,61.0,62.0,70.0,70.0,70.0,11.0,10.0,9.0,11.0,10.0,9.0,-0.8711083009516886,-0.4437690809655209,-0.2103314783670752,-0.8711083009516886,-0.4437690809655209,-0.2103314783670752,9.927311679691853,7.7114631889586684,7.653487309036593
207_0_0,/sfs/ceph/standard/gam_ai_group/people_scratch/ethan hirai/GrowthNet/analysis/synthetic_lollipop_v1/masks/207_0_0_synthetic_lollipop.nii.gz,False,,1.0,45,45.0,1,45,1.0,1.0,0.0,4.413041015034399,8.0,160.0,0.28125,7.161351691232264,3.9640077958764,3.0934713721802725,True,0.9325028959435738,2.8851731957909417,2.8851731957909417,2.6904323603738285,0.3716874710282821,81.73252868652344,0.7485673224990645,269.6247647366323,1.8162784152560765,1.3358851902077915,False,False,False,False,False,1.0,1.0,1.0,47.55555555555556,48.06666666666667,47.977777777777774,47.55555555555556,48.06666666666667,47.977777777777774,43.0,46.0,46.0,50.0,50.0,49.0,8.0,5.0,4.0,8.0,5.0,4.0,-0.9970504000589416,0.0606662969398911,0.0470117023506456,-0.9970504000589416,0.0606662969398911,0.0470117023506456,8.61622770780468,3.202543886517733,2.986381448564174,/Users/kvothearcane/Personal/Coding Projects/GrowthNet/rivanna_pull/analysis/synthetic_lollipop_v1/masks/207_0_0_synthetic_lollipop.nii.gz,False,,1.0,47,47.0,1,47,1.0,1.0,0.0,4.477474060769193,5.0,125.0,0.376,3.972178623225992,3.781347400285273,3.7012990378937274,False,0.975305142599318,1.1413196968492574,1.1413196968492574,1.1131349696869757,0.8983636551111227,65.29033660888672,0.9646441216273868,125.99433163613575,1.3891560980614197,1.036651732571559,False,False,False,False,False,1.0,1.0,1.0,45.702127659574465,46.361702127659576,45.87234042553192,45.702127659574465,46.361702127659576,45.87234042553192,44.0,44.0,44.0,48.0,48.0,48.0,5.0,5.0,5.0,5.0,5.0,5.0,-0.6559709716142255,0.702180572725285,-0.2768474809108434,-0.6559709716142255,0.702180572725285,-0.2768474809108434,4.378525034789894,3.933507754249405,3.836370341173739
207_1_291,/sfs/ceph/standard/gam_ai_group/people_scratch/ethan hirai/GrowthNet/analysis/synthetic_lollipop_v1/masks/207_1_291_synthetic_lollipop.nii.gz,False,,1.0,63,63.0,1,63,1.0,1.0,0.0,4.936820184470645,8.0,320.0,0.196875,8.772780123411259,4.388549389453669,3.354417492494142,True,0.815344818636113,2.974253788427795,2.974253788427795,2.4250424157034325,0.4123639213584352,102.33193969726562,0.7482268428035135,269.99300949812243,1.6243165031312004,1.3364930831044814,False,False,False,False,False,1.0,1.0,1.0,47.95238095238095,47.96825396825397,47.73015873015873,47.95238095238095,47.96825396825397,47.73015873015873,44.0,44.0,46.0,51.0,51.0,50.0,8.0,8.0,5.0,8.0,8.0,5.0,0.6571053238329589,0.7219801287842503,0.216696301378357,0.6571053238329589,0.7219801287842503,0.216696301378357,9.858308336310312,4.065210683521472,3.3145484674734034,/Users/kvothearcane/Personal/Coding Projects/GrowthNet/rivanna_pull/analysis/synthetic_lollipop_v1/masks/207_1_291_synthetic_lollipop.nii.gz,False,,1.0,66,66.0,1,66,1.0,1.0,0.0,5.013970461270554,5.0,125.0,0.528,4.46568690505706,4.242640687119289,3.554250855917772,False,0.9212934470667028,1.161870641242168,1.161870641242168,1.0704238081155972,0.9342094153907384,83.74139404296875,0.9431336244618376,134.81328393505424,1.2688090006510415,1.060295141709756,False,False,False,False,False,1.0,1.0,1.0,48.89393939393939,49.10606060606061,48.78787878787879,48.89393939393939,49.10606060606061,48.78787878787879,47.0,47.0,47.0,51.0,51.0,51.0,5.0,5.0,5.0,5.0,5.0,5.0,0.4297886633825483,-0.4297886633825468,0.7940802287273538,0.4297886633825483,-0.4297886633825468,0.7940802287273538,4.867418809484545,4.5471884804704406,4.189294949634614
207_2_651,/sfs/ceph/standard/gam_ai_group/people_scratch/ethan hirai/GrowthNet/analysis/synthetic_lollipop_v1/masks/207_2_651_synthetic_lollipop.nii.gz,False,,1.0,114,114.0,1,114,1.0,1.0,0.0,6.015920332305007,11.0,770.0,0.148051948051948,12.062049393884095,6.676737347808553,5.78100945260803,True,0.8641990692624086,2.888307537923672,2.888307537923672,2.4960726860172366,0.4006293589132663,179.361572265625,0.6339056506908033,443.9954341787394,1.5733471251370614,1.5775218266476134,False,False,False,False,False,1.0,1.0,1.0,47.92982456140351,47.98245614035088,47.85964912280702,47.92982456140351,47.98245614035088,47.85964912280702,45.0,44.0,44.0,51.0,54.0,53.0,7.0,11.0,10.0,7.0,11.0,10.0,-0.2805351649438023,0.7414595260728514,0.6095389999218889,-0.2805351649438023,0.7414595260728514,0.6095389999218889,13.273383828624516,5.317707253871556,4.595557659405758,/Users/kvothearcane/Personal/Coding Projects/GrowthNet/rivanna_pull/analysis/synthetic_lollipop_v1/masks/207_2_651_synthetic_lollipop.nii.gz,False,,1.0,114,114.0,1,114,1.0,1.0,0.0,6.015920332305007,6.0,216.0,0.5277777777777778,6.065049138988222,5.360733327259506,4.939296752378375,False,0.9416503554415662,1.1835077647239167,1.1835077647239167,1.1144505073201296,0.8973031942034432,118.94366455078124,0.9559005484266436,129.4834436701156,1.043365478515625,1.046133932704549,False,False,False,False,False,1.0,1.0,1.0,55.53508771929825,56.175438596491226,56.39473684210526,55.53508771929825,56.175438596491226,56.39473684210526,53.0,54.0,54.0,58.0,59.0,59.0,6.0,6.0,6.0,6.0,6.0,6.0,-0.7570031070827413,0.2139088656317297,0.6174052907703517,-0.7570031070827413,0.2139088656317297,0.6174052907703517,5.913233643169775,5.305963436087502,4.99636235555175
207_3_1194,/sfs/ceph/standard/gam_ai_group/people_scratch/ethan hirai/GrowthNet/analysis/synthetic_lollipop_v1/masks/207_3_1194_synthetic_lollipop.nii.gz,False,,1.0,94,94.0,1,94,1.0,1.0,0.0,5.641263819521384,10.0,810.0,0.1160493827160493,11.572017871287514,6.144372092522324,5.733046310782234,True,0.975945309376676,2.8221438819771643,2.8221438819771643,2.7542580840016977,0.363074181685649,160.8456573486328,0.6215747351877969,470.94730133362754,1.7111240143471576,1.6088169988084684,False,False,False,False,False,1.0,1.0,1.0,48.06382978723404,48.159574468085104,47.97872340425532,48.06382978723404,48.159574468085104,47.97872340425532,44.0,45.0,44.0,52.0,53.0,53.0,9.0,9.0,10.0,9.0,9.0,10.0,-0.51565827162844,0.5875315048997602,0.6236211010312215,-0.51565827162844,0.5875315048997602,0.6236211010312215,12.81470388807529,4.652688127706841,4.540769154228041,/Users/kvothearcane/Personal/Coding Projects/GrowthNet/rivanna_pull/analysis/synthetic_lollipop_v1/masks/207_3_1194_synthetic_lollipop.nii.gz,False,,1.0,92,92.0,1,92,1.0,1.0,0.0,5.600967702383306,6.0,150.0,0.6133333333333333,5.589718554344666,4.570519543219097,4.440010318437134,False,0.96979625411393,1.21856792851311,1.21856792851311,1.1817626124553853,0.8461936343732085,100.74618530273438,0.9782444633649006,120.81202886392025,1.095067231551461,1.0222393659763391,False,False,False,False,False,1.0,1.0,1.0,52.70652173913044,53.09782608695652,53.03260869565217,52.70652173913044,53.09782608695652,53.03260869565217,50.0,51.0,51.0,55.0,55.0,55.0,6.0,5.0,5.0,6.0,5.0,5.0,-0.9412408261744684,0.3116833141214262,0.1300738976147361,-0.9412408261744682,0.3116833141214261,0.1300738976147361,5.651722651556306,4.782451730989817,4.638003774194606
207_4_1986,/sfs/ceph/standard/gam_ai_group/people_scratch/ethan hirai/GrowthNet/analysis/synthetic_lollipop_v1/masks/207_4_1986_synthetic_lollipop.nii.gz,False,,1.0,57,57.0,1,57,1.0,1.0,0.0,4.774839132028925,8.0,256.0,0.22265625,8.49359784964776,4.317030864925103,3.6254510169786354,True,0.8852745535902456,2.802499538768791,2.802499538768791,2.4809815281204113,0.4030662818991638,93.32616424560548,0.7674744833124666,250.1845796454939,1.6373011271158855,1.302974915444666,False,False,False,False,False,1.0,1.0,1.0,48.05263157894737,48.1578947368421,48.12280701754386,48.05263157894737,48.1578947368421,48.12280701754386,47.0,45.0,45.0,50.0,52.0,52.0,4.0,8.0,8.0,4.0,8.0,8.0,-0.2239843427103419,0.6861005421148189,0.6921683757080844,-0.2239843427103419,0.6861005421148189,0.6921683757080844,9.108957089127246,3.6715134658935495,3.2502974445194877,/Users/kvothearcane/Personal/Coding Projects/GrowthNet/rivanna_pull/analysis/synthetic_lollipop_v1/masks/207_4_1986_synthetic_lollipop.nii.gz,False,,1.0,65,65.0,1,65,1.0,1.0,0.0,4.988518396225169,5.0,125.0,0.52,4.976006978575137,4.305169614989328,4.130187540322716,False,0.9499453638434144,1.1392986431548895,1.1392986431548895,1.08227146409808,0.9239825987959116,81.93414306640625,0.9541751746047994,130.1871243988874,1.2605252779447116,1.0480255896556734,False,False,False,False,False,1.0,1.0,1.0,47.98461538461538,47.86153846153846,48.184615384615384,47.98461538461538,47.86153846153846,48.184615384615384,46.0,46.0,46.0,50.0,50.0,50.0,5.0,5.0,5.0,5.0,5.0,5.0,-0.0414356420616283,-0.6680338299031273,0.7429763722164388,-0.0414356420616283,-0.6680338299031273,0.7429763722164388,4.826528270799422,4.459628134815187,4.23640307113334
210_1_162,/sfs/ceph/standard/gam_ai_group/people_scratch/ethan hirai/GrowthNet/analysis/synthetic_lollipop_v1/masks/210_1_162_synthetic_lollipop.nii.gz,False,,1.0,369,369.0,1,369,1.0,1.0,0.0,8.89902816477149,19.0,2090.0,0.1765550239234449,18.1443772914215,10.236066443373064,9.252860828457894,True,0.8519954291942702,2.7946801798793177,2.7946801798793177,2.381054739317,0.4199819447606853,400.3143310546875,0.6214896454921168,471.1407635234869,1.084862685785061,1.6090372659518175,False,False,False,False,False,1.0,1.0,1.0,47.77235772357724,47.90785907859079,47.62872628726287,47.77235772357724,47.90785907859079,47.62872628726287,44.0,43.0,42.0,53.0,53.0,60.0,10.0,11.0,19.0,10.0,11.0,19.0,-0.2099479247837381,-0.0955781820145996,0.9730296398372384,-0.2099479247837381,-0.0955781820145996,0.9730296398372384,19.090363816795104,8.017608121966626,6.830965472986422,/Users/kvothearcane/Personal/Coding Projects/GrowthNet/rivanna_pull/analysis/synthetic_lollipop_v1/masks/210_1_162_synthetic_lollipop.nii.gz,False,,1.0,374,374.0,1,374,1.0,1.0,0.0,8.939042318744612,10.0,640.0,0.584375,9.36503477270102,7.574682699445356,7.565137622210154,False,0.9926846425836914,1.285299348125322,1.285299348125322,1.2758969240068367,0.7837623723236139,270.79302978515625,0.9270312575147542,141.9610620742775,0.7240455341849098,1.0787122784628267,False,False,False,False,False,1.0,1.0,1.0,66.7807486631016,68.10695187165776,67.8529411764706,66.7807486631016,68.10695187165776,67.8529411764706,62.0,65.0,64.0,71.0,72.0,71.0,10.0,8.0,8.0,10.0,8.0,8.0,-0.9928911941353404,0.0685191493074362,-0.0973252422893614,-0.9928911941353404,0.0685191493074362,-0.0973252422893614,9.453805868611562,7.409537315069901,7.355333901320689
218_0_0,/sfs/ceph/standard/gam_ai_group/people_scratch/ethan hirai/GrowthNet/analysis/synthetic_lollipop_v1/masks/218_0_0_synthetic_lollipop.nii.gz,False,,1.0,89,89.0,1,89,1.0,1.0,0.0,5.539413623573113,11.0,396.0,0.2247474747474747,10.650542007422748,5.402661003728268,4.507795174050913,True,0.8480467517099483,3.0365007041559924,3.0365007041559924,2.57509455872446,0.3883352541800784,145.31790161132812,0.6633738445924825,387.41581088071143,1.6327854113632374,1.5074456253461583,False,False,False,False,False,1.0,1.0,1.0,47.91011235955056,48.1123595505618,47.89887640449438,47.91011235955056,48.1123595505618,47.89887640449438,41.0,46.0,45.0,51.0,51.0,50.0,11.0,6.0,6.0,11.0,6.0,6.0,-0.9669333685849404,-0.0697620962391548,0.2453020803933367,-0.9669333685849404,-0.0697620962391548,0.2453020803933367,12.041517819777589,4.6761458832572735,3.9655903268181776,/Users/kvothearcane/Personal/Coding Projects/GrowthNet/rivanna_pull/analysis/synthetic_lollipop_v1/masks/218_0_0_synthetic_lollipop.nii.gz,False,,1.0,92,92.0,1,92,1.0,1.0,0.0,5.600967702383306,6.0,180.0,0.5111111111111111,5.311000793569166,4.62971019799973,4.242640687119286,False,0.984129300077213,1.1613189878245276,1.1613189878245276,1.1428880426541297,0.8749763429825543,102.06401824951172,0.9656135400881664,125.6152400705372,1.109391502712084,1.0356109959981443,False,False,False,False,False,1.0,1.0,1.0,53.91304347826087,54.19565217391305,54.19565217391305,53.91304347826087,54.19565217391305,54.19565217391305,52.0,52.0,52.0,56.0,57.0,57.0,5.0,6.0,6.0,5.0,6.0,6.0,0.2786488595437001,-0.6791004392116808,-0.6791004392116806,0.2786488595437001,-0.6791004392116808,-0.6791004392116806,5.505920670209496,4.817550332771959,4.741092437077612
218_1_199,/sfs/ceph/standard/gam_ai_group/people_scratch/ethan hirai/GrowthNet/analysis/synthetic_lollipop_v1/masks/218_1_199_synthetic_lollipop.nii.gz,False,,1.0,186,186.0,1,186,1.0,1.0,0.0,7.082253058598753,14.0,1120.0,0.1660714285714285,14.828078782459086,7.930677903038371,6.653908305313812,True,0.8670368688967709,2.8955791616539583,2.8955791616539583,2.510573889963185,0.3983153031256387,257.8257141113281,0.6111763277188341,495.3963466214952,1.3861597532867105,1.6361890254035505,False,False,False,False,False,1.0,1.0,1.0,48.086021505376344,47.93010752688172,48.37096774193548,48.086021505376344,47.93010752688172,48.37096774193548,45.0,39.0,44.0,52.0,52.0,53.0,8.0,14.0,10.0,8.0,14.0,10.0,0.3064104386467117,0.8561447490953007,0.4160875048410785,0.3064104386467116,0.8561447490953006,0.4160875048410785,15.845845096061051,6.311642592719474,5.47242683118699,/Users/kvothearcane/Personal/Coding Projects/GrowthNet/rivanna_pull/analysis/synthetic_lollipop_v1/masks/218_1_199_synthetic_lollipop.nii.gz,False,,1.0,193,193.0,1,193,1.0,1.0,0.0,7.17000671219614,8.0,392.0,0.4923469387755102,7.46177892752739,6.394046835669867,6.1944179831710775,False,0.9688292471806664,1.2092482624666898,1.2092482624666898,1.171555083780132,0.8535663528285896,175.92575073242188,0.918035729756814,146.1751744877108,0.9115323872146212,1.0892822224521677,False,False,False,False,False,1.0,1.0,1.0,61.968911917098445,61.347150259067355,61.865284974093264,61.968911917098445,61.347150259067355,61.865284974093264,59.0,58.0,59.0,65.0,65.0,65.0,7.0,8.0,7.0,7.0,8.0,7.0,0.0208761095565193,0.9789446903693678,0.2030553649806049,0.0208761095565193,0.9789446903693678,0.2030553649806049,7.222327565840181,6.164735799307588,5.972576343510875
235_0_0,/sfs/ceph/standard/gam_ai_group/people_scratch/ethan hirai/GrowthNet/analysis/synthetic_lollipop_v1/masks/235_0_0_synthetic_lollipop.nii.gz,False,,1.0,41,41.0,1,41,1.0,1.0,0.0,4.278206515598402,7.0,112.0,0.3660714285714285,6.2161000592205635,3.0538337290891935,2.8284271247461965,True,0.9588055871543992,2.5983646830599985,2.5983646830599985,2.4913265755825966,0.401392579279234,73.78108215332031,0.7793424662614138,238.92816566230888,1.7995385891053737,1.2831329528302278,False,False,False,False,False,1.0,1.0,1.0,47.78048780487805,48.0,48.0,47.78048780487805,48.0,48.0,44.0,46.0,47.0,50.0,49.0,50.0,7.0,4.0,4.0,7.0,4.0,4.0,0.9923400838459356,-0.0873531853816499,0.08735318538165,0.9923400838459356,-0.0873531853816499,0.08735318538165,7.719093069756279,3.098386676965933,2.97075045703969,/Users/kvothearcane/Personal/Coding Projects/GrowthNet/rivanna_pull/analysis/synthetic_lollipop_v1/masks/235_0_0_synthetic_lollipop.nii.gz,False,,1.0,9,9.0,1,9,1.0,1.0,0.0,2.5807620414842987,3.0,27.0,0.3333333333333333,2.041241452319315,1.4142135623730951,1.1547005383792517,False,0.8164965809277261,1.4719601443879746,1.4719601443879746,1.2018504251546631,0.8320502943378435,19.440128326416016,1.0763330352475524,90.70106017103645,2.1600142584906683,0.929080467896262,False,False,False,False,False,1.0,1.0,1.0,34.77777777777778,34.888888888888886,35.111111111111114,34.77777777777778,34.888888888888886,35.111111111111114,34.0,34.0,34.0,36.0,36.0,36.0,3.0,3.0,3.0,3.0,3.0,3.0,-0.8164965809277261,-0.4082482904638629,0.408248290463863,-0.8164965809277261,-0.4082482904638629,0.408248290463863,2.9439202887759492,2.449489742783178,2.0
235_1_328,/sfs/ceph/standard/gam_ai_group/people_scratch/ethan hirai/GrowthNet/analysis/synthetic_lollipop_v1/masks/235_1_328_synthetic_lollipop.nii.gz,False,,1.0,172,172.0,1,172,1.0,1.0,0.0,6.899907598998371,13.0,1248.0,0.1378205128205128,14.002005151211202,8.111006824154867,7.24384148923428,True,0.937511659245844,2.600268587932338,2.600268587932338,2.4377821183572945,0.4102089323199452,241.2789764404297,0.6198932974589725,474.7899872620537,1.4027847467466843,1.6131808556394092,False,False,False,False,False,1.0,1.0,1.0,48.11046511627907,48.24418604651163,47.68604651162791,48.11046511627907,48.24418604651163,47.68604651162791,41.0,45.0,43.0,52.0,52.0,55.0,12.0,8.0,13.0,12.0,8.0,13.0,-0.6622594032496353,-0.3076540222830694,0.683199447731397,-0.6622594032496353,-0.3076540222830694,0.683199447731397,14.73392926181636,6.043989391367287,5.666310522765024,/Users/kvothearcane/Personal/Coding Projects/GrowthNet/rivanna_pull/analysis/synthetic_lollipop_v1/masks/235_1_328_synthetic_lollipop.nii.gz,False,,1.0,175,175.0,1,175,1.0,1.0,0.0,6.939792343839249,8.0,392.0,0.4464285714285714,7.066211751652114,6.177434202879978,5.966039321302692,False,0.9507395752314912,1.18883918286867,1.18883918286867,1.1302764597391124,0.8847392966414761,165.18765258789062,0.915936238484684,147.18265999684155,0.943929443359375,1.0917790540249728,False,False,False,False,False,1.0,1.0,1.0,59.29142857142857,59.98285714285714,59.8,59.29142857142857,59.98285714285714,59.8,56.0,57.0,57.0,63.0,63.0,63.0,8.0,7.0,7.0,8.0,7.0,7.0,-0.9829164506574334,-0.0017526368364598,-0.1840439602136207,-0.9829164506574334,-0.0017526368364598,-0.1840439602136207,6.8831408499527065,6.08978519427137,5.789799788852586
235_3_552,/sfs/ceph/standard/gam_ai_group/people_scratch/ethan hirai/GrowthNet/analysis/synthetic_lollipop_v1/masks/235_3_552_synthetic_lollipop.nii.gz,False,,1.0,129,129.0,1,129,1.0,1.0,0.0,6.268982093389452,13.0,819.0,0.1575091575091575,12.757893454448658,7.119286312153006,5.77202365075266,True,0.8599785692148865,2.684486401845954,2.684486401845954,2.3086007749363024,0.433162810502648,196.3264923095703,0.6288760045623413,454.7338681369342,1.5219107930974445,1.5901385849440035,False,False,False,False,False,1.0,1.0,1.0,47.945736434108525,47.93798449612403,47.57364341085271,47.945736434108525,47.93798449612403,47.57364341085271,45.0,44.0,44.0,51.0,52.0,56.0,7.0,9.0,13.0,7.0,9.0,13.0,-0.2257720218061768,-0.3549791141382287,0.9072027461902824,-0.2257720218061768,-0.3549791141382287,0.9072027461902824,13.309446776726416,5.765157372042224,4.957911788107527,/Users/kvothearcane/Personal/Coding Projects/GrowthNet/rivanna_pull/analysis/synthetic_lollipop_v1/masks/235_3_552_synthetic_lollipop.nii.gz,False,,1.0,128,128.0,1,128,1.0,1.0,0.0,6.252741134374176,6.0,216.0,0.5925925925925926,5.8488265147553875,5.699860319861264,5.347925750672887,False,0.9751374552394048,1.1631508185692168,1.1631508185692168,1.134231929279217,0.8816538965143411,127.53285217285156,0.963094047052978,126.60366499384602,0.9963504076004028,1.0383201963089197,False,False,False,False,False,1.0,1.0,1.0,57.453125,58.328125,57.484375,57.453125,58.328125,57.484375,55.0,56.0,55.0,60.0,61.0,60.0,6.0,6.0,6.0,6.0,6.0,6.0,-0.5598512622999182,0.5627561072779196,-0.6081711336643584,-0.5598512622999182,0.5627561072779196,-0.6081711336643584,6.143589064526391,5.416519237322588,5.2818507853380305
270_0_0,/sfs/ceph/standard/gam_ai_group/people_scratch/ethan hirai/GrowthNet/analysis/synthetic_lollipop_v1/masks/270_0_0_synthetic_lollipop.nii.gz,False,,1.0,237,237.0,1,237,1.0,1.0,0.0,7.678031824807702,17.0,1377.0,0.1721132897603486,15.863594489903708,9.156580198944228,8.089719333863274,True,0.8865207492887953,2.7151401696238753,2.7151401696238753,2.4070280975990648,0.415450073473371,306.6402587890625,0.603977160101305,513.323121211506,1.29384075438423,1.6556917480658877,False,False,False,False,False,1.0,1.0,1.0,48.21518987341772,48.28691983122363,47.91139240506329,48.21518987341772,48.28691983122363,47.91139240506329,37.0,45.0,44.0,53.0,53.0,52.0,17.0,9.0,9.0,17.0,9.0,9.0,0.960766933014461,0.2763664852800706,0.0234193560954796,0.960766933014461,0.2763664852800706,0.0234193560954796,17.004453600015086,7.064501497500796,6.262827160916222,/Users/kvothearcane/Personal/Coding Projects/GrowthNet/rivanna_pull/analysis/synthetic_lollipop_v1/masks/270_0_0_synthetic_lollipop.nii.gz,False,,1.0,239,239.0,1,239,1.0,1.0,0.0,7.699569193795551,8.0,448.0,0.5334821428571429,7.932350835473613,6.590419009101447,6.569106235015656,False,0.9895369231483268,1.207133087549594,1.207133087549594,1.194502761284365,0.8371684289157859,199.5210723876953,0.933456221713538,139.0498450598854,0.8348162024589763,1.0712875191557545,False,False,False,False,False,1.0,1.0,1.0,61.50209205020921,61.42677824267783,61.9581589958159,61.50209205020921,61.42677824267783,61.9581589958159,58.0,58.0,59.0,65.0,65.0,65.0,8.0,8.0,7.0,8.0,8.0,7.0,-0.6662540519985929,-0.7423446860685462,-0.0709218249994173,-0.6662540519985929,-0.7423446860685462,-0.0709218249994173,7.791825407110313,6.523070234456645,6.454818849284663
270_1_324,/sfs/ceph/standard/gam_ai_group/people_scratch/ethan hirai/GrowthNet/analysis/synthetic_lollipop_v1/masks/270_1_324_synthetic_lollipop.nii.gz,False,,1.0,101,101.0,1,101,1.0,1.0,0.0,5.777956268578565,11.0,770.0,0.1311688311688311,11.537080390051823,6.334836212339594,5.645138118117709,True,0.8840697103593212,2.9158384614200807,2.9158384614200807,2.5778044640422197,0.387927018495388,170.945556640625,0.6135367153337693,489.7006749923434,1.6925302637685644,1.6298943078834187,False,False,False,False,False,1.0,1.0,1.0,48.118811881188115,47.96039603960397,47.881188118811885,48.118811881188115,47.96039603960397,47.881188118811885,43.0,45.0,42.0,52.0,51.0,52.0,10.0,7.0,11.0,10.0,7.0,11.0,0.6548456909166055,0.2113816696175601,0.7255996904889406,0.6548456909166055,0.2113816696175601,0.7255996904889406,13.02692452202692,5.05349598999436,4.467642736176305,/Users/kvothearcane/Personal/Coding Projects/GrowthNet/rivanna_pull/analysis/synthetic_lollipop_v1/masks/270_1_324_synthetic_lollipop.nii.gz,False,,1.0,104,104.0,1,104,1.0,1.0,0.0,5.834606511185437,6.0,216.0,0.4814814814814814,5.7324725738206155,5.088824366692581,4.922223090754397,False,0.9589716953292312,1.1870472852327976,1.1870472852327976,1.1383447475556574,0.8784684974804672,110.79193115234376,0.9653057318368486,125.7354436600534,1.0653070303109975,1.035941222577362,False,False,False,False,False,1.0,1.0,1.0,55.60576923076923,56.27884615384615,55.84615384615385,55.60576923076923,56.27884615384615,55.84615384615385,53.0,54.0,53.0,58.0,59.0,58.0,6.0,6.0,6.0,6.0,6.0,6.0,-0.756610502838966,0.5528121608550897,-0.3491980266331606,-0.756610502838966,0.5528121608550897,-0.3491980266331606,5.78879110390662,5.085270623277143,4.876630590812018
286_0_0,/sfs/ceph/standard/gam_ai_group/people_scratch/ethan hirai/GrowthNet/analysis/synthetic_lollipop_v1/masks/286_0_0_synthetic_lollipop.nii.gz,False,,1.0,760,760.0,1,760,1.0,1.0,0.0,11.322395559153884,22.0,5544.0,0.1370851370851371,23.340215515326168,13.226561460595578,12.11462120808189,True,0.8997759323428545,2.741233988066345,2.741233988066345,2.466496367382317,0.4054333966286341,678.7156982421875,0.5933878164972802,541.2980943948162,0.8930469713712993,1.685238510461705,False,False,False,False,False,1.0,1.0,1.0,48.127631578947366,47.5921052631579,48.29342105263158,48.127631578947366,47.5921052631579,48.29342105263158,39.0,40.0,34.0,56.0,53.0,55.0,18.0,14.0,22.0,18.0,14.0,22.0,0.4806117726867245,-0.1677034205505077,0.8607484456509834,0.4806117726867245,-0.1677034205505077,0.8607484456509834,24.76960019042115,10.042423138335709,9.035930642277467,/Users/kvothearcane/Personal/Coding Projects/GrowthNet/rivanna_pull/analysis/synthetic_lollipop_v1/masks/286_0_0_synthetic_lollipop.nii.gz,False,,1.0,776,776.0,1,776,1.0,1.0,0.0,11.401299816066192,15.0,1500.0,0.5173333333333333,14.908341290066977,9.627898644553088,9.49680561688882,False,0.99500878627669,1.4893447402150437,1.4893447402150437,1.4819111023089426,0.6748043107592052,470.33392333984375,0.8682650132906286,172.78079540916963,0.6061004166750564,1.151722094859161,False,False,False,False,False,1.0,1.0,1.0,67.7139175257732,66.55798969072166,68.40335051546391,67.7139175257732,66.55798969072166,68.40335051546391,63.0,60.0,64.0,72.0,74.0,73.0,10.0,15.0,10.0,10.0,15.0,10.0,-0.1925009350428839,-0.95107718895513,0.2416517549218781,-0.1925009350428839,-0.95107718895513,0.2416517549218781,13.365882682505708,9.01935525125666,8.97433772155118
286_1_190,/sfs/ceph/standard/gam_ai_group/people_scratch/ethan hirai/GrowthNet/analysis/synthetic_lollipop_v1/masks/286_1_190_synthetic_lollipop.nii.gz,False,,1.0,1266,1266.0,1,1266,1.0,1.0,0.0,13.421828785025152,27.0,7803.0,0.1622452902729719,27.901124168239676,16.77048792513039,14.19221094484713,True,0.8963528968406691,2.7292209383548967,2.7292209383548967,2.446345094212621,0.408773072272479,951.2886962890624,0.5949232274914968,537.1178647570069,0.7514128722662421,1.680889153070247,False,False,False,False,False,1.0,1.0,1.0,48.39415481832543,48.42969984202212,48.28515007898894,48.39415481832543,48.42969984202212,48.28515007898894,41.0,41.0,30.0,57.0,57.0,56.0,17.0,17.0,27.0,17.0,17.0,27.0,0.1909001331210603,0.3370123755644146,0.92194348953219,0.1909001331210603,0.3370123755644146,0.92194348953219,29.20238729143792,11.937149570811874,10.699898597817572,/Users/kvothearcane/Personal/Coding Projects/GrowthNet/rivanna_pull/analysis/synthetic_lollipop_v1/masks/286_1_190_synthetic_lollipop.nii.gz,False,,1.0,1304,1304.0,1,1304,1.0,1.0,0.0,13.55479612083867,18.0,2592.0,0.5030864197530864,17.881978013411683,11.376403320537849,11.371424437747155,False,0.9955443152177998,1.4906248013275316,1.4906248013275316,1.4839830470842863,0.6738621455041478,673.715576171875,0.8567601610719033,179.83515021836726,0.5166530492115606,1.1671877912120558,False,False,False,False,False,1.0,1.0,1.0,75.61886503067484,74.19861963190183,75.6648773006135,75.61886503067484,74.19861963190183,75.6648773006135,70.0,67.0,70.0,81.0,84.0,81.0,12.0,18.0,12.0,12.0,18.0,12.0,-0.1868762778825504,-0.9664573435331256,-0.176174515454586,-0.1868762778825504,-0.9664573435331256,-0.176174515454586,15.90705232063272,10.719160405428298,10.671399205531868
286_2_297,/sfs/ceph/standard/gam_ai_group/people_scratch/ethan hirai/GrowthNet/analysis/synthetic_lollipop_v1/masks/286_2_297_synthetic_lollipop.nii.gz,False,,1.0,1529,1529.0,1,1529,1.0,1.0,0.0,14.293424358450563,29.0,11136.0,0.1373024425287356,29.489600631918854,17.72395356653822,15.421340016087823,True,0.9065561489312371,2.725795839440015,2.725795839440015,2.4710869789755288,0.4046802109792927,1077.545654296875,0.5956439957594516,535.1703798011398,0.7047388190300032,1.6788551670448566,False,False,False,False,False,1.0,1.0,1.0,47.542184434270766,47.540876389797255,48.18312622629169,47.542184434270766,47.540876389797255,48.18312622629169,40.0,38.0,36.0,55.0,66.0,59.0,16.0,29.0,24.0,16.0,29.0,24.0,0.0018195369842289,-0.8534044363054338,0.5212461581435089,0.0018195369842289,-0.8534044363054338,0.5212461581435089,31.1995065503023,12.62582289322616,11.446017379170955,/Users/kvothearcane/Personal/Coding Projects/GrowthNet/rivanna_pull/analysis/synthetic_lollipop_v1/masks/286_2_297_synthetic_lollipop.nii.gz,False,,1.0,1565,1565.0,1,1565,1.0,1.0,0.0,14.404733897660924,17.0,3757.0,0.4165557625765238,19.499292408081136,12.130682228132123,11.588147327800192,False,0.9941353674567748,1.6100923991888283,1.6100923991888283,1.600649798906946,0.624746275345726,790.771484375,0.8243456534547557,201.8944201738855,0.5052852935303515,1.2130833659510345,False,False,False,False,False,1.0,1.0,1.0,84.65686900958467,85.64984025559106,87.34760383386582,84.65686900958467,85.64984025559106,87.34760383386582,77.0,80.0,79.0,93.0,92.0,95.0,17.0,13.0,17.0,17.0,13.0,17.0,-0.6957928975017068,-0.1783912648096386,0.6957361571930818,-0.6957928975017068,-0.1783912648096386,0.6957361571930818,17.802180448247828,11.121845928075338,11.056620388504813
301_0_0,/sfs/ceph/standard/gam_ai_group/people_scratch/ethan hirai/GrowthNet/analysis/synthetic_lollipop_v1/masks/301_0_0_synthetic_lollipop.nii.gz,False,,1.0,43,43.0,1,43,1.0,1.0,0.0,4.34666941315382,6.0,144.0,0.2986111111111111,6.652457605967015,3.0966762689608345,2.9821049626724276,True,0.9706806268647762,2.5086606402606435,2.5086606402606435,2.435108282879193,0.4106593563131545,70.4277114868164,0.8427902804620852,188.92690854237833,1.6378537555073582,1.1865348037138252,False,False,False,False,False,1.0,1.0,1.0,47.88372093023256,48.06976744186046,48.13953488372093,47.88372093023256,48.06976744186046,48.13953488372093,45.0,46.0,46.0,50.0,49.0,51.0,6.0,4.0,6.0,6.0,4.0,6.0,-0.6782411681231248,0.2071607760041514,0.705034276293243,-0.6782411681231248,0.2071607760041514,0.705034276293243,7.468420724590057,3.0669768474359755,2.977055008848908,/Users/kvothearcane/Personal/Coding Projects/GrowthNet/rivanna_pull/analysis/synthetic_lollipop_v1/masks/301_0_0_synthetic_lollipop.nii.gz,False,,1.0,12,12.0,1,12,1.0,1.0,0.0,2.840496169229977,3.0,27.0,0.4444444444444444,2.333333333333333,2.121320343559643,1.4142135623730951,False,0.9428090415820636,1.224744871391589,1.224744871391589,1.1547005383792517,0.8660254037844385,24.2685546875,1.0444661650655158,99.25885156425,2.0223795572916665,0.9574268975359996,False,False,False,False,False,1.0,1.0,1.0,35.916666666666664,36.083333333333336,36.333333333333336,35.916666666666664,36.083333333333336,36.333333333333336,35.0,35.0,35.0,37.0,37.0,37.0,3.0,3.0,3.0,3.0,3.0,3.0,-0.6666666666666667,0.6666666666666667,-0.3333333333333333,-0.6666666666666666,0.6666666666666666,-0.3333333333333332,2.9541957835039856,2.558408596267325,2.412090756622109
301_1_229,/sfs/ceph/standard/gam_ai_group/people_scratch/ethan hirai/GrowthNet/analysis/synthetic_lollipop_v1/masks/301_1_229_synthetic_lollipop.nii.gz,False,,1.0,40,40.0,1,40,1.0,1.0,0.0,4.2431376717882205,7.0,84.0,0.4761904761904761,6.359703122936919,3.1042222259255716,2.6966003251884056,True,0.9272710559199928,2.5282026441574734,2.5282026441574734,2.3443291354276186,0.4265612643241728,69.6833724975586,0.8116989000609661,211.47912318504729,1.7420843124389649,1.2319839289235093,False,False,False,False,False,1.0,1.0,1.0,47.875,47.975,48.025,47.875,47.975,48.025,44.0,47.0,46.0,50.0,49.0,49.0,7.0,3.0,4.0,7.0,3.0,4.0,-0.988647074893468,-0.0473311302329894,0.1426068911920365,-0.988647074893468,-0.0473311302329894,0.1426068911920365,7.267885825742968,3.1001985667926553,2.874724398591474,/Users/kvothearcane/Personal/Coding Projects/GrowthNet/rivanna_pull/analysis/synthetic_lollipop_v1/masks/301_1_229_synthetic_lollipop.nii.gz,False,,1.0,14,14.0,1,14,1.0,1.0,0.0,2.9902658734369907,3.0,27.0,0.5185185185185185,2.4494897427831788,2.385790165173904,2.1598754486749576,False,0.9052659592988244,1.2418456016109478,1.2418456016109478,1.1242005498433605,0.8895210024041833,26.95071601867676,1.0423154463081412,99.8745538516107,1.925051144191197,0.9594024568492948,False,False,False,False,False,1.0,1.0,1.0,36.92857142857143,36.642857142857146,36.785714285714285,36.92857142857143,36.642857142857146,36.785714285714285,36.0,36.0,36.0,38.0,38.0,38.0,3.0,3.0,3.0,3.0,3.0,3.0,-0.8287528845617558,-0.2092719691796759,-0.5190124268707158,-0.8287528845617558,-0.2092719691796759,-0.5190124268707158,3.0549755144648727,2.7174648819470293,2.460028453216644
301_2_614,/sfs/ceph/standard/gam_ai_group/people_scratch/ethan hirai/GrowthNet/analysis/synthetic_lollipop_v1/masks/301_2_614_synthetic_lollipop.nii.gz,False,,1.0,46,46.0,1,46,1.0,1.0,0.0,4.445491011401585,6.0,144.0,0.3194444444444444,6.60317415450503,3.0747605045975086,2.8284271247461907,True,0.9785950114430748,2.627139538117442,2.627139538117442,2.5709056463665925,0.3889679893205257,72.90276336669922,0.8516190253792988,183.11179000988517,1.5848426818847656,1.1742339828007182,False,False,False,False,False,1.0,1.0,1.0,47.73913043478261,48.26086956521739,48.04347826086956,47.73913043478261,48.26086956521739,48.04347826086956,45.0,46.0,46.0,50.0,51.0,49.0,6.0,6.0,4.0,6.0,6.0,4.0,-0.6978539529322819,0.6978539529322823,0.1612442890572455,-0.6978539529322819,0.6978539529322823,0.1612442890572455,7.832616791477336,3.0466372044991266,2.9814239699997205,/Users/kvothearcane/Personal/Coding Projects/GrowthNet/rivanna_pull/analysis/synthetic_lollipop_v1/masks/301_2_614_synthetic_lollipop.nii.gz,False,,1.0,13,13.0,1,13,1.0,1.0,0.0,2.9173032555927185,3.0,27.0,0.4814814814814814,2.426262835297967,1.883889090598664,1.4142135623730967,False,0.8916090659513188,1.36289043289592,1.36289043289592,1.2151654658683195,0.8229331955919524,25.53650665283203,1.0470117118659443,98.5366411594493,1.964346665602464,0.9550991537791284,False,False,False,False,False,1.0,1.0,1.0,36.69230769230769,36.92307692307692,37.30769230769231,36.69230769230769,36.92307692307692,37.30769230769231,36.0,36.0,36.0,38.0,38.0,38.0,3.0,3.0,3.0,3.0,3.0,3.0,0.3250575836718683,0.8880738339771155,-0.3250575836718677,0.3250575836718683,0.8880738339771155,-0.3250575836718677,3.1474606332337,2.5901498369068787,2.309401076758503
304_0_0,/sfs/ceph/standard/gam_ai_group/people_scratch/ethan hirai/GrowthNet/analysis/synthetic_lollipop_v1/masks/304_0_0_synthetic_lollipop.nii.gz,False,,1.0,542,542.0,1,542,1.0,1.0,0.0,10.11579969977146,21.0,3276.0,0.1654456654456654,20.82161501864535,11.823779545134276,10.709575234601594,True,0.8996377930458814,2.7326739070924777,2.7326739070924777,2.458416722890743,0.4067658630405607,533.94287109375,0.6020818328940661,518.1861537734651,0.985134448512454,1.6609037930828017,False,False,False,False,False,1.0,1.0,1.0,47.88376383763838,47.88191881918819,47.61623616236162,47.88376383763838,47.88191881918819,47.61623616236162,43.0,41.0,41.0,54.0,53.0,61.0,12.0,13.0,21.0,12.0,13.0,21.0,-0.2555426393811227,0.2816156011761549,0.9248732954477183,-0.2555426393811226,0.2816156011761548,0.9248732954477182,22.159652124662134,9.013790021166788,8.109146161621478,/Users/kvothearcane/Personal/Coding Projects/GrowthNet/rivanna_pull/analysis/synthetic_lollipop_v1/masks/304_0_0_synthetic_lollipop.nii.gz,False,,1.0,547,547.0,1,547,1.0,1.0,0.0,10.146810929023092,13.0,1170.0,0.4675213675213675,12.386735356780065,8.794011913773694,8.710447101407471,False,0.9900774157628428,1.324418910114561,1.324418910114561,1.3112772519136653,0.7626152276649425,363.9575500488281,0.8887063345545686,161.13042261935405,0.6653702925938357,1.1252310927897382,False,False,False,False,False,1.0,1.0,1.0,65.74771480804388,67.3290676416819,67.03290676416819,65.74771480804388,67.3290676416819,67.03290676416819,60.0,63.0,63.0,72.0,72.0,71.0,13.0,10.0,9.0,13.0,10.0,9.0,-0.968919984866956,0.2465643089755757,0.0200026114498685,-0.968919984866956,0.2465643089755757,0.0200026114498685,10.955838544861374,8.355089306149809,8.272185228700566
304_1_206,/sfs/ceph/standard/gam_ai_group/people_scratch/ethan hirai/GrowthNet/analysis/synthetic_lollipop_v1/masks/304_1_206_synthetic_lollipop.nii.gz,False,,1.0,612,612.0,1,612,1.0,1.0,0.0,10.533780553459016,22.0,3432.0,0.1783216783216783,21.363427104157545,12.282606454501202,11.154158640961723,True,0.9070611225276998,2.7335846749351767,2.7335846749351767,2.4795283837712185,0.4033025016148668,560.8308715820312,0.6215649176685771,470.96961729972816,0.9163903130425348,1.6088424098176133,False,False,False,False,False,1.0,1.0,1.0,48.36437908496732,48.5702614379085,48.01960784313726,48.36437908496732,48.5702614379085,48.01960784313726,33.0,43.0,42.0,54.0,54.0,54.0,22.0,12.0,13.0,22.0,12.0,13.0,-0.9970131086923496,-0.0653041994436124,0.0412337559609381,-0.9970131086923496,-0.0653041994436124,0.0412337559609381,23.020675490768944,9.284296014291169,8.421423964602395,/Users/kvothearcane/Personal/Coding Projects/GrowthNet/rivanna_pull/analysis/synthetic_lollipop_v1/masks/304_1_206_synthetic_lollipop.nii.gz,False,,1.0,648,648.0,1,648,1.0,1.0,0.0,10.736402747275791,13.0,1430.0,0.4531468531468531,13.414101070935622,9.149205181521587,9.067758999533153,False,0.987023778007352,1.4120282216577689,1.4120282216577689,1.3937054299936535,0.7175117341722301,403.95904541015625,0.8964583658914643,156.98638903126655,0.6233935885959201,1.1155007728725592,False,False,False,False,False,1.0,1.0,1.0,66.79320987654322,65.96141975308642,67.87654320987654,66.79320987654322,65.96141975308642,67.87654320987654,62.0,60.0,63.0,71.0,72.0,73.0,10.0,13.0,11.0,10.0,13.0,11.0,-0.1576316345437081,-0.7639681608597831,0.6257035376147394,-0.1576316345437081,-0.7639681608597831,0.6257035376147394,12.086111484030242,8.671926810305445,8.559397962910925
309_1_177,/sfs/ceph/standard/gam_ai_group/people_scratch/ethan hirai/GrowthNet/analysis/synthetic_lollipop_v1/masks/309_1_177_synthetic_lollipop.nii.gz,False,,1.0,40,40.0,1,40,1.0,1.0,0.0,4.2431376717882205,7.0,84.0,0.4761904761904761,6.137615277168285,3.034034032162704,2.260898025401448,True,0.9072966103781446,2.63929587719493,2.63929587719493,2.394624203163972,0.4176020599302047,71.39010620117188,0.792293495816069,227.40190649653755,1.784752655029297,1.2621585375631432,False,False,False,False,False,1.0,1.0,1.0,47.75,48.05,48.05,47.75,48.05,48.05,44.0,47.0,47.0,50.0,50.0,49.0,7.0,4.0,3.0,7.0,4.0,3.0,-0.9976333906446544,-0.0400815493625336,0.055866691968913,-0.9976333906446544,-0.0400815493625336,0.055866691968913,7.470826399199554,3.119832493686688,2.8306134464695263,/Users/kvothearcane/Personal/Coding Projects/GrowthNet/rivanna_pull/analysis/synthetic_lollipop_v1/masks/309_1_177_synthetic_lollipop.nii.gz,False,,1.0,43,43.0,1,43,1.0,1.0,0.0,4.34666941315382,5.0,125.0,0.344,4.0,3.535533905932737,2.82842712474619,False,0.9586025865388216,1.2501709869373978,1.2501709869373978,1.198417141693981,0.8344339923129642,62.41202545166016,0.9510313162685212,131.4824898545042,1.4514424523641898,1.0514900854407327,False,False,False,False,False,1.0,1.0,1.0,47.0,47.30232558139535,46.69767441860465,47.0,47.30232558139535,46.69767441860465,45.0,45.0,45.0,49.0,49.0,49.0,5.0,5.0,5.0,5.0,5.0,5.0,0.0,0.7071067811865475,-0.7071067811865476,0.0,0.7071067811865475,-0.7071067811865476,4.49929242622166,3.754362541795623,3.5989416433697494
309_2_546,/sfs/ceph/standard/gam_ai_group/people_scratch/ethan hirai/GrowthNet/analysis/synthetic_lollipop_v1/masks/309_2_546_synthetic_lollipop.nii.gz,False,,1.0,149,149.0,1,149,1.0,1.0,0.0,6.577525624953261,13.0,910.0,0.1637362637362637,13.039952057176333,7.617379499781087,6.502365154822723,True,0.8919698472635046,2.709207656701433,2.709207656701433,2.416531539753094,0.4138162418116726,211.14752197265625,0.6437081105897837,424.0191097812706,1.4170974629037332,1.5534991458842604,False,False,False,False,False,1.0,1.0,1.0,47.966442953020135,48.25503355704698,47.785234899328856,47.966442953020135,48.25503355704698,47.785234899328856,45.0,44.0,44.0,51.0,53.0,56.0,7.0,10.0,13.0,7.0,10.0,13.0,-0.0561535915055002,-0.4737577415168464,0.8788631159139006,-0.0561535915055002,-0.4737577415168464,0.8788631159139006,14.093574956844346,5.832150222332433,5.2021021430316745,/Users/kvothearcane/Personal/Coding Projects/GrowthNet/rivanna_pull/analysis/synthetic_lollipop_v1/masks/309_2_546_synthetic_lollipop.nii.gz,False,,1.0,159,159.0,1,159,1.0,1.0,0.0,6.721499448528674,7.0,343.0,0.4635568513119533,7.014920047314806,5.808376514075371,5.722085327783408,False,0.997341691826914,1.1650806078555798,1.1650806078555798,1.161983464553413,0.8605974443744184,153.29360961914062,0.9258873629958142,142.48787298238827,0.9641107523216392,1.0800449816750777,False,False,False,False,False,1.0,1.0,1.0,59.64779874213836,60.33962264150944,60.295597484276726,59.64779874213836,60.33962264150944,60.295597484276726,57.0,57.0,57.0,63.0,63.0,63.0,7.0,7.0,7.0,7.0,7.0,7.0,-0.6190722130261224,0.5987837043524774,0.5081413882580952,-0.6190722130261225,0.5987837043524775,0.5081413882580953,6.665974552808948,5.736720664412288,5.7214706929833685
309_3_917,/sfs/ceph/standard/gam_ai_group/people_scratch/ethan hirai/GrowthNet/analysis/synthetic_lollipop_v1/masks/309_3_917_synthetic_lollipop.nii.gz,False,,1.0,46,46.0,1,46,1.0,1.0,0.0,4.445491011401585,7.0,140.0,0.3285714285714285,7.103822430476807,3.2705061773582713,2.7196240725878695,True,0.8038521332269927,2.837324509544352,2.837324509544352,2.2807893596544586,0.4384446971251658,75.3901138305664,0.8235215087397034,202.50116859260112,1.6389155180557915,1.214297367327266,False,False,False,False,False,1.0,1.0,1.0,47.78260869565217,48.06521739130435,48.08695652173913,47.78260869565217,48.06521739130435,48.08695652173913,44.0,47.0,46.0,50.0,50.0,50.0,7.0,4.0,5.0,7.0,4.0,5.0,-0.8672632897203245,-0.1630067697751781,0.4704074609431092,-0.8672632897203245,-0.1630067697751781,0.4704074609431092,7.852135669383058,3.442727245348366,2.7674436402919724,/Users/kvothearcane/Personal/Coding Projects/GrowthNet/rivanna_pull/analysis/synthetic_lollipop_v1/masks/309_3_917_synthetic_lollipop.nii.gz,False,,1.0,46,46.0,1,46,1.0,1.0,0.0,4.445491011401585,5.0,125.0,0.368,4.1472447485789825,3.9861478997967863,3.5777087639996696,False,0.9457412947513012,1.1573996560822135,1.1573996560822135,1.0946006492879037,0.9135751935197132,65.48309326171875,0.94811312650835,132.70029714582307,1.423545505689538,1.0547264583106613,False,False,False,False,False,1.0,1.0,1.0,45.97826086956522,46.04347826086956,46.45652173913044,45.97826086956522,46.04347826086956,46.45652173913044,44.0,44.0,44.0,48.0,48.0,48.0,5.0,5.0,5.0,5.0,5.0,5.0,-0.0619263721465305,0.1238527442930614,0.990366408034848,-0.0619263721465305,0.1238527442930614,0.990366408034848,4.3648274419131265,3.9875980749259385,3.771236166328254
320_1_183,/sfs/ceph/standard/gam_ai_group/people_scratch/ethan hirai/GrowthNet/analysis/synthetic_lollipop_v1/masks/320_1_183_synthetic_lollipop.nii.gz,False,,1.0,303,303.0,1,303,1.0,1.0,0.0,8.333254945612431,18.0,1620.0,0.187037037037037,17.29520857807232,9.466611777272558,8.565677958723285,True,0.9256608807366252,2.773730859264947,2.773730859264947,2.5675341501135467,0.3894787533617717,360.9466857910156,0.6044162773486167,512.2051236271584,1.1912431874290943,1.654488863845104,False,False,False,False,False,1.0,1.0,1.0,48.26732673267327,48.01980198019802,48.37293729372937,48.26732673267327,48.01980198019802,48.37293729372937,36.0,44.0,45.0,53.0,53.0,53.0,18.0,10.0,9.0,18.0,10.0,9.0,0.9960284183998436,0.0080351545985559,0.0886725776691056,0.9960284183998436,0.0080351545985559,0.0886725776691056,18.603081178812467,7.245504866211717,6.706880415839041,/Users/kvothearcane/Personal/Coding Projects/GrowthNet/rivanna_pull/analysis/synthetic_lollipop_v1/masks/320_1_183_synthetic_lollipop.nii.gz,False,,1.0,322,322.0,1,322,1.0,1.0,0.0,8.503918378444457,10.0,640.0,0.503125,9.994110526485862,7.442743734354115,7.086075890120718,False,0.9913612269778984,1.262713830856032,1.262713830856032,1.2518055326793984,0.7988461257712873,244.58560180664065,0.9288747371499172,141.11751468574687,0.7595826143063373,1.0765714256244254,False,False,False,False,False,1.0,1.0,1.0,67.34472049689441,68.40062111801242,67.86645962732919,67.34472049689441,68.40062111801242,67.86645962732919,63.0,65.0,64.0,72.0,72.0,71.0,10.0,8.0,8.0,10.0,8.0,8.0,-0.8535086907357514,0.4912558293755111,-0.1737544961810257,-0.8535086907357514,0.4912558293755111,-0.1737544961810257,8.87444927626476,7.089319422697908,7.0280764013240455
320_2_225,/sfs/ceph/standard/gam_ai_group/people_scratch/ethan hirai/GrowthNet/analysis/synthetic_lollipop_v1/masks/320_2_225_synthetic_lollipop.nii.gz,False,,1.0,429,429.0,1,429,1.0,1.0,0.0,9.357350343322231,17.0,3808.0,0.11265756302521,19.25168225282391,10.829629202873743,9.921214419481624,True,0.8830507336340676,2.762972234911467,2.762972234911467,2.4398446590491307,0.4098621591711193,446.5648193359375,0.6159864323207196,483.88140598677273,1.040943634815705,1.6234123797703062,False,False,False,False,False,1.0,1.0,1.0,48.32867132867133,48.184149184149184,47.95804195804196,48.32867132867133,48.184149184149184,47.95804195804196,42.0,40.0,41.0,55.0,55.0,57.0,14.0,16.0,17.0,14.0,16.0,17.0,-0.4646417946420701,-0.5957263223931374,0.6551474272862132,-0.4646417946420701,-0.5957263223931374,0.6551474272862132,20.195654575880877,8.277434590344631,7.309394687611834,/Users/kvothearcane/Personal/Coding Projects/GrowthNet/rivanna_pull/analysis/synthetic_lollipop_v1/masks/320_2_225_synthetic_lollipop.nii.gz,False,,1.0,439,439.0,2,437,0.9954441913439636,0.9954441913439636,0.0045558086560364,9.429499300780527,11.0,990.0,0.4434343434343434,10.321828655324271,8.201558488802387,8.080251821363362,False,0.9830675713148512,1.2586933361379284,1.2586933361379284,1.2373806009873012,0.8081587825137261,306.01568603515625,0.9100419114204804,150.0611227929297,0.7002647277692363,1.0988504896869031,False,True,False,False,False,1.0,1.0,1.0,68.07551487414187,68.8329519450801,69.66361556064074,68.07551487414187,68.8329519450801,69.66361556064074,63.0,65.0,65.0,73.0,73.0,74.0,11.0,9.0,10.0,11.0,9.0,10.0,-0.7916193496990989,-0.1401998919350915,0.5947123636543675,-0.7916193496990989,-0.1401998919350915,0.5947123636543675,9.785743021185734,7.908434165993655,7.774525168466774
333_1_279,/sfs/ceph/standard/gam_ai_group/people_scratch/ethan hirai/GrowthNet/analysis/synthetic_lollipop_v1/masks/333_1_279_synthetic_lollipop.nii.gz,False,,1.0,1098,1098.0,1,1098,1.0,1.0,0.0,12.79974269131765,26.0,7800.0,0.1407692307692307,26.575088470715592,15.050798056537763,14.098300464190274,True,0.9366019544544096,2.6898050329323016,2.6898050329323016,2.519276650945701,0.3969393355924662,854.2535400390625,0.6025118099674713,517.0775487884758,0.7780086885601663,1.6597185041966038,False,False,False,False,False,1.0,1.0,1.0,47.7103825136612,47.634790528233154,48.30874316939891,47.7103825136612,47.634790528233154,48.30874316939891,41.0,39.0,32.0,55.0,58.0,57.0,15.0,20.0,26.0,15.0,20.0,26.0,0.0656674590509235,-0.5053993333123278,0.8603832278172617,0.0656674590509235,-0.5053993333123278,0.8603832278172617,27.84821484674837,11.05405189870455,10.353246612967158,/Users/kvothearcane/Personal/Coding Projects/GrowthNet/rivanna_pull/analysis/synthetic_lollipop_v1/masks/333_1_279_synthetic_lollipop.nii.gz,False,,1.0,1063,1063.0,1,1063,1.0,1.0,0.0,12.662269346205544,16.0,2304.0,0.4613715277777778,16.571860487991014,10.64577842964102,9.962499751964652,False,0.9979420585133384,1.548975354249308,1.548975354249308,1.5457876536059818,0.6469193861570963,590.5817260742188,0.8528898827716478,182.2944662317416,0.5555801750463017,1.17248430330805,False,False,False,False,False,1.0,1.0,1.0,73.48165569143933,75.35371589840075,74.53809971777987,73.48165569143933,75.35371589840075,74.53809971777987,68.0,67.0,69.0,79.0,82.0,80.0,12.0,16.0,12.0,12.0,16.0,12.0,-0.3298688555311788,0.8852972406867604,0.3277732963237833,-0.3298688555311787,0.8852972406867603,0.3277732963237832,15.255508485600412,9.869084185018991,9.848774187239286
339_1_248,/sfs/ceph/standard/gam_ai_group/people_scratch/ethan hirai/GrowthNet/analysis/synthetic_lollipop_v1/masks/339_1_248_synthetic_lollipop.nii.gz,False,,1.0,1316,1316.0,1,1316,1.0,1.0,0.0,13.596248354791072,26.0,9360.0,0.1405982905982906,28.420270918265462,16.278093300695186,14.409103356043463,True,0.8948722294617347,2.755536313103793,2.755536313103793,2.46585292386996,0.4055391910522301,966.3470458984376,0.6009729536136884,521.0598277031146,0.7343062658802717,1.6639683932312372,False,False,False,False,False,1.0,1.0,1.0,48.159574468085104,48.05395136778115,47.17857142857143,48.159574468085104,48.05395136778115,47.17857142857143,40.0,32.0,38.0,57.0,57.0,57.0,18.0,26.0,20.0,18.0,26.0,20.0,-0.373135163231269,-0.7843278682018637,0.4955804123674525,-0.3731351632312689,-0.7843278682018636,0.4955804123674525,29.40476284280304,11.92478373635302,10.67115780799926,/Users/kvothearcane/Personal/Coding Projects/GrowthNet/rivanna_pull/analysis/synthetic_lollipop_v1/masks/339_1_248_synthetic_lollipop.nii.gz,False,,1.0,1317,1317.0,1,1317,1.0,1.0,0.0,13.599691314764724,19.0,2736.0,0.481359649122807,18.481051139145485,11.325308376310067,11.275027870751313,False,0.9925329153149862,1.5421588958102588,1.5421588958102588,1.5306434647374962,0.6533200075900751,684.8911743164062,0.8483721527385543,185.2222517075541,0.520038856732275,1.1787279872070169,False,False,False,False,False,1.0,1.0,1.0,78.57555049354593,79.36977980258162,81.08959757023538,78.57555049354593,79.36977980258162,81.08959757023538,73.0,74.0,71.0,84.0,85.0,89.0,12.0,12.0,19.0,12.0,12.0,19.0,-0.1907508022076739,0.182856061637829,0.964457252644943,-0.1907508022076739,0.182856061637829,0.964457252644943,16.31230000828906,10.657151965226992,10.57757410900158
339_2_430,/sfs/ceph/standard/gam_ai_group/people_scratch/ethan hirai/GrowthNet/analysis/synthetic_lollipop_v1/masks/339_2_430_synthetic_lollipop.nii.gz,False,,1.0,1114,1114.0,1,1114,1.0,1.0,0.0,12.86161552081395,26.0,7410.0,0.1503373819163292,26.928064574926957,14.711840154881616,13.039085232207242,True,0.8826400346481281,2.7411225896003555,2.7411225896003555,2.4194245374596246,0.4133214260321554,872.7723999023438,0.5954426166558946,535.7135484342059,0.7834581686735581,1.6794229570200525,False,False,False,False,False,1.0,1.0,1.0,48.48563734290844,47.959605026929985,48.508078994614,48.48563734290844,47.959605026929985,48.508078994614,43.0,38.0,32.0,57.0,56.0,57.0,15.0,19.0,26.0,15.0,19.0,26.0,0.254974531938538,0.4512330201555288,0.8552056767725783,0.254974531938538,0.4512330201555288,0.8552056767725783,27.98380904853541,11.56630786175219,10.20888637184787,/Users/kvothearcane/Personal/Coding Projects/GrowthNet/rivanna_pull/analysis/synthetic_lollipop_v1/masks/339_2_430_synthetic_lollipop.nii.gz,False,,1.0,1131,1131.0,1,1131,1.0,1.0,0.0,12.92670965245321,17.0,2448.0,0.4620098039215686,17.231160342091215,10.778021160260812,10.751386662174172,False,0.9949571182976176,1.5482166681545888,1.5482166681545888,1.5404091946474288,0.6491781556970527,610.4794921875,0.8599135291325133,177.86398895799243,0.5397696659482759,1.1629076251525046,False,False,False,False,False,1.0,1.0,1.0,76.55083996463307,76.65163572060123,78.43059239610963,76.55083996463307,76.65163572060123,78.43059239610963,71.0,71.0,70.0,82.0,82.0,86.0,12.0,12.0,17.0,12.0,12.0,17.0,-0.297985978656383,-0.2460466369438338,0.9223152438146228,-0.297985978656383,-0.2460466369438338,0.9223152438146228,15.555724544106935,10.098436570074716,10.047511349072815
385_0_0,/sfs/ceph/standard/gam_ai_group/people_scratch/ethan hirai/GrowthNet/analysis/synthetic_lollipop_v1/masks/385_0_0_synthetic_lollipop.nii.gz,False,,1.0,382,382.0,1,382,1.0,1.0,0.0,9.00232968140077,17.0,2805.0,0.1361853832442068,18.084316420296418,10.485644723384205,9.3481427032828,True,0.8931268201736471,2.6509818686336306,2.6509818686336306,2.3676630066707474,0.4223574035589357,404.2437438964844,0.6298199198259639,452.6923928356158,1.0582296960640951,1.5877554337695874,False,False,False,False,False,1.0,1.0,1.0,48.36387434554974,47.7565445026178,48.30890052356021,48.36387434554974,47.7565445026178,48.30890052356021,40.0,43.0,38.0,54.0,53.0,54.0,15.0,11.0,17.0,15.0,11.0,17.0,0.6240061290105893,0.1710057884479315,0.7624784398752014,0.6240061290105893,0.1710057884479315,0.7624784398752014,18.827976608036003,7.952135314438464,7.10226532697499,/Users/kvothearcane/Personal/Coding Projects/GrowthNet/rivanna_pull/analysis/synthetic_lollipop_v1/masks/385_0_0_synthetic_lollipop.nii.gz,False,,1.0,363,363.0,2,362,0.9972451790633609,0.9972451790633609,0.0027548209366391,8.850531135660276,10.0,900.0,0.4033333333333333,9.481880724074797,7.705601622777234,7.499287408262298,False,0.9803131221349302,1.2598382096006104,1.2598382096006104,1.235035928638455,0.8096930435881599,264.6959228515625,0.9279884829451844,141.52221411626837,0.731204206772272,1.077599580574826,False,True,False,False,False,1.0,1.0,1.0,69.41436464088397,69.28453038674033,69.52209944751381,69.41436464088397,69.28453038674033,69.52209944751381,65.0,65.0,66.0,74.0,74.0,74.0,10.0,10.0,9.0,10.0,10.0,9.0,-0.5512510750120952,-0.7170402108383294,-0.4265859682865033,-0.5512510750120952,-0.7170402108383294,-0.4265859682865033,9.17148684282382,7.426089095994781,7.279892586946805
385_1_476,/sfs/ceph/standard/gam_ai_group/people_scratch/ethan hirai/GrowthNet/analysis/synthetic_lollipop_v1/masks/385_1_476_synthetic_lollipop.nii.gz,False,,1.0,201,201.0,1,201,1.0,1.0,0.0,7.267736030636296,15.0,1485.0,0.1353535353535353,14.950420045682378,8.590074390109606,7.250609748391083,True,0.8919247174550017,2.78051112899171,2.78051112899171,2.480006603106419,0.403224732848459,274.6116638183594,0.6042674256773513,512.5837376387708,1.3662271831759172,1.654896420867059,False,False,False,False,False,1.0,1.0,1.0,48.16915422885573,47.75621890547264,48.233830845771145,48.16915422885573,47.75621890547264,48.233830845771145,39.0,44.0,43.0,53.0,52.0,53.0,15.0,9.0,11.0,15.0,9.0,11.0,0.8550960735039916,0.0825137652214321,0.5118614887125607,0.8550960735039916,0.0825137652214321,0.5118614887125607,16.110152295645467,6.496011855559631,5.793953538854366,/Users/kvothearcane/Personal/Coding Projects/GrowthNet/rivanna_pull/analysis/synthetic_lollipop_v1/masks/385_1_476_synthetic_lollipop.nii.gz,False,,1.0,203,203.0,1,203,1.0,1.0,0.0,7.291761779042593,8.0,392.0,0.5178571428571429,7.603065552404669,6.299122777080619,6.19387297731075,False,0.972698997542361,1.2144265040201383,1.2144265040201383,1.1812714430492626,0.8465454793511816,182.36868286132812,0.9159347895741364,147.18335847946793,0.8983678958686114,1.0917807811022766,False,False,False,False,False,1.0,1.0,1.0,62.27093596059113,63.20197044334975,63.1576354679803,62.27093596059113,63.20197044334975,63.1576354679803,59.0,60.0,60.0,66.0,66.0,66.0,8.0,7.0,7.0,8.0,7.0,7.0,-0.92550717888443,0.2961441595981055,0.236082821419339,-0.92550717888443,0.2961441595981055,0.236082821419339,7.373629163972382,6.242112435172852,6.071696508239339
395_0_0,/sfs/ceph/standard/gam_ai_group/people_scratch/ethan hirai/GrowthNet/analysis/synthetic_lollipop_v1/masks/395_0_0_synthetic_lollipop.nii.gz,False,,1.0,46,46.0,1,46,1.0,1.0,0.0,4.445491011401585,7.0,175.0,0.2628571428571428,6.991517422506621,3.296405545974718,3.2628349699915566,True,0.9786164754497114,2.6657170624385076,2.6657170624385076,2.6087146361897307,0.383330543757976,78.01927947998047,0.7957697212743033,224.43477129167448,1.6960712930430537,1.256644947986527,False,False,False,False,False,1.0,1.0,1.0,47.71739130434783,47.891304347826086,48.06521739130435,47.71739130434783,47.891304347826086,48.06521739130435,44.0,46.0,46.0,50.0,50.0,50.0,7.0,5.0,5.0,7.0,5.0,5.0,-0.8983619499332895,-0.293263222497761,0.3270206251022807,-0.8983619499332895,-0.293263222497761,0.3270206251022807,8.184376279058487,3.13732140937137,3.0702344199919316,/Users/kvothearcane/Personal/Coding Projects/GrowthNet/rivanna_pull/analysis/synthetic_lollipop_v1/masks/395_0_0_synthetic_lollipop.nii.gz,False,,1.0,47,47.0,1,47,1.0,1.0,0.0,4.477474060769193,5.0,125.0,0.376,4.075450885681147,3.584374429538153,3.5287123161638085,False,0.9724323611188554,1.146692898339304,1.146692898339304,1.1150812826103131,0.8967956108626294,65.63141632080078,0.9596309654660744,127.97926549775512,1.3964131132085271,1.042067248751523,False,False,False,False,False,1.0,1.0,1.0,47.82978723404256,48.234042553191486,47.59574468085106,47.82978723404256,48.234042553191486,47.59574468085106,46.0,46.0,46.0,50.0,50.0,50.0,5.0,5.0,5.0,5.0,5.0,5.0,0.3471242604221902,-0.5127705330940746,0.7852204328828728,0.3471242604221902,-0.5127705330940746,0.7852204328828728,4.394275388515234,3.940766881342137,3.8321292430425222
395_1_1985,/sfs/ceph/standard/gam_ai_group/people_scratch/ethan hirai/GrowthNet/analysis/synthetic_lollipop_v1/masks/395_1_1985_synthetic_lollipop.nii.gz,False,,1.0,52,52.0,1,52,1.0,1.0,0.0,4.630930256838134,8.0,200.0,0.26,8.003590270836618,4.105057201252592,3.230145414755654,True,0.8263332299868947,2.9021062245350753,2.9021062245350753,2.3981068102851406,0.4169956049126508,85.1300048828125,0.7914139392623987,228.16093485796785,1.637115478515625,1.2635612672326753,False,False,False,False,False,1.0,1.0,1.0,48.0,47.90384615384615,48.28846153846154,48.0,47.90384615384615,48.28846153846154,46.0,46.0,46.0,50.0,50.0,53.0,5.0,5.0,8.0,5.0,5.0,8.0,-0.1010708803838524,-0.4356912896766066,0.8944035874471705,-0.1010708803838524,-0.4356912896766066,0.8944035874471705,8.52147687291038,3.5534184033684286,2.936307706750308,/Users/kvothearcane/Personal/Coding Projects/GrowthNet/rivanna_pull/analysis/synthetic_lollipop_v1/masks/395_1_1985_synthetic_lollipop.nii.gz,False,,1.0,53,53.0,1,53,1.0,1.0,0.0,4.66042742317893,6.0,150.0,0.3533333333333333,4.941055787791322,4.47213595499958,3.977473183963264,False,0.9552951330355252,1.0569470061301152,1.0569470061301152,1.0096963308325684,0.990396785116003,73.09686279296875,0.933474874206414,139.04150983472476,1.3791860904333726,1.0712661129204382,False,False,False,False,False,1.0,1.0,1.0,48.43396226415094,49.0188679245283,48.9622641509434,48.43396226415094,49.0188679245283,48.9622641509434,46.0,47.0,47.0,51.0,51.0,51.0,6.0,5.0,5.0,6.0,5.0,5.0,-0.9882111575582646,0.0684670841753241,-0.1369341683506486,-0.9882111575582646,0.0684670841753241,-0.1369341683506486,4.338351364633454,4.296689244236598,4.104606323185311
418_1_1056,/sfs/ceph/standard/gam_ai_group/people_scratch/ethan hirai/GrowthNet/analysis/synthetic_lollipop_v1/masks/418_1_1056_synthetic_lollipop.nii.gz,False,,1.0,171,171.0,1,171,1.0,1.0,0.0,6.886509686455715,14.0,1078.0,0.1586270871985157,14.253002745231722,8.164846743386697,6.958732949809383,True,0.871914182482776,2.7960314420745096,2.7960314420745096,2.4378994690125335,0.4101891865151634,234.6949920654297,0.6348109002889434,442.0987096235604,1.372485333715963,1.5752722575255649,False,False,False,False,False,1.0,1.0,1.0,48.22222222222222,47.8421052631579,47.95906432748538,48.22222222222222,47.8421052631579,47.95906432748538,39.0,43.0,45.0,52.0,53.0,51.0,14.0,11.0,7.0,14.0,11.0,7.0,0.8799827069014287,-0.4688712592521917,0.0760932178429749,0.8799827069014287,-0.4688712592521917,0.0760932178429749,15.0925442897223,6.190798464645265,5.397844982216801,/Users/kvothearcane/Personal/Coding Projects/GrowthNet/rivanna_pull/analysis/synthetic_lollipop_v1/masks/418_1_1056_synthetic_lollipop.nii.gz,False,,1.0,169,169.0,1,169,1.0,1.0,0.0,6.859556339475854,8.0,392.0,0.4311224489795918,7.971550262445103,5.916299145779105,5.852910188757457,False,0.9786957181554904,1.2375751058175684,1.2375751058175684,1.2112094569594822,0.8256210304948538,164.39576721191406,0.899189643513576,155.5601971070387,0.9727560190054086,1.1121124528219746,False,False,False,False,False,1.0,1.0,1.0,62.650887573964496,62.44970414201183,63.17751479289941,62.650887573964496,62.44970414201183,63.17751479289941,60.0,59.0,60.0,66.0,66.0,66.0,7.0,8.0,7.0,7.0,8.0,7.0,-0.4964521994034825,-0.8281662057434928,0.2601460154833661,-0.4964521994034825,-0.8281662057434926,0.260146015483366,7.063138029442241,5.831475298395494,5.707239905069182
418_2_1238,/sfs/ceph/standard/gam_ai_group/people_scratch/ethan hirai/GrowthNet/analysis/synthetic_lollipop_v1/masks/418_2_1238_synthetic_lollipop.nii.gz,False,,1.0,252,252.0,1,252,1.0,1.0,0.0,7.8367135542065425,15.0,1950.0,0.1292307692307692,15.735157197937497,9.002276128338135,8.27258254483369,True,0.9124686899496464,2.5455993123225724,2.5455993123225724,2.3227796696516987,0.4305186639376563,310.39703369140625,0.6215846142527135,470.9248468926145,1.2317342606801835,1.6087914293088288,False,False,False,False,False,1.0,1.0,1.0,48.12301587301587,48.0,48.551587301587304,48.12301587301587,48.0,48.551587301587304,41.0,44.0,40.0,53.0,53.0,54.0,13.0,10.0,15.0,13.0,10.0,15.0,0.6047205647824719,0.1429238687030973,0.7835086510588816,0.6047205647824719,0.1429238687030973,0.7835086510588816,16.442091319577834,7.078627187245585,6.45902567618793,/Users/kvothearcane/Personal/Coding Projects/GrowthNet/rivanna_pull/analysis/synthetic_lollipop_v1/masks/418_2_1238_synthetic_lollipop.nii.gz,False,,1.0,249,249.0,1,249,1.0,1.0,0.0,7.805491256803148,8.0,392.0,0.6352040816326531,7.280381905327742,6.689927525902609,6.6361235903381255,False,0.991253325013347,1.2257877168239044,1.2257877168239044,1.2150661500622142,0.8230004596447672,206.607177734375,0.9264136610851512,142.2451676860045,0.8297477017444779,1.0794314052198386,False,False,False,False,False,1.0,1.0,1.0,64.34538152610442,65.01204819277109,65.01204819277109,64.34538152610442,65.01204819277109,65.01204819277109,61.0,62.0,62.0,68.0,68.0,68.0,8.0,7.0,7.0,8.0,7.0,7.0,-0.9973628330897136,0.0212154455839935,-0.0694066570289382,-0.9973628330897136,0.0212154455839935,-0.0694066570289382,8.000181115636694,6.584152735410386,6.526563291371269
418_3_1428,/sfs/ceph/standard/gam_ai_group/people_scratch/ethan hirai/GrowthNet/analysis/synthetic_lollipop_v1/masks/418_3_1428_synthetic_lollipop.nii.gz,False,,1.0,271,271.0,1,271,1.0,1.0,0.0,8.028915542458407,17.0,1377.0,0.1968046477850399,16.334307948687684,8.06162489790529,8.039639734366416,True,0.9251622522161896,2.7833619745005027,2.7833619745005027,2.575061433061786,0.3883402497357065,331.02874755859375,0.6117837551214854,493.9222049599297,1.2215082935741466,1.6345644872532197,False,False,False,False,False,1.0,1.0,1.0,48.17712177121771,48.025830258302584,48.39483394833948,48.17712177121771,48.025830258302584,48.39483394833948,37.0,44.0,45.0,53.0,52.0,53.0,17.0,9.0,9.0,17.0,9.0,9.0,0.9846582097253368,0.0328178972510831,0.1713802661933763,0.9846582097253368,0.0328178972510831,0.1713802661933763,17.92690148785879,6.961737400782491,6.440736653045611,/Users/kvothearcane/Personal/Coding Projects/GrowthNet/rivanna_pull/analysis/synthetic_lollipop_v1/masks/418_3_1428_synthetic_lollipop.nii.gz,False,,1.0,270,270.0,1,270,1.0,1.0,0.0,8.019027705431855,9.0,441.0,0.6122448979591837,8.138676862236593,7.192436992001145,7.1835380491153344,False,0.9960635018188574,1.2109026517299493,1.2109026517299493,1.2061359356438734,0.8290939440969134,218.955078125,0.9226527458424764,143.99172608474902,0.8109447337962963,1.083831381314427,False,False,False,False,False,1.0,1.0,1.0,68.21481481481482,68.93333333333334,68.97037037037038,68.21481481481482,68.93333333333334,68.97037037037038,64.0,66.0,66.0,72.0,72.0,72.0,9.0,7.0,7.0,9.0,7.0,7.0,-0.9982192115924734,-0.0509743898322684,-0.0309841441535655,-0.9982192115924734,-0.0509743898322684,-0.0309841441535655,8.150209902614634,6.757289673376487,6.730689614867787
421_1_264,/sfs/ceph/standard/gam_ai_group/people_scratch/ethan hirai/GrowthNet/analysis/synthetic_lollipop_v1/masks/421_1_264_synthetic_lollipop.nii.gz,False,,1.0,44,44.0,1,44,1.0,1.0,0.0,4.380106645730805,7.0,105.0,0.419047619047619,6.66816619002965,3.5869136396446355,2.525460203795255,True,0.9062951194305908,2.558084743861417,2.558084743861417,2.318379718451455,0.4313357264305015,72.70661163330078,0.8289824503342117,198.52552982042909,1.6524229916659268,1.2062981545590514,False,False,False,False,False,1.0,1.0,1.0,47.90909090909091,47.79545454545455,47.93181818181818,47.90909090909091,47.79545454545455,47.93181818181818,46.0,44.0,47.0,50.0,50.0,49.0,5.0,7.0,3.0,5.0,7.0,3.0,0.2808803081965486,0.95494245571162,0.0958705311702858,0.2808803081965486,0.95494245571162,0.0958705311702858,7.522050420335416,3.244529082302236,2.94050087214113,/Users/kvothearcane/Personal/Coding Projects/GrowthNet/rivanna_pull/analysis/synthetic_lollipop_v1/masks/421_1_264_synthetic_lollipop.nii.gz,False,,1.0,13,13.0,1,13,1.0,1.0,0.0,2.9173032555927185,3.0,27.0,0.4814814814814814,2.2385907518628843,2.0781815283069376,1.4142135623730954,False,0.8916090659513192,1.3628904328959202,1.3628904328959202,1.2151654658683204,0.822933195591952,25.29179954528809,1.0571419205573651,95.7309764281711,1.9455230419452376,0.9459467840162484,False,False,False,False,False,1.0,1.0,1.0,35.61538461538461,35.84615384615385,36.15384615384615,35.61538461538461,35.84615384615385,36.15384615384615,35.0,35.0,35.0,37.0,37.0,37.0,3.0,3.0,3.0,3.0,3.0,3.0,-0.1373855002367859,-0.7004017505420329,0.7004017505420328,-0.1373855002367859,-0.7004017505420329,0.7004017505420328,3.1474606332337003,2.590149836906878,2.309401076758503
421_2_1633,/sfs/ceph/standard/gam_ai_group/people_scratch/ethan hirai/GrowthNet/analysis/synthetic_lollipop_v1/masks/421_2_1633_synthetic_lollipop.nii.gz,False,,1.0,45,45.0,1,45,1.0,1.0,0.0,4.413041015034399,6.0,180.0,0.25,7.267490039479808,3.641016393222069,3.0397936337907696,True,0.8973364200221733,2.6767957660961255,2.6767957660961255,2.401986329879208,0.4163221029031786,79.64014434814453,0.7682344207274692,249.44286614623033,1.769780985514323,1.3016860127837848,False,False,False,False,False,1.0,1.0,1.0,47.8,47.86666666666667,47.977777777777774,47.8,47.86666666666667,47.977777777777774,46.0,45.0,45.0,50.0,50.0,50.0,5.0,6.0,6.0,5.0,6.0,6.0,0.3526735803766935,0.7410286807782287,0.5713998949670555,0.3526735803766935,0.7410286807782287,0.5713998949670555,7.900881547310029,3.2893116205650315,2.951619113935158,/Users/kvothearcane/Personal/Coding Projects/GrowthNet/rivanna_pull/analysis/synthetic_lollipop_v1/masks/421_2_1633_synthetic_lollipop.nii.gz,False,,1.0,14,14.0,1,14,1.0,1.0,0.0,2.9902658734369907,3.0,27.0,0.5185185185185185,2.449489742783178,2.385790165173902,2.159875448674957,False,0.905265959298824,1.2418456016109478,1.2418456016109478,1.12420054984336,0.8895210024041836,26.95071601867676,1.0423154463081412,99.8745538516107,1.925051144191197,0.9594024568492948,False,False,False,False,False,1.0,1.0,1.0,37.642857142857146,38.214285714285715,38.07142857142857,37.642857142857146,38.214285714285715,38.07142857142857,37.0,37.0,37.0,39.0,39.0,39.0,3.0,3.0,3.0,3.0,3.0,3.0,-0.2092719691796755,0.519012426870716,0.8287528845617557,-0.2092719691796755,0.519012426870716,0.8287528845617557,3.0549755144648723,2.7174648819470297,2.4600284532166437
421_4_3550,/sfs/ceph/standard/gam_ai_group/people_scratch/ethan hirai/GrowthNet/analysis/synthetic_lollipop_v1/masks/421_4_3550_synthetic_lollipop.nii.gz,False,,1.0,43,43.0,1,43,1.0,1.0,0.0,4.34666941315382,6.0,150.0,0.2866666666666667,6.602907681447245,3.4163983119254304,3.16524450035388,True,0.959496392877046,2.5390099750237867,2.5390099750237867,2.4361709125141617,0.4104802314415561,74.69699096679688,0.7946209070544851,225.40960140658615,1.7371393248092295,1.2584617282558268,False,False,False,False,False,1.0,1.0,1.0,47.86046511627907,48.11627906976744,47.95348837209303,47.86046511627907,48.11627906976744,47.95348837209303,45.0,46.0,46.0,50.0,50.0,50.0,6.0,5.0,5.0,6.0,5.0,5.0,0.7799302440126903,-0.4154574198439168,0.46808540542399,0.7799302440126903,-0.4154574198439168,0.46808540542399,7.6528687812380305,3.141351348514446,3.0141152876590547,/Users/kvothearcane/Personal/Coding Projects/GrowthNet/rivanna_pull/analysis/synthetic_lollipop_v1/masks/421_4_3550_synthetic_lollipop.nii.gz,False,,1.0,32,32.0,1,32,1.0,1.0,0.0,3.938980087370786,4.0,48.0,0.6666666666666666,3.6883585510017065,3.2405669446497276,2.5086576451270712,False,0.8683368616133516,1.2975921872459744,1.2975921872459744,1.126747127527174,0.8875105829598691,49.1912956237793,0.9908985251340596,116.24246943228698,1.537227988243103,1.0091850725731062,False,False,False,False,False,1.0,1.0,1.0,42.84375,43.03125,43.21875,42.84375,43.03125,43.21875,41.0,42.0,42.0,44.0,44.0,45.0,4.0,3.0,4.0,4.0,3.0,4.0,-0.4868258413729961,0.1183905251311207,0.8654387810415315,-0.4868258413729961,0.1183905251311207,0.8654387810415315,4.022340389970813,3.5698696643660233,3.0998494207243015
424_4_2863,/sfs/ceph/standard/gam_ai_group/people_scratch/ethan hirai/GrowthNet/analysis/synthetic_lollipop_v1/masks/424_4_2863_synthetic_lollipop.nii.gz,False,,1.0,198,198.0,1,198,1.0,1.0,0.0,7.231396743301495,15.0,1485.0,0.1333333333333333,15.06428039067492,8.459743709814802,7.048644196110821,True,0.8913204094700004,2.8330226418406026,2.8330226418406026,2.525130901163148,0.3960190735218404,267.15008544921875,0.6149487653456351,486.335051810737,1.3492428558041352,1.626151732230806,False,False,False,False,False,1.0,1.0,1.0,48.26262626262626,48.025252525252526,48.0959595959596,48.26262626262626,48.025252525252526,48.0959595959596,45.0,43.0,39.0,53.0,53.0,53.0,9.0,11.0,15.0,9.0,11.0,15.0,0.2129972330508198,0.4545843179118055,0.8648614204722936,0.2129972330508198,0.4545843179118055,0.8648614204722936,16.105300968282577,6.378006368249666,5.684847247750563,/Users/kvothearcane/Personal/Coding Projects/GrowthNet/rivanna_pull/analysis/synthetic_lollipop_v1/masks/424_4_2863_synthetic_lollipop.nii.gz,False,,1.0,202,202.0,1,202,1.0,1.0,0.0,7.27976872815417,8.0,392.0,0.5153061224489796,7.645792954363284,6.337519425301858,6.228739965410231,False,0.9740850310547812,1.2107265293715153,1.2107265293715153,1.1793505889617,0.8479242808369645,181.147216796875,0.9190801187136488,145.67742574160064,0.8967683999845297,1.088044425767372,False,False,False,False,False,1.0,1.0,1.0,60.772277227722775,60.277227722772274,61.03960396039603,60.772277227722775,60.277227722772274,61.03960396039603,58.0,57.0,58.0,64.0,64.0,64.0,7.0,8.0,7.0,7.0,8.0,7.0,-0.347156366325327,-0.9365557251731446,0.0484337791752909,-0.347156366325327,-0.9365557251731446,0.0484337791752909,7.350250454247146,6.232455830389083,6.0709419310921025
424_5_4003,/sfs/ceph/standard/gam_ai_group/people_scratch/ethan hirai/GrowthNet/analysis/synthetic_lollipop_v1/masks/424_5_4003_synthetic_lollipop.nii.gz,False,,1.0,167,167.0,1,167,1.0,1.0,0.0,6.832389495079439,14.0,1344.0,0.1242559523809523,13.923239878314035,8.08855916123448,7.132344018519194,True,0.883280060899896,2.7761126632723765,2.7761126632723765,2.452084962280197,0.4078162116658873,241.68490600585935,0.60680000693034,506.19242550987974,1.44721500602311,1.6479894340456047,False,False,False,False,False,1.0,1.0,1.0,48.28742514970059,47.874251497005986,48.18562874251497,48.28742514970059,47.874251497005986,48.18562874251497,40.0,43.0,44.0,53.0,54.0,51.0,14.0,12.0,8.0,14.0,12.0,8.0,-0.7859305271649241,0.6042214901806632,0.1312615605351524,-0.785930527164924,0.6042214901806631,0.1312615605351523,14.92618447685124,6.087140007975646,5.3766493969509215,/Users/kvothearcane/Personal/Coding Projects/GrowthNet/rivanna_pull/analysis/synthetic_lollipop_v1/masks/424_5_4003_synthetic_lollipop.nii.gz,False,,1.0,164,164.0,1,164,1.0,1.0,0.0,6.791229523398109,8.0,392.0,0.4183673469387755,6.967749026735554,5.946964401181194,5.928197198526112,False,0.9771031467365188,1.1694615900356264,1.1694615900356264,1.1426845996113033,0.8751321233699667,158.463134765625,0.9143625851492282,147.94388973353674,0.9662386266196646,1.093658047957852,False,False,False,False,False,1.0,1.0,1.0,58.80487804878049,58.50609756097561,59.34756097560975,58.80487804878049,58.50609756097561,59.34756097560975,56.0,55.0,56.0,62.0,62.0,62.0,7.0,8.0,7.0,7.0,8.0,7.0,0.2986886165485692,0.8078194488654469,-0.508146483190652,0.2986886165485692,0.8078194488654469,-0.508146483190652,6.723425872371272,5.883885960008842,5.749163486563462
424_6_4194,/sfs/ceph/standard/gam_ai_group/people_scratch/ethan hirai/GrowthNet/analysis/synthetic_lollipop_v1/masks/424_6_4194_synthetic_lollipop.nii.gz,False,,1.0,179,179.0,1,179,1.0,1.0,0.0,6.992269136954584,14.0,1232.0,0.1452922077922078,14.566479744209584,7.801439191092925,6.697887253675644,True,0.8806438188135662,2.8794319560165333,2.8794319560165333,2.5357539537602167,0.3943600279187658,248.93185424804688,0.6170291348826235,481.4324507454232,1.3906807499890887,1.6206690145842604,False,False,False,False,False,1.0,1.0,1.0,48.31843575418994,48.0,47.86033519553072,48.31843575418994,48.0,47.86033519553072,40.0,42.0,45.0,53.0,52.0,52.0,14.0,11.0,8.0,14.0,11.0,8.0,0.8105235553831873,0.5450303858771613,0.214460823088018,0.8105235553831872,0.5450303858771612,0.2144608230880179,15.791594288239583,6.227573564391985,5.4842741656885705,/Users/kvothearcane/Personal/Coding Projects/GrowthNet/rivanna_pull/analysis/synthetic_lollipop_v1/masks/424_6_4194_synthetic_lollipop.nii.gz,False,,1.0,185,185.0,1,185,1.0,1.0,0.0,7.069538034737422,8.0,392.0,0.4719387755102041,7.04665749681704,6.367993595640384,6.350815617143475,False,0.9892065354264002,1.1248955874042144,1.1248955874042144,1.1127540667325684,0.8986711708332342,169.2333984375,0.9277818401931682,141.61679794810172,0.9147751266891893,1.0778395918934949,False,False,False,False,False,1.0,1.0,1.0,59.21081081081081,59.94054054054054,60.016216216216215,59.21081081081081,59.94054054054054,60.016216216216215,56.0,57.0,57.0,63.0,63.0,63.0,8.0,7.0,7.0,8.0,7.0,7.0,-0.9993072536566828,-0.0311636112377436,-0.0203431099825169,-0.9993072536566828,-0.0311636112377436,-0.0203431099825169,6.845690975084986,6.1520251237421295,6.0856234585131235
434_0_0,/sfs/ceph/standard/gam_ai_group/people_scratch/ethan hirai/GrowthNet/analysis/synthetic_lollipop_v1/masks/434_0_0_synthetic_lollipop.nii.gz,False,,1.0,105,105.0,1,105,1.0,1.0,0.0,5.853247553205011,12.0,588.0,0.1785714285714285,11.35348467199173,5.905219989656668,5.844054402244529,True,0.9632153138816898,2.648585371709339,2.648585371709339,2.551157990153463,0.3919788597411976,164.2662353515625,0.6552323830576205,402.0372689795088,1.5644403366815476,1.526176095469416,False,False,False,False,False,1.0,1.0,1.0,48.12380952380953,48.00952380952381,47.82857142857143,48.12380952380953,48.00952380952381,47.82857142857143,40.0,45.0,45.0,51.0,51.0,51.0,12.0,7.0,7.0,12.0,7.0,7.0,0.9924702620043776,-0.0513578468351397,0.1111986987577658,0.9924702620043776,-0.0513578468351397,0.1111986987577658,12.579710389360084,4.9309805342958635,4.749595963086293,/Users/kvothearcane/Personal/Coding Projects/GrowthNet/rivanna_pull/analysis/synthetic_lollipop_v1/masks/434_0_0_synthetic_lollipop.nii.gz,False,,1.0,106,106.0,1,106,1.0,1.0,0.0,5.871770611970456,6.0,180.0,0.5888888888888889,5.311348980539034,5.097775649990719,4.586863405366613,False,0.942207625403368,1.2166289345941446,1.2166289345941446,1.1463170594609784,0.8723589967946741,111.4782257080078,0.9716234475796814,123.29867597524806,1.0516813746038474,1.029205298092594,False,False,False,False,False,1.0,1.0,1.0,55.471698113207545,55.91509433962264,56.0377358490566,55.471698113207545,55.91509433962264,56.0377358490566,53.0,53.0,54.0,58.0,58.0,58.0,6.0,6.0,5.0,6.0,6.0,5.0,-0.9938128529799832,-0.1105602518060563,0.0106039602209483,-0.9938128529799832,-0.1105602518060563,0.0106039602209483,5.8568142184308485,5.109244576003118,4.813969199560936
434_1_160,/sfs/ceph/standard/gam_ai_group/people_scratch/ethan hirai/GrowthNet/analysis/synthetic_lollipop_v1/masks/434_1_160_synthetic_lollipop.nii.gz,False,,1.0,258,258.0,1,258,1.0,1.0,0.0,7.898422500875398,17.0,1530.0,0.1686274509803921,16.3883094995351,9.25734985683166,8.52681995763925,True,0.9052828208451588,2.6972869882707924,2.6972869882707924,2.4418075733707254,0.4095326801774056,319.2655944824219,0.6138729200166034,488.896520736479,1.237463544505511,1.629001650655893,False,False,False,False,False,1.0,1.0,1.0,48.36046511627907,48.042635658914726,47.70542635658915,48.36046511627907,48.042635658914726,47.70542635658915,37.0,44.0,44.0,53.0,53.0,52.0,17.0,10.0,9.0,17.0,10.0,9.0,0.9826909244181828,0.1443187170754022,0.1161492788089843,0.9826909244181828,0.1443187170754022,0.1161492788089843,17.30445206399125,7.086738632767774,6.415502740064373,/Users/kvothearcane/Personal/Coding Projects/GrowthNet/rivanna_pull/analysis/synthetic_lollipop_v1/masks/434_1_160_synthetic_lollipop.nii.gz,False,,1.0,278,278.0,1,278,1.0,1.0,0.0,8.097458381330195,9.0,504.0,0.5515873015873016,8.474401884049122,7.048634665762222,6.188186390579144,False,0.994019225156168,1.2383129619836246,1.2383129619836246,1.2309068909718022,0.8124091329202805,224.7103729248047,0.9166936042170548,146.81815751324325,0.8083106939741176,1.0908770339399243,False,False,False,False,False,1.0,1.0,1.0,65.13309352517986,65.9748201438849,65.8273381294964,65.13309352517986,65.9748201438849,65.8273381294964,61.0,63.0,62.0,69.0,69.0,69.0,9.0,7.0,8.0,9.0,7.0,8.0,-0.9772781436464104,-0.0245862795268316,-0.2105301517836693,-0.9772781436464104,-0.0245862795268316,-0.2105301517836693,8.349532563064871,6.783236509849179,6.742667499571311
437_0_0,/sfs/ceph/standard/gam_ai_group/people_scratch/ethan hirai/GrowthNet/analysis/synthetic_lollipop_v1/masks/437_0_0_synthetic_lollipop.nii.gz,False,,1.0,1184,1184.0,1,1184,1.0,1.0,0.0,13.12555552033522,27.0,8100.0,0.1461728395061728,27.29358855153334,16.00491261135672,14.019211827119731,True,0.8883530575981271,2.713493172226048,2.713493172226048,2.410539956318651,0.4148448140752616,917.446044921875,0.5899357656176973,550.8561387345277,0.7748699703732053,1.695099802862336,False,False,False,False,False,1.0,1.0,1.0,48.244932432432435,48.5625,47.902027027027025,48.244932432432435,48.5625,47.902027027027025,31.0,39.0,40.0,57.0,58.0,54.0,27.0,20.0,15.0,27.0,20.0,15.0,-0.8674655434688558,-0.4852699088141871,0.1096204656702077,-0.8674655434688558,-0.4852699088141871,0.1096204656702077,28.35440380132528,11.762677373175675,10.44941041000092,/Users/kvothearcane/Personal/Coding Projects/GrowthNet/rivanna_pull/analysis/synthetic_lollipop_v1/masks/437_0_0_synthetic_lollipop.nii.gz,False,,1.0,1258,1258.0,1,1258,1.0,1.0,0.0,13.393497663768915,17.0,2448.0,0.5138888888888888,17.816617777611512,11.455612650839877,11.3387295181919,False,0.9918904711657393,1.528858033586593,1.528858033586593,1.5164597152797312,0.6594306396167844,660.496826171875,0.8532320296436409,182.0752533861545,0.5250372227121423,1.172014135964467,False,False,False,False,False,1.0,1.0,1.0,74.27027027027027,75.44435612082671,75.47933227344993,74.27027027027027,75.44435612082671,75.47933227344993,67.0,70.0,70.0,83.0,81.0,81.0,17.0,12.0,12.0,17.0,12.0,12.0,-0.9123361705225388,-0.3017483505280812,-0.2767501488885801,-0.9123361705225388,-0.3017483505280812,-0.2767501488885801,15.946649806535651,10.515709481668678,10.430432032414377
439_0_0,/sfs/ceph/standard/gam_ai_group/people_scratch/ethan hirai/GrowthNet/analysis/synthetic_lollipop_v1/masks/439_0_0_synthetic_lollipop.nii.gz,False,,1.0,42,42.0,1,42,1.0,1.0,0.0,4.312709671069407,7.0,140.0,0.3,7.140923578072661,3.2968704630084704,3.0240039456201027,True,0.9602988820541508,2.6299514343311476,2.6299514343311476,2.5255394222449117,0.395955015072034,73.19085693359375,0.798350287618943,222.26542750817543,1.7426394507998513,1.2525830021086002,False,False,False,False,False,1.0,1.0,1.0,48.0,48.214285714285715,47.95238095238095,48.0,48.214285714285715,47.95238095238095,47.0,46.0,46.0,50.0,52.0,50.0,4.0,7.0,5.0,4.0,7.0,5.0,0.2707829028360635,-0.8691822777630753,0.4137617521645363,0.2707829028360635,-0.8691822777630753,0.4137617521645363,7.724493888850366,3.058552094183581,2.9371241567488746,/Users/kvothearcane/Personal/Coding Projects/GrowthNet/rivanna_pull/analysis/synthetic_lollipop_v1/masks/439_0_0_synthetic_lollipop.nii.gz,False,,1.0,8,8.0,1,8,1.0,1.0,0.0,2.4814019635976,3.0,27.0,0.2962962962962963,2.1213203435596424,2.0,1.414213562373095,False,1.0,1.3693063937629153,1.3693063937629153,1.3693063937629153,0.7302967433402215,17.68483543395996,1.09381303096843,86.42175760813122,2.210604429244995,0.9142330285776804,False,False,False,False,False,1.0,1.0,1.0,33.0,32.875,32.875,33.0,32.875,32.875,32.0,32.0,32.0,34.0,34.0,34.0,3.0,3.0,3.0,3.0,3.0,3.0,0.0,0.7071067811865476,0.7071067811865476,0.0,0.7071067811865476,0.7071067811865476,2.9277002188455996,2.138089935299395,2.138089935299395
439_1_12,/sfs/ceph/standard/gam_ai_group/people_scratch/ethan hirai/GrowthNet/analysis/synthetic_lollipop_v1/masks/439_1_12_synthetic_lollipop.nii.gz,False,,1.0,41,41.0,1,41,1.0,1.0,0.0,4.278206515598402,6.0,180.0,0.2277777777777777,6.688524061337798,3.0769832553686443,2.5606896507316637,True,0.8977649708239515,2.696203403572524,2.696203403572524,2.4205569699437257,0.4131280578879531,71.96495056152344,0.7990102137240652,221.71515552515956,1.755242696622523,1.2515484568578314,False,False,False,False,False,1.0,1.0,1.0,48.0,47.75609756097561,48.14634146341464,48.0,47.75609756097561,48.14634146341464,46.0,45.0,46.0,50.0,50.0,51.0,5.0,6.0,6.0,5.0,6.0,6.0,-0.3452135233860718,-0.540080538572098,0.7675549720554526,-0.3452135233860718,-0.540080538572098,0.7675549720554526,7.595446647724242,3.1378921223658804,2.817089629684512,/Users/kvothearcane/Personal/Coding Projects/GrowthNet/rivanna_pull/analysis/synthetic_lollipop_v1/masks/439_1_12_synthetic_lollipop.nii.gz,False,,1.0,31,31.0,1,31,1.0,1.0,0.0,3.897514059625756,4.0,64.0,0.484375,3.624104592271338,3.265986323710915,3.240917684340035,False,0.9958482047752298,1.0968161265360272,1.0968161265360272,1.092262370579424,0.9155309447028916,48.509132385253906,0.9837885114721674,118.78104276292316,1.5648107221049647,1.0164786316762058,False,False,False,False,False,1.0,1.0,1.0,41.87096774193548,41.935483870967744,41.903225806451616,41.87096774193548,41.935483870967744,41.903225806451616,40.0,40.0,40.0,43.0,43.0,43.0,4.0,4.0,4.0,4.0,4.0,4.0,-0.9060261480678352,0.0718802358716623,-0.4170729560980857,-0.9060261480678352,0.0718802358716623,-0.4170729560980857,3.741430449871152,3.4253953543107003,3.411173814235723
439_2_209,/sfs/ceph/standard/gam_ai_group/people_scratch/ethan hirai/GrowthNet/analysis/synthetic_lollipop_v1/masks/439_2_209_synthetic_lollipop.nii.gz,False,,1.0,68,68.0,1,68,1.0,1.0,0.0,5.064113492312934,9.0,432.0,0.1574074074074074,9.684253275232727,4.226078748893446,3.632546862110721,True,0.9402985755562606,3.11230530855335,3.11230530855335,2.926496248328903,0.3417055465459841,110.6056671142578,0.7284157932244282,292.6269448965441,1.62655392815085,1.3728422822538875,False,False,False,False,False,1.0,1.0,1.0,47.94117647058823,47.76470588235294,48.23529411764706,47.94117647058823,47.76470588235294,48.23529411764706,46.0,44.0,45.0,51.0,51.0,53.0,6.0,8.0,9.0,6.0,8.0,9.0,-0.2654278119191877,-0.6171072686852466,0.740760889623384,-0.2654278119191877,-0.6171072686852466,0.740760889623384,10.821282559113117,3.697692271190273,3.4769347754456077,/Users/kvothearcane/Personal/Coding Projects/GrowthNet/rivanna_pull/analysis/synthetic_lollipop_v1/masks/439_2_209_synthetic_lollipop.nii.gz,False,,1.0,69,69.0,1,69,1.0,1.0,0.0,5.08881687589421,5.0,125.0,0.552,5.040462752126049,4.458027114403716,4.270893390251702,False,0.934940415598943,1.1531463052241395,1.1531463052241395,1.0781230858526427,0.927537878672862,85.8842544555664,0.9472616786491018,133.05845258212,1.244699339935745,1.055674501079901,False,False,False,False,False,1.0,1.0,1.0,48.869565217391305,49.072463768115945,49.27536231884058,48.869565217391305,49.072463768115945,49.27536231884058,47.0,47.0,47.0,51.0,51.0,51.0,5.0,5.0,5.0,5.0,5.0,5.0,-0.5178689513211311,0.3301997387109422,0.7891640398629284,-0.5178689513211311,0.3301997387109422,0.7891640398629284,4.933534626637821,4.5760402419507535,4.2783249656069255
439_3_437,/sfs/ceph/standard/gam_ai_group/people_scratch/ethan hirai/GrowthNet/analysis/synthetic_lollipop_v1/masks/439_3_437_synthetic_lollipop.nii.gz,False,,1.0,61,61.0,1,61,1.0,1.0,0.0,4.884015919923077,9.0,315.0,0.1936507936507936,8.598636807980466,4.545480414417193,3.647453035402931,True,0.8794824992842357,2.9348499244157393,2.9348499244157393,2.5811491465493046,0.3874243382397655,100.59545135498048,0.7449475066679476,273.57434035712714,1.6491057599177126,1.342376464179159,False,False,False,False,False,1.0,1.0,1.0,47.950819672131146,48.01639344262295,47.75409836065574,47.950819672131146,48.01639344262295,47.75409836065574,45.0,46.0,43.0,51.0,50.0,51.0,7.0,5.0,9.0,7.0,5.0,9.0,0.4826520303571086,0.0809063250580359,0.872067190162412,0.4826520303571086,0.0809063250580359,0.872067190162412,9.6824618283309,3.7512213663728895,3.299133542666054,/Users/kvothearcane/Personal/Coding Projects/GrowthNet/rivanna_pull/analysis/synthetic_lollipop_v1/masks/439_3_437_synthetic_lollipop.nii.gz,False,,1.0,66,66.0,1,66,1.0,1.0,0.0,5.013970461270554,5.0,125.0,0.528,4.998594591243289,4.3797965833069155,4.000000000000005,False,0.97781512160278,1.1060339526028955,1.1060339526028955,1.0814967238612037,0.9246445023242968,82.9573974609375,0.9520467962898834,131.06220963658862,1.2569302645596592,1.0503685363965194,False,False,False,False,False,1.0,1.0,1.0,49.78787878787879,50.0,50.121212121212125,49.78787878787879,50.0,50.121212121212125,48.0,48.0,48.0,52.0,52.0,52.0,5.0,5.0,5.0,5.0,5.0,5.0,-0.7855501418585423,-6.66133814775094e-16,0.6187980079363734,-0.7855501418585423,-6.66133814775094e-16,0.6187980079363734,4.799251559542016,4.437601569801832,4.339153918600466
439_4_489,/sfs/ceph/standard/gam_ai_group/people_scratch/ethan hirai/GrowthNet/analysis/synthetic_lollipop_v1/masks/439_4_489_synthetic_lollipop.nii.gz,False,,1.0,132,132.0,1,132,1.0,1.0,0.0,6.317206927705878,13.0,728.0,0.1813186813186813,12.344306856397065,7.014705634822189,5.774208859519328,True,0.8602551938121572,2.830863035345348,2.830863035345348,2.435264629126684,0.4106329916016611,194.17254638671875,0.6456724449374625,420.1608815439323,1.471004139293324,1.5487729232379686,False,False,False,False,False,1.0,1.0,1.0,47.74242424242424,48.09090909090909,48.22727272727273,47.74242424242424,48.09090909090909,48.22727272727273,45.0,45.0,40.0,51.0,52.0,52.0,7.0,8.0,13.0,7.0,8.0,13.0,0.0039493748945344,0.3082035778569602,0.951312228994304,0.0039493748945344,0.3082035778569602,0.951312228994304,13.761014695430086,5.650726631858878,4.861066933869277,/Users/kvothearcane/Personal/Coding Projects/GrowthNet/rivanna_pull/analysis/synthetic_lollipop_v1/masks/439_4_489_synthetic_lollipop.nii.gz,False,,1.0,130,130.0,1,130,1.0,1.0,0.0,6.285139335191904,7.0,252.0,0.5158730158730159,6.322925275063454,5.646794094971009,5.217499397458056,False,0.9677870561925858,1.1953000407262866,1.1953000407262866,1.1567959076813703,0.8644567234027952,135.25332641601562,0.9175542216882144,146.40542181262006,1.04041020320012,1.0898538488113465,False,False,False,False,False,1.0,1.0,1.0,57.35384615384616,58.16923076923077,57.96923076923077,57.35384615384616,58.16923076923077,57.96923076923077,54.0,56.0,55.0,60.0,61.0,60.0,7.0,6.0,6.0,7.0,6.0,6.0,-0.95065803307592,0.3094885383039672,-0.0215904795383754,-0.95065803307592,0.3094885383039672,-0.0215904795383754,6.295053786778328,5.441801570162752,5.266505121972
442_1_282,/sfs/ceph/standard/gam_ai_group/people_scratch/ethan hirai/GrowthNet/analysis/synthetic_lollipop_v1/masks/442_1_282_synthetic_lollipop.nii.gz,False,,1.0,110,110.0,1,110,1.0,1.0,0.0,5.944719320868062,12.0,864.0,0.1273148148148148,12.018431394509731,6.345226336107473,6.075288212577542,True,0.91221607983419,2.7071764455104903,2.7071764455104903,2.469529884543036,0.4049353710028258,174.41104125976562,0.6365589172737023,438.4666379715891,1.585554920543324,1.5709464950752208,False,False,False,False,False,1.0,1.0,1.0,47.981818181818184,48.31818181818182,48.10909090909091,47.981818181818184,48.31818181818182,48.10909090909091,41.0,44.0,45.0,52.0,52.0,52.0,12.0,9.0,8.0,12.0,9.0,8.0,0.7989573756073078,0.5233043926225219,0.2963437609005066,0.7989573756073078,0.5233043926225219,0.2963437609005066,12.892441267777873,5.220605487899775,4.762320272532792,/Users/kvothearcane/Personal/Coding Projects/GrowthNet/rivanna_pull/analysis/synthetic_lollipop_v1/masks/442_1_282_synthetic_lollipop.nii.gz,False,,1.0,115,115.0,1,115,1.0,1.0,0.0,6.033459557881385,6.0,216.0,0.5324074074074074,5.97794229972753,5.353160936628607,5.349443550455481,False,0.9837240756450542,1.193430463445092,1.193430463445092,1.174006279499172,0.8517842003593008,120.11390686035156,0.9521149655214324,131.0340603979829,1.0444687553074048,1.050293332436323,False,False,False,False,False,1.0,1.0,1.0,58.36521739130435,59.2,58.91304347826087,58.36521739130435,59.2,58.91304347826087,56.0,57.0,56.0,61.0,62.0,61.0,6.0,6.0,6.0,6.0,6.0,6.0,-0.929336005616682,0.3086772582951225,-0.2026152483793771,-0.929336005616682,0.3086772582951225,-0.2026152483793771,6.045594713882578,5.149542059060888,5.065728502045001
442_2_702,/sfs/ceph/standard/gam_ai_group/people_scratch/ethan hirai/GrowthNet/analysis/synthetic_lollipop_v1/masks/442_2_702_synthetic_lollipop.nii.gz,False,,1.0,124,124.0,1,124,1.0,1.0,0.0,6.1869179183107725,13.0,728.0,0.1703296703296703,12.654952950878103,6.735921926985409,6.093065705637292,True,0.869684674868252,2.659204767345934,2.659204767345934,2.3126696334973538,0.4324007136668897,194.89659118652344,0.6170130336160833,481.4701413973565,1.5717467031171244,1.620711306760204,False,False,False,False,False,1.0,1.0,1.0,48.13709677419355,48.233870967741936,48.25806451612903,48.13709677419355,48.233870967741936,48.25806451612903,45.0,40.0,46.0,52.0,52.0,52.0,8.0,13.0,7.0,8.0,13.0,7.0,0.3584839268763757,0.9067132618649912,0.2221718589953309,0.3584839268763757,0.9067132618649912,0.2221718589953309,13.374283329640074,5.7830496565195535,5.029429660277164,/Users/kvothearcane/Personal/Coding Projects/GrowthNet/rivanna_pull/analysis/synthetic_lollipop_v1/masks/442_2_702_synthetic_lollipop.nii.gz,False,,1.0,129,129.0,1,129,1.0,1.0,0.0,6.268982093389452,6.0,216.0,0.5972222222222222,5.875112084347465,5.826277691240649,5.352660733720194,False,0.962401946507046,1.159257429318592,1.159257429318592,1.1156716064789671,0.8963210986035361,128.85069274902344,0.9582022218061962,128.5525964808967,0.998842579449794,1.0436210407809487,False,False,False,False,False,1.0,1.0,1.0,57.627906976744185,58.47286821705426,58.565891472868216,57.627906976744185,58.47286821705426,58.565891472868216,55.0,56.0,56.0,60.0,61.0,61.0,6.0,6.0,6.0,6.0,6.0,6.0,-0.5637904844596362,0.6172358838808708,0.5487806057821004,-0.5637904844596362,0.6172358838808708,0.5487806057821004,6.122652394715073,5.487862520798585,5.281529572179623
442_5_1272,/sfs/ceph/standard/gam_ai_group/people_scratch/ethan hirai/GrowthNet/analysis/synthetic_lollipop_v1/masks/442_5_1272_synthetic_lollipop.nii.gz,False,,1.0,661,661.0,1,661,1.0,1.0,0.0,10.807724836350074,23.0,3864.0,0.1710662525879917,22.142692482141637,13.075472288633655,11.281137400169946,True,0.9158557817114332,2.6559648391034885,2.6559648391034885,2.4324807539152062,0.4111029443461976,601.3175048828125,0.6102595494869982,497.6323684025187,0.909708781970972,1.638647032792242,False,False,False,False,False,1.0,1.0,1.0,48.443267776096825,48.24810892586989,48.20574886535552,48.443267776096825,48.24810892586989,48.20574886535552,33.0,42.0,42.0,55.0,53.0,55.0,23.0,12.0,14.0,23.0,12.0,14.0,0.9926813467919188,-0.1150045814313987,0.0368468449283112,0.9926813467919188,-0.1150045814313987,0.0368468449283112,23.057781939000357,9.479122045215624,8.681508730659036,/Users/kvothearcane/Personal/Coding Projects/GrowthNet/rivanna_pull/analysis/synthetic_lollipop_v1/masks/442_5_1272_synthetic_lollipop.nii.gz,False,,1.0,694,694.0,1,694,1.0,1.0,0.0,10.984668354585576,14.0,1386.0,0.5007215007215007,14.746596062140654,9.117340017513747,8.50735297147773,False,0.9928594976612478,1.5295971142806686,1.5295971142806686,1.5186750225087988,0.6584687212067494,442.9497375488281,0.8557941683893151,180.44481411274128,0.6382561059781385,1.1685052749098463,False,False,False,False,False,1.0,1.0,1.0,69.98991354466858,71.18587896253602,69.48126801152738,69.98991354466858,71.18587896253602,69.48126801152738,66.0,64.0,64.0,74.0,77.0,74.0,9.0,14.0,11.0,9.0,14.0,11.0,0.0116775952699551,0.9083344731590453,-0.4180814736861596,0.0116775952699551,0.9083344731590453,-0.4180814736861596,13.096550474927374,8.623668843445074,8.56209151589983
442_6_1447,/sfs/ceph/standard/gam_ai_group/people_scratch/ethan hirai/GrowthNet/analysis/synthetic_lollipop_v1/masks/442_6_1447_synthetic_lollipop.nii.gz,False,,1.0,556,556.0,1,556,1.0,1.0,0.0,10.20215826528558,20.0,3300.0,0.1684848484848485,21.15580958183275,12.183795998730258,10.993981800904432,True,0.8800132250501094,2.7771887114788543,2.7771887114788543,2.4439627945612643,0.4091715316719942,546.6009521484375,0.5982236821790682,528.2768364800887,0.983095237677046,1.671615534104962,False,False,False,False,False,1.0,1.0,1.0,48.156474820143885,47.41187050359712,48.106115107913666,48.156474820143885,47.41187050359712,48.106115107913666,35.0,40.0,44.0,54.0,54.0,54.0,20.0,15.0,11.0,20.0,15.0,11.0,0.8899331887761434,-0.4160140949439546,0.1869523798262213,0.8899331887761432,-0.4160140949439545,0.1869523798262213,22.317220619843752,9.131571343683282,8.035903547929886,/Users/kvothearcane/Personal/Coding Projects/GrowthNet/rivanna_pull/analysis/synthetic_lollipop_v1/masks/442_6_1447_synthetic_lollipop.nii.gz,False,,1.0,564,564.0,1,564,1.0,1.0,0.0,10.250856656051196,13.0,1300.0,0.4338461538461538,12.78501918985228,8.818214690564275,8.73247331085463,False,0.9830882179738616,1.3460750343301568,1.3460750343301568,1.3233105067587383,0.7556805412581196,376.466064453125,0.8768884703383137,167.73330096997037,0.6674930220800088,1.1403958813760984,False,False,False,False,False,1.0,1.0,1.0,67.58156028368795,69.27304964539007,67.69326241134752,67.58156028368795,69.27304964539007,67.69326241134752,63.0,63.0,63.0,72.0,75.0,72.0,10.0,13.0,10.0,10.0,13.0,10.0,-0.3293538200179759,0.9208427106871544,-0.2087456907672605,-0.3293538200179759,0.9208427106871544,-0.2087456907672605,11.172824424612877,8.443086008573397,8.300298378368465
478_0_0,/sfs/ceph/standard/gam_ai_group/people_scratch/ethan hirai/GrowthNet/analysis/synthetic_lollipop_v1/masks/478_0_0_synthetic_lollipop.nii.gz,False,,1.0,245,245.0,1,245,1.0,1.0,0.0,7.763468955394107,16.0,1440.0,0.1701388888888889,15.677095344870812,9.428365143340322,8.03069182194935,True,0.9105053380724744,2.597852059654179,2.597852059654179,2.3653581678377025,0.4227689546544032,310.90228271484375,0.6090284818214766,500.65615938960786,1.2689889090401785,1.6419593333454774,False,False,False,False,False,1.0,1.0,1.0,48.30612244897959,48.3795918367347,47.94285714285714,48.30612244897959,48.3795918367347,47.94285714285714,44.0,38.0,44.0,53.0,53.0,52.0,10.0,16.0,9.0,10.0,16.0,9.0,0.3849413028442177,0.922260875272054,0.0354269855762643,0.3849413028442177,0.922260875272054,0.0354269855762643,16.622148353641215,7.0273282835793065,6.398419914586638,/Users/kvothearcane/Personal/Coding Projects/GrowthNet/rivanna_pull/analysis/synthetic_lollipop_v1/masks/478_0_0_synthetic_lollipop.nii.gz,False,,1.0,247,247.0,1,247,1.0,1.0,0.0,7.784536817045507,10.0,490.0,0.5040816326530613,9.172502156561308,6.5051267956783345,6.350725264984334,False,0.982495028858292,1.2273829690741702,1.2273829690741702,1.205897665620703,0.8292577625028218,202.45132446289065,0.9403614226433816,136.00909801026825,0.8196409897283021,1.063420910216598,False,False,False,False,False,1.0,1.0,1.0,62.10526315789474,62.88663967611336,63.012145748987855,62.10526315789474,62.88663967611336,63.012145748987855,58.0,60.0,60.0,67.0,66.0,66.0,10.0,7.0,7.0,10.0,7.0,7.0,-0.991718560471998,-0.1235175561566616,0.0351811048211096,-0.991718560471998,-0.1235175561566616,0.0351811048211096,7.953541990354383,6.595536434893515,6.4800817599366205
478_1_378,/sfs/ceph/standard/gam_ai_group/people_scratch/ethan hirai/GrowthNet/analysis/synthetic_lollipop_v1/masks/478_1_378_synthetic_lollipop.nii.gz,False,,1.0,317,317.0,1,317,1.0,1.0,0.0,8.459672424994432,18.0,1800.0,0.1761111111111111,17.321549481996325,9.463852644653892,8.673342668868365,True,0.9253487019040986,2.8036244064866676,2.8036244064866676,2.5943302051690864,0.3854559446625356,368.7019653320313,0.6097917064422443,498.77862459725526,1.1630976824354298,1.6399042319456565,False,False,False,False,False,1.0,1.0,1.0,48.14195583596214,47.72870662460568,47.83596214511041,48.14195583596214,47.72870662460568,47.83596214511041,36.0,44.0,43.0,53.0,53.0,52.0,18.0,10.0,10.0,18.0,10.0,10.0,-0.9951385310447404,-0.0928149803546593,0.0329345328170972,-0.9951385310447404,-0.0928149803546593,0.0329345328170972,18.72715652851057,7.218493810540212,6.679623877286155,/Users/kvothearcane/Personal/Coding Projects/GrowthNet/rivanna_pull/analysis/synthetic_lollipop_v1/masks/478_1_378_synthetic_lollipop.nii.gz,False,,1.0,323,323.0,1,323,1.0,1.0,0.0,8.51271250919745,10.0,560.0,0.5767857142857142,9.87508940876607,7.310617666187432,6.5578449784994985,False,0.9744451501947508,1.277687123727423,1.277687123727423,1.2450360211824678,0.8031896129802366,243.9707946777344,0.933142490117722,139.1901419560802,0.755327537701964,1.0716476964561366,False,False,False,False,False,1.0,1.0,1.0,65.70588235294117,65.26315789473684,66.03715170278637,65.70588235294117,65.26315789473684,66.03715170278637,62.0,61.0,63.0,69.0,70.0,69.0,8.0,10.0,7.0,8.0,10.0,7.0,-0.3645531678101698,-0.9300035015229354,0.0468452238189733,-0.3645531678101698,-0.9300035015229354,0.0468452238189733,8.902817595259872,7.150650618770418,6.967916816197927
478_2_486,/sfs/ceph/standard/gam_ai_group/people_scratch/ethan hirai/GrowthNet/analysis/synthetic_lollipop_v1/masks/478_2_486_synthetic_lollipop.nii.gz,False,,1.0,539,539.0,1,539,1.0,1.0,0.0,10.097101321281848,22.0,2904.0,0.1856060606060606,20.941116473483156,12.025477225779682,10.860665493679086,True,0.9154053435575296,2.695299828925706,2.695299828925706,2.4672918658882868,0.4053026777356861,532.003173828125,0.6020451720914377,518.2808224695309,0.9870188753768552,1.6610049317829618,False,False,False,False,False,1.0,1.0,1.0,48.424860853432286,47.79406307977737,47.9165120593692,48.424860853432286,47.79406307977737,47.9165120593692,34.0,43.0,43.0,55.0,54.0,53.0,22.0,12.0,11.0,22.0,12.0,11.0,0.966304006922966,0.2524926721347313,0.0500401511077208,0.966304006922966,0.2524926721347313,0.0500401511077208,21.97451535489114,8.90632991528133,8.152901995934808,/Users/kvothearcane/Personal/Coding Projects/GrowthNet/rivanna_pull/analysis/synthetic_lollipop_v1/masks/478_2_486_synthetic_lollipop.nii.gz,False,,1.0,549,549.0,1,549,1.0,1.0,0.0,10.159162506559955,12.0,1200.0,0.4575,12.485833097801702,8.747626272584359,8.562208195587514,False,0.9851880613599636,1.3458246557168674,1.3458246557168674,1.3258903834961409,0.754210161297931,380.5555114746094,0.8520158448487484,182.85606065754905,0.6931794380229679,1.1736870928468732,False,False,False,False,False,1.0,1.0,1.0,67.61020036429872,68.99271402550092,67.66666666666667,67.61020036429872,68.99271402550092,67.66666666666667,63.0,63.0,63.0,72.0,74.0,72.0,10.0,12.0,10.0,10.0,12.0,10.0,-0.3532759567341745,0.8899273947834387,-0.2884880073894154,-0.3532759567341745,0.8899273947834387,-0.2884880073894154,11.071631724050626,8.350337148427512,8.226652466961387
483_2_812,/sfs/ceph/standard/gam_ai_group/people_scratch/ethan hirai/GrowthNet/analysis/synthetic_lollipop_v1/masks/483_2_812_synthetic_lollipop.nii.gz,False,,1.0,58,58.0,1,58,1.0,1.0,0.0,4.802600448448948,9.0,270.0,0.2148148148148148,8.534723904695202,3.552980753314742,3.2442866275311757,True,0.9576237417793264,3.010069568682751,3.010069568682751,2.8825140833780596,0.3469193804694566,96.03395080566406,0.7545325695010696,263.2803221995864,1.6557577725114494,1.32532383679772,False,False,False,False,False,1.0,1.0,1.0,47.672413793103445,47.98275862068966,47.706896551724135,47.672413793103445,47.98275862068966,47.706896551724135,43.0,46.0,45.0,51.0,50.0,50.0,9.0,5.0,6.0,9.0,5.0,6.0,0.8794212758680492,0.2721767432423074,0.3905611859729836,0.8794212758680492,0.2721767432423074,0.3905611859729836,9.854466053518523,3.4187052581439374,3.2738333213444557,/Users/kvothearcane/Personal/Coding Projects/GrowthNet/rivanna_pull/analysis/synthetic_lollipop_v1/masks/483_2_812_synthetic_lollipop.nii.gz,False,,1.0,65,65.0,1,65,1.0,1.0,0.0,4.988518396225169,5.0,125.0,0.52,4.512950016768487,4.242640687119286,4.056200765723812,False,0.978276757072188,1.0643357061717675,1.0643357061717675,1.0412148830698538,0.960416544423243,82.32171630859375,0.9496828877257198,132.04335053616734,1.2664879432091347,1.0529830672160243,False,False,False,False,False,1.0,1.0,1.0,50.815384615384616,51.06153846153846,51.06153846153846,50.815384615384616,51.06153846153846,51.06153846153846,49.0,49.0,49.0,53.0,53.0,53.0,5.0,5.0,5.0,5.0,5.0,5.0,-0.8427976632897003,0.3805864545365618,0.380586454536562,-0.8427976632897003,0.3805864545365618,0.380586454536562,4.656454515457376,4.47213595499958,4.374986659242921
483_3_1995,/sfs/ceph/standard/gam_ai_group/people_scratch/ethan hirai/GrowthNet/analysis/synthetic_lollipop_v1/masks/483_3_1995_synthetic_lollipop.nii.gz,False,,1.0,67,67.0,1,67,1.0,1.0,0.0,5.039166715846006,11.0,330.0,0.203030303030303,10.012096465427264,5.044369898876825,4.439718882292372,True,0.9147754340084252,2.9821770156457625,2.9821770156457625,2.7280222737773023,0.3665659219913075,121.384521484375,0.657209777114654,398.419261755519,1.811709275886194,1.5215841803058634,False,False,False,False,False,1.0,1.0,1.0,47.55223880597015,48.11940298507463,47.92537313432836,47.55223880597015,48.11940298507463,47.92537313432836,41.0,46.0,46.0,51.0,51.0,50.0,11.0,6.0,5.0,11.0,6.0,5.0,0.9999074603155388,0.0130218622718769,0.0039372462840956,0.9999074603155388,0.0130218622718769,0.0039372462840956,10.92838167624104,4.0059723050242075,3.6645650539542505,/Users/kvothearcane/Personal/Coding Projects/GrowthNet/rivanna_pull/analysis/synthetic_lollipop_v1/masks/483_3_1995_synthetic_lollipop.nii.gz,False,,1.0,70,70.0,1,70,1.0,1.0,0.0,5.113282717745438,6.0,150.0,0.4666666666666667,5.0,4.242640687119285,4.242640687119285,False,0.9999999999999996,1.0211260513268738,1.0211260513268738,1.0211260513268734,0.9793110250204452,84.75711059570312,0.969110594712366,124.26028604582336,1.2108158656529018,1.031873973369161,False,False,False,False,False,1.0,1.0,1.0,49.72857142857143,50.0,50.0,49.72857142857143,50.0,50.0,47.0,48.0,48.0,52.0,52.0,52.0,6.0,5.0,5.0,6.0,5.0,5.0,1.0,0.0,0.0,1.0,0.0,0.0,4.6648325292426005,4.568321925761286,4.568321925761285
492_1_391,/sfs/ceph/standard/gam_ai_group/people_scratch/ethan hirai/GrowthNet/analysis/synthetic_lollipop_v1/masks/492_1_391_synthetic_lollipop.nii.gz,False,,1.0,44,44.0,1,44,1.0,1.0,0.0,4.380106645730805,7.0,140.0,0.3142857142857143,6.953863623582476,3.136944159482032,2.691178595440375,True,0.8665464779821632,2.821069154194724,2.821069154194724,2.444587539711558,0.4090669627310593,72.88397216796875,0.8269651512456988,199.9819265317955,1.6564539129083806,1.2092407987127998,False,False,False,False,False,1.0,1.0,1.0,47.70454545454545,47.81818181818182,48.0,47.70454545454545,47.81818181818182,48.0,44.0,46.0,47.0,50.0,50.0,50.0,7.0,5.0,4.0,7.0,5.0,4.0,0.8650121335538166,0.4689207218410228,0.1785143283682531,0.8650121335538165,0.4689207218410227,0.1785143283682531,7.842152457813574,3.2079654871917107,2.779851194414311,/Users/kvothearcane/Personal/Coding Projects/GrowthNet/rivanna_pull/analysis/synthetic_lollipop_v1/masks/492_1_391_synthetic_lollipop.nii.gz,False,,1.0,9,9.0,1,9,1.0,1.0,0.0,2.5807620414842987,3.0,27.0,0.3333333333333333,2.0412414523193148,1.4142135623730947,1.1547005383792512,False,0.8164965809277259,1.4719601443879744,1.4719601443879744,1.201850425154663,0.8320502943378438,19.440126419067383,1.0763331408508956,90.70103347390923,2.160014046563042,0.9290803767404668,False,False,False,False,False,1.0,1.0,1.0,33.888888888888886,33.888888888888886,34.22222222222222,33.888888888888886,33.888888888888886,34.22222222222222,33.0,33.0,33.0,35.0,35.0,35.0,3.0,3.0,3.0,3.0,3.0,3.0,-0.408248290463863,-0.4082482904638631,0.816496580927726,-0.408248290463863,-0.4082482904638631,0.816496580927726,2.9439202887759484,2.449489742783178,1.9999999999999996
492_2_757,/sfs/ceph/standard/gam_ai_group/people_scratch/ethan hirai/GrowthNet/analysis/synthetic_lollipop_v1/masks/492_2_757_synthetic_lollipop.nii.gz,False,,1.0,45,45.0,1,45,1.0,1.0,0.0,4.413041015034399,7.0,175.0,0.2571428571428571,7.37211717052346,2.940086800213072,2.4551450401858355,True,0.9004898088530583,2.926621232822198,2.926621232822198,2.6353925945293626,0.3794501062482432,77.6505126953125,0.7879188177419749,231.2107141283949,1.7255669487847225,1.269166286529124,False,False,False,False,False,1.0,1.0,1.0,47.888888888888886,47.733333333333334,48.13333333333333,47.888888888888886,47.733333333333334,48.13333333333333,46.0,44.0,46.0,50.0,50.0,50.0,5.0,7.0,5.0,5.0,7.0,5.0,-0.3870511380265771,-0.8245621262136174,0.4126605342971509,-0.3870511380265771,-0.8245621262136174,0.4126605342971509,8.32777736211674,3.159976004866911,2.8455261886028556,/Users/kvothearcane/Personal/Coding Projects/GrowthNet/rivanna_pull/analysis/synthetic_lollipop_v1/masks/492_2_757_synthetic_lollipop.nii.gz,False,,1.0,44,44.0,1,44,1.0,1.0,0.0,4.380106645730805,4.0,64.0,0.6875,3.8562085161451938,3.702333847877693,3.4528812611351176,False,0.9733496142422612,1.105437585933197,1.105437585933197,1.0759772478369738,0.929387681765846,60.89803314208984,0.9897282712996862,116.6552921487167,1.3840462077747693,1.0103783321121311,False,False,False,False,False,1.0,1.0,1.0,45.56818181818182,46.36363636363637,46.18181818181818,45.56818181818182,46.36363636363637,46.18181818181818,44.0,45.0,45.0,47.0,48.0,48.0,4.0,4.0,4.0,4.0,4.0,4.0,-0.7147973023110515,0.6757194683402509,0.1801888362657689,-0.7147973023110515,0.6757194683402509,0.1801888362657689,4.173012504986519,3.8783464179893063,3.774986989847746
493_1_262,/sfs/ceph/standard/gam_ai_group/people_scratch/ethan hirai/GrowthNet/analysis/synthetic_lollipop_v1/masks/493_1_262_synthetic_lollipop.nii.gz,False,,1.0,327,327.0,1,327,1.0,1.0,0.0,8.547708637567618,17.0,2040.0,0.1602941176470588,17.468293832608467,10.162014416524826,8.750029758299217,True,0.9106660145886653,2.7592378488169707,2.7592378488169707,2.5127441350843527,0.3979712800986918,373.5446472167969,0.6144786181395735,487.4522138078794,1.1423383706935684,1.6273959263670563,False,False,False,False,False,1.0,1.0,1.0,47.948012232415905,47.61162079510704,47.81651376146789,47.948012232415905,47.61162079510704,47.81651376146789,43.0,42.0,43.0,52.0,53.0,59.0,10.0,12.0,17.0,10.0,12.0,17.0,-0.0053686215208323,0.4255447026539579,0.9049214794368188,-0.0053686215208323,0.4255447026539579,0.9049214794368188,18.69954410685633,7.441881505467561,6.7770685716252395,/Users/kvothearcane/Personal/Coding Projects/GrowthNet/rivanna_pull/analysis/synthetic_lollipop_v1/masks/493_1_262_synthetic_lollipop.nii.gz,False,,1.0,337,337.0,1,337,1.0,1.0,0.0,8.633967830729006,10.0,560.0,0.6017857142857143,9.88185661672405,7.342022907184155,6.474566572698405,False,0.9669097577162092,1.276058648035746,1.276058648035746,1.2338335582039166,0.8104820892176846,251.92430114746097,0.9296097339935055,140.78305516373663,0.7475498550369761,1.0757202333758975,False,False,False,False,False,1.0,1.0,1.0,65.19287833827893,65.973293768546,65.59940652818992,65.19287833827893,65.973293768546,65.59940652818992,61.0,63.0,62.0,70.0,69.0,69.0,10.0,7.0,8.0,10.0,7.0,8.0,-0.9059788770330774,-0.043874111196257,-0.4210431530575251,-0.9059788770330774,-0.043874111196257,-0.4210431530575251,9.001346714103017,7.295430290618953,7.054022734737865
493_2_537,/sfs/ceph/standard/gam_ai_group/people_scratch/ethan hirai/GrowthNet/analysis/synthetic_lollipop_v1/masks/493_2_537_synthetic_lollipop.nii.gz,False,,1.0,343,343.0,1,343,1.0,1.0,0.0,8.6849068725916,18.0,1980.0,0.1732323232323232,17.41806482226624,10.16093594475665,8.916442099085927,True,0.8820058586467893,2.6364886523282443,2.6364886523282443,2.3253984376092895,0.4300338315476321,387.1851806640625,0.6120141706715254,493.3645486816622,1.1288197686998906,1.6339490945164907,False,False,False,False,False,1.0,1.0,1.0,48.45189504373178,47.947521865889215,48.09037900874635,48.45189504373178,47.947521865889215,48.09037900874635,36.0,43.0,43.0,53.0,53.0,52.0,18.0,11.0,10.0,18.0,11.0,10.0,-0.993988008306411,-0.034068450559014,0.1040537362114513,-0.993988008306411,-0.034068450559014,0.1040537362114513,18.21162757441312,7.831615984543384,6.907531181039107,/Users/kvothearcane/Personal/Coding Projects/GrowthNet/rivanna_pull/analysis/synthetic_lollipop_v1/masks/493_2_537_synthetic_lollipop.nii.gz,False,,1.0,342,342.0,1,342,1.0,1.0,0.0,8.676458514270498,10.0,560.0,0.6107142857142858,9.836253022316916,7.610485563210744,6.0,False,0.9599014506141732,1.286264585788948,1.286264585788948,1.2346872417724497,0.8099217082412341,253.19564819335935,0.9340682816360656,138.77668168223468,0.740338152612162,1.0705855446118475,False,False,False,False,False,1.0,1.0,1.0,63.0,63.865497076023395,63.37719298245614,63.0,63.865497076023395,63.37719298245614,60.0,59.0,60.0,66.0,68.0,67.0,7.0,10.0,8.0,7.0,10.0,8.0,-0.0,-0.9331831858922252,-0.359401087321723,-0.0,-0.9331831858922252,-0.359401087321723,9.071227252058655,7.346983871831782,7.052380476210261
495_0_0,/sfs/ceph/standard/gam_ai_group/people_scratch/ethan hirai/GrowthNet/analysis/synthetic_lollipop_v1/masks/495_0_0_synthetic_lollipop.nii.gz,False,,1.0,2099,2099.0,1,2099,1.0,1.0,0.0,15.885635942413892,33.0,11286.0,0.1859826333510544,32.990257305373774,19.16858399596167,17.394497791579287,True,0.9004844268750669,2.707913424253096,2.707913424253096,2.438433867865849,0.4100992908514734,1329.1796875,0.5964518469825676,532.9987741220078,0.633244253215817,1.6765812782020388,False,False,False,False,False,1.0,1.0,1.0,48.50929013816103,48.28918532634588,48.27679847546451,48.50929013816103,48.28918532634588,48.27679847546451,26.0,40.0,41.0,58.0,58.0,58.0,33.0,19.0,18.0,33.0,19.0,18.0,0.9634995515908203,0.1347533261440745,0.2313226214130314,0.9634995515908203,0.1347533261440745,0.2313226214130314,34.31670603875503,14.073256810851912,12.672748593585617,/Users/kvothearcane/Personal/Coding Projects/GrowthNet/rivanna_pull/analysis/synthetic_lollipop_v1/masks/495_0_0_synthetic_lollipop.nii.gz,False,,1.0,2107,2107.0,1,2107,1.0,1.0,0.0,15.905792203135972,19.0,4788.0,0.4400584795321637,21.31425458853192,13.524620570863984,13.003280768366666,False,0.9958688874905964,1.5038021531884136,1.5038021531884136,1.4975897773017088,0.6677396007615355,929.2158203125,0.8553500523781952,180.7260324781374,0.4410136783637873,1.1691119877991747,False,False,False,False,False,1.0,1.0,1.0,87.66018035121026,86.265780730897,86.15092548647365,87.66018035121026,86.265780730897,86.15092548647365,81.0,78.0,78.0,94.0,96.0,95.0,14.0,19.0,18.0,14.0,19.0,18.0,-0.1407207448887412,-0.6804361264840019,-0.7191692079986498,-0.1407207448887412,-0.6804361264840019,-0.7191692079986498,18.761825934981843,12.5280141593822,12.47625952337039
500_1_346,/sfs/ceph/standard/gam_ai_group/people_scratch/ethan hirai/GrowthNet/analysis/synthetic_lollipop_v1/masks/500_1_346_synthetic_lollipop.nii.gz,False,,1.0,62,62.0,1,62,1.0,1.0,0.0,4.910560005983712,10.0,250.0,0.248,9.203256562391006,4.552260563439521,4.128598884075856,True,0.8593802421505539,2.9398008175080728,2.9398008175080728,2.526406738424484,0.3958190835983993,104.19456481933594,0.7270543084421528,294.27394836874583,1.6805574970860635,1.375413072157819,False,False,False,False,False,1.0,1.0,1.0,47.87096774193548,48.0,47.88709677419355,47.87096774193548,48.0,47.88709677419355,46.0,46.0,42.0,50.0,50.0,51.0,5.0,5.0,10.0,5.0,5.0,10.0,0.2686098866077741,-0.214524803134257,0.9390568873379116,0.2686098866077741,-0.214524803134257,0.9390568873379116,9.8972465763339,3.9175190699918785,3.366638486999033,/Users/kvothearcane/Personal/Coding Projects/GrowthNet/rivanna_pull/analysis/synthetic_lollipop_v1/masks/500_1_346_synthetic_lollipop.nii.gz,False,,1.0,66,66.0,1,66,1.0,1.0,0.0,5.013970461270554,5.0,125.0,0.528,5.070156669292581,4.393847184446196,4.120671435951463,False,0.9482359189366776,1.18084696792761,1.18084696792761,1.1197215097564268,0.8930792087914166,82.95738983154297,0.9520468838473708,131.06217347615288,1.2569301489627722,1.0503684397966233,False,False,False,False,False,1.0,1.0,1.0,47.96969696969697,48.21212121212121,47.833333333333336,47.96969696969697,48.21212121212121,47.833333333333336,46.0,46.0,46.0,50.0,50.0,50.0,5.0,5.0,5.0,5.0,5.0,5.0,0.1502522041256275,-0.7296163565535118,0.6671463463176349,0.1502522041256275,-0.7296163565535118,0.6671463463176349,4.967914081659654,4.43674077739234,4.207076968134455
502_0_0,/sfs/ceph/standard/gam_ai_group/people_scratch/ethan hirai/GrowthNet/analysis/synthetic_lollipop_v1/masks/502_0_0_synthetic_lollipop.nii.gz,False,,1.0,2734,2734.0,1,2734,1.0,1.0,0.0,17.348687704213475,31.0,24180.0,0.1130686517783292,36.15879115230332,21.396042760377796,19.170807108149347,True,0.9023606221068974,2.712270452797614,2.712270452797614,2.447446053108611,0.4085891898331549,1585.650146484375,0.5963150348287196,533.3657149374552,0.5799744500674379,1.6769659351071555,False,False,False,False,False,1.0,1.0,1.0,48.34089246525238,48.63423555230432,47.96049743964887,48.34089246525238,48.63423555230432,47.96049743964887,32.0,31.0,36.0,61.0,61.0,61.0,30.0,31.0,26.0,30.0,31.0,26.0,-0.5846445437621287,-0.6814753945055234,0.4402068197253579,-0.5846445437621287,-0.6814753945055234,0.4402068197253579,37.56091886015783,15.346985406460757,13.848515298839402,/Users/kvothearcane/Personal/Coding Projects/GrowthNet/rivanna_pull/analysis/synthetic_lollipop_v1/masks/502_0_0_synthetic_lollipop.nii.gz,False,,1.0,2757,2757.0,1,2757,1.0,1.0,0.0,17.3972010044477,23.0,5888.0,0.4682404891304347,23.414926926050978,14.68367233470423,14.651741499765308,False,0.996492404770697,1.5534933124303982,1.5534933124303982,1.5480442866989634,0.6459763513176949,1124.058349609375,0.8459014692335222,186.84997136172265,0.4077106817589318,1.1821707803700916,False,False,False,False,False,1.0,1.0,1.0,96.84911135291983,98.6278563656148,99.58251722887196,96.84911135291983,98.6278563656148,99.58251722887196,87.0,91.0,92.0,109.0,106.0,107.0,23.0,16.0,16.0,23.0,16.0,16.0,-0.9509403910648748,-0.1525319083427278,0.2691586698932599,-0.9509403910648748,-0.1525319083427278,0.2691586698932599,20.98473020691099,13.555639452446576,13.508091756173023
502_1_71,/sfs/ceph/standard/gam_ai_group/people_scratch/ethan hirai/GrowthNet/analysis/synthetic_lollipop_v1/masks/502_1_71_synthetic_lollipop.nii.gz,False,,1.0,2144,2144.0,1,2144,1.0,1.0,0.0,15.998357091554173,34.0,12240.0,0.1751633986928104,33.367766956406314,19.09482636167156,17.179965766567562,True,0.9271309121385164,2.7188204044070177,2.7188204044070177,2.5207024414786883,0.3967148139124991,1364.210205078125,0.5894125125542784,552.3245150341916,0.6362920732640508,1.6966046337672736,False,False,False,False,False,1.0,1.0,1.0,48.490205223880594,48.46035447761194,47.47481343283582,48.490205223880594,48.46035447761194,47.47481343283582,25.0,40.0,37.0,58.0,57.0,56.0,34.0,18.0,20.0,34.0,18.0,20.0,-0.9965978927924852,-0.0456925722573886,0.0685917554964274,-0.9965978927924852,-0.0456925722573886,0.0685917554964274,35.10176904483371,13.925391774620726,12.910661177890308,/Users/kvothearcane/Personal/Coding Projects/GrowthNet/rivanna_pull/analysis/synthetic_lollipop_v1/masks/502_1_71_synthetic_lollipop.nii.gz,False,,1.0,2221,2221.0,1,2221,1.0,1.0,0.0,16.18763159894112,21.0,4998.0,0.4443777511004402,21.60106205962672,13.741997834562696,13.570106740775463,False,0.99602192273355,1.5174680618193706,1.5174680618193706,1.511431456620083,0.6616244458986157,973.5594482421876,0.8455786733957662,187.0640404576529,0.4383428402711335,1.1826220687237676,False,False,False,False,False,1.0,1.0,1.0,88.28410625844214,88.88113462404323,89.59252588923908,88.28410625844214,88.88113462404323,89.59252588923908,79.0,81.0,83.0,99.0,97.0,96.0,21.0,17.0,14.0,21.0,17.0,14.0,-0.8327380666690903,-0.5266658652296984,-0.1707933802056715,-0.8327380666690902,-0.5266658652296983,-0.1707933802056715,19.24157395224612,12.730695704372076,12.68005201320442
502_2_314,/sfs/ceph/standard/gam_ai_group/people_scratch/ethan hirai/GrowthNet/analysis/synthetic_lollipop_v1/masks/502_2_314_synthetic_lollipop.nii.gz,False,,1.0,961,961.0,1,961,1.0,1.0,0.0,12.243575259331784,25.0,6650.0,0.1445112781954887,25.46492208829988,14.318516698470637,13.002814148332558,True,0.9193604708165014,2.691618378809611,2.691618378809611,2.4745675400007516,0.4041110148885636,773.1185302734375,0.6091444620996533,500.37024107687216,0.8044937880056582,1.6416467065186984,False,False,False,False,False,1.0,1.0,1.0,48.187304890738815,47.960457856399586,48.4318418314256,48.187304890738815,47.960457856399586,48.4318418314256,38.0,42.0,33.0,56.0,55.0,57.0,19.0,14.0,25.0,19.0,14.0,25.0,0.523263743687558,0.1348280181055093,0.8414371397055291,0.523263743687558,0.1348280181055093,0.8414371397055291,26.355291146009375,10.650463452697425,9.791615094285843,/Users/kvothearcane/Personal/Coding Projects/GrowthNet/rivanna_pull/analysis/synthetic_lollipop_v1/masks/502_2_314_synthetic_lollipop.nii.gz,False,,1.0,956,956.0,1,956,1.0,1.0,0.0,12.222304237933,14.0,2184.0,0.4377289377289377,16.366981291769164,10.173278817715572,10.134344722396992,False,0.9930016847305156,1.5290622188440035,1.5290622188440035,1.518361359369876,0.6586047476965581,549.461669921875,0.854119527129769,181.5082713306997,0.5747507007550994,1.1707963209323358,False,False,False,False,False,1.0,1.0,1.0,69.9581589958159,69.88807531380753,70.44246861924687,69.9581589958159,69.88807531380753,70.44246861924687,64.0,64.0,65.0,76.0,77.0,76.0,13.0,14.0,12.0,13.0,14.0,12.0,-0.6322870395860286,-0.6912130173295382,-0.349910937590884,-0.6322870395860286,-0.6912130173295382,-0.349910937590884,14.567204406802851,9.594029982986582,9.526887936460756
508_0_0,/sfs/ceph/standard/gam_ai_group/people_scratch/ethan hirai/GrowthNet/analysis/synthetic_lollipop_v1/masks/508_0_0_synthetic_lollipop.nii.gz,False,,1.0,43,43.0,1,43,1.0,1.0,0.0,4.34666941315382,7.0,112.0,0.3839285714285714,6.409700359504315,3.4606506937832915,3.15444166003073,True,0.9411432164231456,2.5604133831174645,2.5604133831174645,2.4097156867600384,0.4149867162729645,75.48648834228516,0.786310133372936,232.63269706209556,1.7554997288903524,1.2717628293945868,False,False,False,False,False,1.0,1.0,1.0,47.86046511627907,47.93023255813954,48.04651162790697,47.86046511627907,47.93023255813954,48.04651162790697,44.0,46.0,47.0,50.0,49.0,50.0,7.0,4.0,4.0,7.0,4.0,4.0,0.9855293667352352,-0.1287625869331093,0.1102363982935777,0.9855293667352352,-0.1287625869331093,0.1102363982935777,7.731324528929955,3.2083969787012663,3.0195610520972127,/Users/kvothearcane/Personal/Coding Projects/GrowthNet/rivanna_pull/analysis/synthetic_lollipop_v1/masks/508_0_0_synthetic_lollipop.nii.gz,False,,1.0,36,36.0,1,36,1.0,1.0,0.0,4.096704379531774,4.0,48.0,0.75,3.423241871434059,3.423241871434059,2.0,False,0.8858287052873987,1.3769785712219045,1.3769785712219045,1.2197671449539915,0.8198286075640436,53.77708053588867,0.9804419917706032,120.00149670568624,1.4938077926635742,1.0199481543972595,False,False,False,False,False,1.0,1.0,1.0,43.583333333333336,43.833333333333336,44.0,43.583333333333336,43.833333333333336,44.0,42.0,42.0,43.0,45.0,45.0,45.0,4.0,4.0,3.0,4.0,4.0,3.0,-0.9641321340741518,-0.2654227346058018,-0.0,-0.9641321340741518,-0.2654227346058018,-0.0,4.366811962102721,3.5800373703846833,3.1712998686883673
508_1_260,/sfs/ceph/standard/gam_ai_group/people_scratch/ethan hirai/GrowthNet/analysis/synthetic_lollipop_v1/masks/508_1_260_synthetic_lollipop.nii.gz,False,,1.0,44,44.0,1,44,1.0,1.0,0.0,4.380106645730805,7.0,112.0,0.3928571428571428,6.637274058998042,3.316234275505075,2.9165842228494014,True,0.892703695933877,2.6816243603447543,2.6816243603447543,2.393895977586081,0.4177290948992546,73.71446228027344,0.8176483040479422,206.8963135935819,1.6753286881880327,1.2230197201526465,False,False,False,False,False,1.0,1.0,1.0,47.75,48.04545454545455,48.04545454545455,47.75,48.04545454545455,48.04545454545455,44.0,46.0,47.0,50.0,49.0,50.0,7.0,4.0,4.0,7.0,4.0,4.0,0.9494316964145588,-0.1893666240488945,0.250439085487265,0.9494316964145588,-0.1893666240488945,0.250439085487265,7.7506631000728525,3.237677481662484,2.8902866541219865,/Users/kvothearcane/Personal/Coding Projects/GrowthNet/rivanna_pull/analysis/synthetic_lollipop_v1/masks/508_1_260_synthetic_lollipop.nii.gz,False,,1.0,22,22.0,1,22,1.0,1.0,0.0,3.476492948582991,4.0,36.0,0.6111111111111112,3.157062666364996,2.5982645345774804,2.0,False,0.9646301510729668,1.1942222869267265,1.1942222869267265,1.151982825052832,0.8680684974223799,38.02724838256836,0.998476107187406,113.61596003221808,1.7285112901167436,1.0015262186061582,False,False,False,False,False,1.0,1.0,1.0,40.90909090909091,41.18181818181818,41.0,40.90909090909091,41.18181818181818,41.0,40.0,40.0,40.0,42.0,43.0,42.0,3.0,4.0,3.0,3.0,4.0,3.0,-0.3701670677506124,0.9289651995381276,0.0,-0.3701670677506124,0.9289651995381276,0.0,3.483268651094195,3.0237157840738176,2.916767413592841
521_1_93,/sfs/ceph/standard/gam_ai_group/people_scratch/ethan hirai/GrowthNet/analysis/synthetic_lollipop_v1/masks/521_1_93_synthetic_lollipop.nii.gz,False,,1.0,51,51.0,1,51,1.0,1.0,0.0,4.601052455660459,8.0,224.0,0.2276785714285714,7.847447570049047,3.645611206696098,3.0808172255199757,True,0.940483344231997,2.8262292353977907,2.8262292353977907,2.658021522873154,0.3762196774535756,84.54421997070312,0.7866477780854372,232.33327401740848,1.6577298033471202,1.2712169637519664,False,False,False,False,False,1.0,1.0,1.0,47.90196078431372,48.35294117647059,47.72549019607843,47.90196078431372,48.35294117647059,47.72549019607843,46.0,46.0,44.0,49.0,52.0,51.0,4.0,7.0,8.0,4.0,7.0,8.0,0.0094554968072049,-0.6818376359161874,0.7314424323406141,0.0094554968072049,-0.6818376359161874,0.7314424323406141,8.76784265575059,3.298634935910189,3.102311215925314,/Users/kvothearcane/Personal/Coding Projects/GrowthNet/rivanna_pull/analysis/synthetic_lollipop_v1/masks/521_1_93_synthetic_lollipop.nii.gz,False,,1.0,51,51.0,1,51,1.0,1.0,0.0,4.601052455660459,5.0,125.0,0.408,4.348461934861332,4.317401754834972,4.118418387276805,False,0.9811973921348408,1.100232815801458,1.100232815801458,1.0795455696055631,0.9263156907451094,69.58492279052734,0.9557605314893536,129.5403591758325,1.3644102507946538,1.046287189157841,False,False,False,False,False,1.0,1.0,1.0,48.666666666666664,48.90196078431372,48.588235294117645,48.666666666666664,48.90196078431372,48.588235294117645,47.0,47.0,47.0,51.0,51.0,51.0,5.0,5.0,5.0,5.0,5.0,5.0,-0.6375678435691485,-0.2296542724231911,-0.7353680439102317,-0.6375678435691485,-0.2296542724231911,-0.7353680439102317,4.397351490197438,4.073335683091276,3.99674634953895
521_2_457,/sfs/ceph/standard/gam_ai_group/people_scratch/ethan hirai/GrowthNet/analysis/synthetic_lollipop_v1/masks/521_2_457_synthetic_lollipop.nii.gz,False,,1.0,65,65.0,1,65,1.0,1.0,0.0,4.988518396225169,9.0,315.0,0.2063492063492063,8.723797178850907,4.450672060298305,4.131305881548899,True,0.9336243337341794,2.7382692864239897,2.7382692864239897,2.5565148381223644,0.3911575184654321,105.498046875,0.7410518733025862,277.91151713579893,1.623046875,1.3494331989788793,False,False,False,False,False,1.0,1.0,1.0,47.86153846153846,47.92307692307692,48.01538461538462,47.86153846153846,47.92307692307692,48.01538461538462,43.0,45.0,46.0,51.0,51.0,50.0,9.0,7.0,5.0,9.0,7.0,5.0,-0.8769704808786883,-0.4539993788778976,0.1575034591553007,-0.8769704808786883,-0.4539993788778976,0.1575034591553007,9.752105443944211,3.814609365266449,3.5614121271030497,/Users/kvothearcane/Personal/Coding Projects/GrowthNet/rivanna_pull/analysis/synthetic_lollipop_v1/masks/521_2_457_synthetic_lollipop.nii.gz,False,,1.0,70,70.0,1,70,1.0,1.0,0.0,5.113282717745438,5.0,125.0,0.56,4.949747468305834,4.242640687119286,4.0,False,0.9883036912035246,1.1269729487484976,1.1269729487484976,1.1137915251346608,0.8978340896238162,87.05036926269531,0.9435803035783744,134.62191778554234,1.2435767037527905,1.0597932112483306,False,False,False,False,False,1.0,1.0,1.0,49.77142857142857,49.77142857142857,50.0,49.77142857142857,49.77142857142857,50.0,48.0,48.0,48.0,52.0,52.0,52.0,5.0,5.0,5.0,5.0,5.0,5.0,-0.7071067811865472,-0.7071067811865478,-1.5180451948600038e-17,-0.7071067811865472,-0.7071067811865478,-1.5180451948600038e-17,4.973803007368472,4.4656498950888714,4.413418274938964
525_0_0,/sfs/ceph/standard/gam_ai_group/people_scratch/ethan hirai/GrowthNet/analysis/synthetic_lollipop_v1/masks/525_0_0_synthetic_lollipop.nii.gz,False,,1.0,2614,2614.0,1,2614,1.0,1.0,0.0,17.091059534116685,30.0,19140.0,0.1365726227795193,35.45289791575431,21.08809468607222,18.65665932065081,True,0.9111037860790134,2.697354358133782,2.697354358133782,2.457569768092416,0.4069060471785538,1520.1976318359375,0.6036536000356628,514.1489917299837,0.5815599203656991,1.6565792036043878,False,False,False,False,False,1.0,1.0,1.0,48.75478194338179,47.874904361132366,48.171002295332826,48.75478194338179,47.874904361132366,48.171002295332826,32.0,36.0,30.0,60.0,57.0,59.0,29.0,22.0,30.0,29.0,22.0,30.0,0.6624029407335568,-0.3085036707539598,0.6826769581865705,0.6624029407335568,-0.3085036707539598,0.6826769581865705,36.72303475054951,14.942824910746769,13.614464350897176,/Users/kvothearcane/Personal/Coding Projects/GrowthNet/rivanna_pull/analysis/synthetic_lollipop_v1/masks/525_0_0_synthetic_lollipop.nii.gz,False,,1.0,2587,2587.0,1,2587,1.0,1.0,0.0,17.03201125697,21.0,5985.0,0.4322472848788638,22.737373685936397,14.49028663716016,14.14980303768136,False,0.9980836168346636,1.5485645593870323,1.5485645593870323,1.5455969163349867,0.6469992204508668,1092.9749755859375,0.8338184969553382,195.09125313159385,0.4224874277487195,1.1993017708907494,False,False,False,False,False,1.0,1.0,1.0,95.30614611519134,97.08658678005412,98.30034789331272,95.30614611519134,97.08658678005412,98.30034789331272,86.0,90.0,89.0,106.0,104.0,107.0,21.0,15.0,19.0,21.0,15.0,19.0,-0.8028446906147332,0.0478575164858634,0.5942643021985577,-0.8028446906147332,0.0478575164858634,0.5942643021985577,20.53364496437392,13.285252284964791,13.25979265113864
525_1_371,/sfs/ceph/standard/gam_ai_group/people_scratch/ethan hirai/GrowthNet/analysis/synthetic_lollipop_v1/masks/525_1_371_synthetic_lollipop.nii.gz,False,,1.0,3472,3472.0,1,3472,1.0,1.0,0.0,18.787126720642423,40.0,20240.0,0.1715415019762846,39.35640045195899,23.52100213626816,20.451739709703475,True,0.8817019268718993,2.750302480833358,2.750302480833358,2.4249469968313364,0.4123801474039201,1875.7388916015625,0.5911507146990274,547.4667106265139,0.5402473766133532,1.691615987488284,False,False,False,False,False,1.0,1.0,1.0,48.04579493087557,47.257200460829495,47.65120967741935,48.04579493087557,47.257200460829495,47.65120967741935,39.0,35.0,38.0,60.0,74.0,60.0,22.0,40.0,23.0,22.0,40.0,23.0,0.2479281847772854,-0.9581064925764968,0.1434000142113081,0.2479281847772854,-0.9581064925764968,0.1434000142113081,40.64344613521999,16.760550308245307,14.777809502213293,/Users/kvothearcane/Personal/Coding Projects/GrowthNet/rivanna_pull/analysis/synthetic_lollipop_v1/masks/525_1_371_synthetic_lollipop.nii.gz,False,,1.0,3472,3472.0,1,3472,1.0,1.0,0.0,18.787126720642423,23.0,8211.0,0.422847399829497,25.282961592706243,15.90579604966659,15.822645636824449,False,0.9985571093578496,1.5466997454224982,1.5466997454224982,1.5444680268336115,0.6474721280246559,1323.10498046875,0.8380622873675401,192.14251883897415,0.381078623406898,1.193228731412228,False,False,False,False,False,1.0,1.0,1.0,103.62039170506912,107.04176267281106,104.4432603686636,103.62039170506912,107.04176267281106,104.4432603686636,94.0,95.0,96.0,114.0,117.0,112.0,21.0,23.0,17.0,21.0,23.0,17.0,-0.5543082758235741,0.8109172250616826,-0.1874982385297441,-0.5543082758235741,0.8109172250616826,-0.1874982385297441,22.63863982803919,14.657888305044263,14.636738575175231
525_3_465,/sfs/ceph/standard/gam_ai_group/people_scratch/ethan hirai/GrowthNet/analysis/synthetic_lollipop_v1/masks/525_3_465_synthetic_lollipop.nii.gz,False,,1.0,3104,3104.0,1,3104,1.0,1.0,0.0,18.098435321828312,38.0,17480.0,0.1775743707093821,37.48998544051997,22.304892255940626,19.64986694104528,True,0.894342986310745,2.7286978149021763,2.7286978149021763,2.440391752519217,0.4097702751895059,1720.3408203125,0.5981600975430331,528.4453224488017,0.5542335116986147,1.6717932274445262,False,False,False,False,False,1.0,1.0,1.0,48.73389175257732,48.12532216494845,48.39207474226804,48.73389175257732,48.12532216494845,48.39207474226804,22.0,37.0,39.0,59.0,59.0,58.0,38.0,23.0,20.0,38.0,23.0,20.0,-0.9974586813462633,0.0705925617636034,0.0096368682997015,-0.997458681346263,0.0705925617636033,0.0096368682997015,39.32707909124917,16.115068021620633,14.412398059056986,/Users/kvothearcane/Personal/Coding Projects/GrowthNet/rivanna_pull/analysis/synthetic_lollipop_v1/masks/525_3_465_synthetic_lollipop.nii.gz,False,,1.0,3123,3123.0,1,3123,1.0,1.0,0.0,18.135287880038305,24.0,6936.0,0.4502595155709342,24.769523347994348,15.296427312709682,15.235271538575308,False,0.9965183648539544,1.5775762964354516,1.5775762964354516,1.5720837513562136,0.6360984261413011,1225.0113525390625,0.8434486883392677,188.4848168403625,0.3922546758050152,1.1856085780025083,False,False,False,False,False,1.0,1.0,1.0,102.73294908741596,104.42843419788665,105.55171309638168,102.73294908741596,104.42843419788665,105.55171309638168,92.0,96.0,98.0,115.0,112.0,114.0,24.0,17.0,17.0,24.0,17.0,17.0,-0.9336760353647668,-0.2564915594041234,0.2499222697959749,-0.9336760353647668,-0.2564915594041234,0.2499222697959749,22.115133918042098,14.06740187917068,14.018424318374617
527_0_0,/sfs/ceph/standard/gam_ai_group/people_scratch/ethan hirai/GrowthNet/analysis/synthetic_lollipop_v1/masks/527_0_0_synthetic_lollipop.nii.gz,False,,1.0,197,197.0,1,197,1.0,1.0,0.0,7.219202121944973,15.0,1215.0,0.1621399176954732,15.158010790879857,8.350221303932852,7.478554298695294,True,0.9322371790991903,2.7375548675030337,2.7375548675030337,2.5520504273102858,0.3918417870190529,266.63134765625,0.614068850138694,488.4286953707305,1.3534586175444163,1.6284818872902271,False,False,False,False,False,1.0,1.0,1.0,48.16243654822335,47.91370558375635,47.857868020304565,48.16243654822335,47.91370558375635,47.857868020304565,45.0,44.0,43.0,53.0,58.0,51.0,9.0,15.0,9.0,9.0,15.0,9.0,-0.3055558818632434,0.9267818573376424,0.2184284596122157,-0.3055558818632434,0.9267818573376424,0.2184284596122157,15.933254270358203,6.243314826326115,5.820250201922409,/Users/kvothearcane/Personal/Coding Projects/GrowthNet/rivanna_pull/analysis/synthetic_lollipop_v1/masks/527_0_0_synthetic_lollipop.nii.gz,False,,1.0,200,200.0,1,200,1.0,1.0,0.0,7.255663357195618,8.0,392.0,0.5102040816326531,7.3490693029933345,6.361845180981558,5.949813679713929,False,0.9769743751469208,1.1954986081229666,1.1954986081229666,1.167971505659949,0.85618527091974,180.7131500244141,0.9151965312647594,147.53982949664874,0.9035657501220704,1.09266148399628,False,False,False,False,False,1.0,1.0,1.0,59.85,59.86,60.7,59.85,59.86,60.7,57.0,57.0,57.0,63.0,63.0,64.0,7.0,7.0,8.0,7.0,7.0,8.0,-0.2555254345008727,-0.2245820051803084,0.940356142784388,-0.2555254345008726,-0.2245820051803084,0.9403561427843878,7.275455440047997,6.22913778700199,6.085707997160343
527_1_267,/sfs/ceph/standard/gam_ai_group/people_scratch/ethan hirai/GrowthNet/analysis/synthetic_lollipop_v1/masks/527_1_267_synthetic_lollipop.nii.gz,False,,1.0,496,496.0,1,496,1.0,1.0,0.0,9.821120011967423,20.0,2880.0,0.1722222222222222,20.012839779779863,11.49117809111474,10.373536901055246,True,0.9077111195603904,2.697184265243047,2.697184265243047,2.4482641490644355,0.4084526583384125,494.0607604980469,0.6133262410217484,490.2049977165408,0.9960902429396108,1.6304536364432844,False,False,False,False,False,1.0,1.0,1.0,48.35282258064516,47.91935483870968,48.01411290322581,48.35282258064516,47.91935483870968,48.01411290322581,35.0,42.0,43.0,54.0,53.0,54.0,20.0,12.0,12.0,20.0,12.0,12.0,0.9579445050531364,-0.2769640108556145,0.0750550593182949,0.9579445050531364,-0.2769640108556145,0.0750550593182949,21.19140958140743,8.65568757746397,7.856863861504784,/Users/kvothearcane/Personal/Coding Projects/GrowthNet/rivanna_pull/analysis/synthetic_lollipop_v1/masks/527_1_267_synthetic_lollipop.nii.gz,False,,1.0,490,490.0,1,490,1.0,1.0,0.0,9.781357957106398,12.0,1080.0,0.4537037037037037,12.090300325048004,8.639145612495586,8.552338841919346,False,0.9974004826274548,1.300316088275589,1.300316088275589,1.2969358940143163,0.771048133230987,341.28924560546875,0.8806950886596707,165.56771310377945,0.6965086645009566,1.1354667612849974,False,False,False,False,False,1.0,1.0,1.0,70.8061224489796,69.66122448979591,71.37142857142857,70.8061224489796,69.66122448979591,71.37142857142857,67.0,65.0,67.0,75.0,76.0,76.0,9.0,12.0,10.0,9.0,12.0,10.0,-0.1221566248416306,-0.956519889166457,0.2648536589067439,-0.1221566248416306,-0.956519889166457,0.2648536589067439,10.469430108882422,8.07243454144608,8.051450107616857
527_2_591,/sfs/ceph/standard/gam_ai_group/people_scratch/ethan hirai/GrowthNet/analysis/synthetic_lollipop_v1/masks/527_2_591_synthetic_lollipop.nii.gz,False,,1.0,2436,2436.0,1,2436,1.0,1.0,0.0,16.693967123552156,31.0,18259.0,0.1334136590174708,34.74714359785412,20.27082132899444,18.240616222523023,True,0.91052965220197,2.6992244530562695,2.6992244530562695,2.4577239024563777,0.4068805283622573,1456.646240234375,0.6010559327650855,520.8440517771669,0.5979664368778222,1.663738673037666,False,False,False,False,False,1.0,1.0,1.0,48.29967159277504,47.5935960591133,47.38669950738916,48.29967159277504,47.5935960591133,47.38669950738916,30.0,36.0,37.0,60.0,66.0,55.0,31.0,31.0,19.0,31.0,31.0,19.0,-0.6984432086645658,0.700646105770394,0.1458496442886567,-0.6984432086645658,0.700646105770394,0.1458496442886567,35.96551330437643,14.633667056104478,13.324387775034236,/Users/kvothearcane/Personal/Coding Projects/GrowthNet/rivanna_pull/analysis/synthetic_lollipop_v1/masks/527_2_591_synthetic_lollipop.nii.gz,False,,1.0,2360,2360.0,1,2360,1.0,1.0,0.0,16.518519748328355,20.0,6080.0,0.3881578947368421,22.1232228968254,14.162211638581446,14.0841384620731,False,0.9973971814436252,1.5239813202795092,1.5239813202795092,1.5200146734195172,0.6578883858734991,1030.96875,0.8314700781390135,196.74898402519523,0.4368511652542373,1.202689100055396,False,False,False,False,False,1.0,1.0,1.0,91.74957627118644,91.63220338983052,93.70042372881356,91.74957627118644,91.63220338983052,93.70042372881356,83.0,83.0,86.0,101.0,102.0,101.0,19.0,20.0,16.0,19.0,20.0,16.0,-0.6262990576417782,-0.7049575208889619,0.3328428820616558,-0.6262990576417782,-0.7049575208889619,0.3328428820616558,19.68557745644676,12.9509127778095,12.917203901709426
527_3_625,/sfs/ceph/standard/gam_ai_group/people_scratch/ethan hirai/GrowthNet/analysis/synthetic_lollipop_v1/masks/527_3_625_synthetic_lollipop.nii.gz,False,,1.0,2848,2848.0,1,2848,1.0,1.0,0.0,17.58654202669387,32.0,25088.0,0.1135204081632653,36.92077163626301,21.5309190173382,18.52237639561944,True,0.8868450311111507,2.7342193330484923,2.7342193330484923,2.4248288294820997,0.4124002436137243,1630.514892578125,0.5959173243055229,534.4343200158969,0.5725122516074878,1.678085128948704,False,False,False,False,False,1.0,1.0,1.0,48.50386235955056,48.14501404494382,47.50526685393258,48.50386235955056,48.14501404494382,47.50526685393258,30.0,34.0,35.0,61.0,61.0,62.0,32.0,28.0,28.0,32.0,28.0,28.0,-0.6960522234524003,-0.4914570872312242,0.5234321671784903,-0.6960522234524003,-0.4914570872312242,0.5234321671784903,38.1152426270716,15.71873534480054,13.940082335887578,/Users/kvothearcane/Personal/Coding Projects/GrowthNet/rivanna_pull/analysis/synthetic_lollipop_v1/masks/527_3_625_synthetic_lollipop.nii.gz,False,,1.0,2842,2842.0,1,2842,1.0,1.0,0.0,17.57418324396812,22.0,6358.0,0.4469959106637307,23.318407543524444,14.407962645090713,14.116137929523658,False,0.9964532059628805,1.5491167627340676,1.5491167627340676,1.5436223646372005,0.647826840883477,1151.323974609375,0.842757498259954,188.94895645427485,0.4051104766394704,1.186580958418887,False,False,False,False,False,1.0,1.0,1.0,95.9342012667136,99.01724137931036,96.95601688951444,95.9342012667136,99.01724137931036,96.95601688951444,86.0,91.0,89.0,107.0,107.0,105.0,22.0,17.0,17.0,22.0,17.0,17.0,-0.8173956559156621,0.4167298353764382,-0.3977443726783969,-0.8173956559156621,0.4167298353764382,-0.3977443726783969,21.14668765929031,13.69939186146765,13.650802940101231
528_0_0,/sfs/ceph/standard/gam_ai_group/people_scratch/ethan hirai/GrowthNet/analysis/synthetic_lollipop_v1/masks/528_0_0_synthetic_lollipop.nii.gz,False,,1.0,46,46.0,1,46,1.0,1.0,0.0,4.445491011401585,7.0,140.0,0.3285714285714285,6.91113150812491,3.6992169879307424,2.9458110360787364,True,0.8791038225442407,2.914667360921272,2.914667360921272,2.5622952184308243,0.3902750911787636,75.51625061035156,0.8221459591016234,203.51929699617688,1.6416576219641643,1.216329033706766,False,False,False,False,False,1.0,1.0,1.0,47.54347826086956,47.91304347826087,47.84782608695652,47.54347826086956,47.91304347826087,47.84782608695652,44.0,47.0,46.0,50.0,50.0,50.0,7.0,4.0,5.0,7.0,4.0,5.0,0.8955554190173377,0.1311048350661167,0.4251964412962167,0.8955554190173376,0.1311048350661166,0.4251964412962166,8.179866384953753,3.1923980992179293,2.8064493721054498,/Users/kvothearcane/Personal/Coding Projects/GrowthNet/rivanna_pull/analysis/synthetic_lollipop_v1/masks/528_0_0_synthetic_lollipop.nii.gz,False,,1.0,43,43.0,1,43,1.0,1.0,0.0,4.34666941315382,5.0,125.0,0.344,4.0940255696909045,3.655729682242523,3.543998534347792,False,0.9334994407901958,1.2268231231143505,1.2268231231143505,1.1452386993757275,0.8731804125594975,62.4619140625,0.95027172329181,131.7980407467122,1.452602652616279,1.052330586598881,False,False,False,False,False,1.0,1.0,1.0,45.65116279069768,45.81395348837209,45.906976744186046,45.65116279069768,45.81395348837209,45.906976744186046,44.0,44.0,44.0,48.0,48.0,48.0,5.0,5.0,5.0,5.0,5.0,5.0,-0.8554971134783169,-0.4814622692325988,-0.1905748465450372,-0.8554971134783168,-0.4814622692325987,-0.1905748465450372,4.410231710653416,3.850927944591328,3.5948390827993424
528_1_488,/sfs/ceph/standard/gam_ai_group/people_scratch/ethan hirai/GrowthNet/analysis/synthetic_lollipop_v1/masks/528_1_488_synthetic_lollipop.nii.gz,False,,1.0,44,44.0,1,44,1.0,1.0,0.0,4.380106645730805,7.0,112.0,0.3928571428571428,6.4617268955555875,3.3513276572833526,3.123676085022086,True,0.930529959333804,2.634848391766039,2.634848391766039,2.451805366840791,0.407862717622045,74.66012573242188,0.8072917702186198,214.9615564259832,1.6968210393732244,1.238709518529086,False,False,False,False,False,1.0,1.0,1.0,47.90909090909091,47.81818181818182,47.72727272727273,47.90909090909091,47.81818181818182,47.72727272727273,47.0,46.0,44.0,50.0,49.0,50.0,4.0,4.0,7.0,4.0,4.0,7.0,0.1699378598258386,0.045486740989696,0.984404429181396,0.1699378598258386,0.045486740989696,0.984404429181396,7.7387797811328625,3.156359752611384,2.9370873122403265,/Users/kvothearcane/Personal/Coding Projects/GrowthNet/rivanna_pull/analysis/synthetic_lollipop_v1/masks/528_1_488_synthetic_lollipop.nii.gz,False,,1.0,25,25.0,1,25,1.0,1.0,0.0,3.6278316785978095,4.0,36.0,0.6944444444444444,3.2878882861099767,2.82842712474619,2.694659621552141,False,0.8813429656304876,1.3985161163439348,1.3985161163439348,1.2325723414605958,0.8113114065296987,41.78254318237305,0.9895762408141584,116.70906633447208,1.6713017272949218,1.010533558462626,False,False,False,False,False,1.0,1.0,1.0,40.92,40.64,40.92,40.92,40.64,40.92,40.0,39.0,40.0,42.0,42.0,42.0,3.0,4.0,3.0,3.0,4.0,3.0,0.2148850745131671,0.9527060456945476,0.2148850745131671,0.2148850745131671,0.9527060456945476,0.2148850745131671,3.8977359799422735,3.1622776601683795,2.787051171159839
528_2_838,/sfs/ceph/standard/gam_ai_group/people_scratch/ethan hirai/GrowthNet/analysis/synthetic_lollipop_v1/masks/528_2_838_synthetic_lollipop.nii.gz,False,,1.0,41,41.0,1,41,1.0,1.0,0.0,4.278206515598402,6.0,180.0,0.2277777777777777,6.980192964506201,2.8965127449742116,2.864019656113141,True,0.9358030346548546,2.8396846971836,2.8396846971836,2.6573855570873643,0.3763097143856133,72.20965576171875,0.7963025155326677,223.9845746686978,1.7612111161394817,1.2558041454020443,False,False,False,False,False,1.0,1.0,1.0,47.829268292682926,48.21951219512195,48.1219512195122,47.829268292682926,48.21951219512195,48.1219512195122,45.0,46.0,46.0,50.0,51.0,50.0,6.0,6.0,5.0,6.0,6.0,5.0,-0.6087247966352073,0.5710905150494068,0.5507356403775125,-0.6087247966352073,0.5710905150494068,0.5507356403775125,7.974682456725308,3.0009504776062617,2.808298563792875,/Users/kvothearcane/Personal/Coding Projects/GrowthNet/rivanna_pull/analysis/synthetic_lollipop_v1/masks/528_2_838_synthetic_lollipop.nii.gz,False,,1.0,41,41.0,1,41,1.0,1.0,0.0,4.278206515598402,4.0,64.0,0.640625,4.029375014885953,3.4730574319926,3.141292169197274,False,0.9243205980586182,1.2058516734412896,1.2058516734412896,1.1145935399652385,0.8971880458155066,58.801658630371094,0.977875996496219,120.9486474302566,1.4341867958627097,1.022624549107507,False,False,False,False,False,1.0,1.0,1.0,45.73170731707317,45.5609756097561,46.19512195121951,45.73170731707317,45.5609756097561,46.19512195121951,44.0,44.0,45.0,47.0,47.0,48.0,4.0,4.0,4.0,4.0,4.0,4.0,0.4971353361949761,0.8170962687639552,-0.2919077681020677,0.4971353361949761,0.8170962687639552,-0.2919077681020677,4.25048815818375,3.8134871644028303,3.5248847364896885
528_3_1394,/sfs/ceph/standard/gam_ai_group/people_scratch/ethan hirai/GrowthNet/analysis/synthetic_lollipop_v1/masks/528_3_1394_synthetic_lollipop.nii.gz,False,,1.0,81,81.0,1,81,1.0,1.0,0.0,5.368201373637897,11.0,330.0,0.2454545454545454,10.21597856497079,5.438219239238497,4.6382587754244256,True,0.8665650881936937,2.8316424364784747,2.8316424364784747,2.4538024776999747,0.4075307646348662,132.01885986328125,0.6857589629816697,350.70171980416785,1.6298624674479167,1.4582383227657936,False,False,False,False,False,1.0,1.0,1.0,48.0,48.01234567901235,47.95061728395062,48.0,48.01234567901235,47.95061728395062,41.0,46.0,46.0,51.0,50.0,51.0,11.0,5.0,6.0,11.0,5.0,6.0,0.9895008377690158,0.0491283192900806,0.1359209339952752,0.9895008377690158,0.0491283192900806,0.1359209339952752,10.885717425977033,4.436264746207508,3.844312151047883,/Users/kvothearcane/Personal/Coding Projects/GrowthNet/rivanna_pull/analysis/synthetic_lollipop_v1/masks/528_3_1394_synthetic_lollipop.nii.gz,False,,1.0,87,87.0,1,87,1.0,1.0,0.0,5.497605134632529,5.0,125.0,0.696,5.3747155439955066,4.664959364206428,4.663972081524289,False,0.9702378414802144,1.1411519547654716,1.1411519547654716,1.1071888093925784,0.9031883193875632,96.89317321777344,0.9799496912957912,120.18244419074584,1.113714634687051,1.0204605490284877,False,False,False,False,False,1.0,1.0,1.0,52.89655172413793,53.12643678160919,53.06896551724138,52.89655172413793,53.12643678160919,53.06896551724138,51.0,51.0,51.0,55.0,55.0,55.0,5.0,5.0,5.0,5.0,5.0,5.0,-0.5886711457186843,0.7001546047149283,0.4040418439898697,-0.5886711457186843,0.7001546047149283,0.4040418439898697,5.307963189629552,4.794090352612565,4.651407875579935
528_4_1772,/sfs/ceph/standard/gam_ai_group/people_scratch/ethan hirai/GrowthNet/analysis/synthetic_lollipop_v1/masks/528_4_1772_synthetic_lollipop.nii.gz,False,,1.0,48,48.0,1,48,1.0,1.0,0.0,4.509006607147306,8.0,96.0,0.5,7.590708607787816,3.221955239652158,2.5828780018492883,True,0.841240128495616,3.0674952300748464,3.0674952300748464,2.580500081507853,0.387521785860853,79.38877868652344,0.8045489923430834,217.1675279482369,1.6539328893025715,1.242932387607255,False,False,False,False,False,1.0,1.0,1.0,47.541666666666664,47.979166666666664,47.854166666666664,47.541666666666664,47.979166666666664,47.854166666666664,43.0,47.0,47.0,50.0,50.0,49.0,8.0,4.0,3.0,8.0,4.0,3.0,0.975401005168978,0.1417604481068644,0.1688101136421881,0.975401005168978,0.1417604481068644,0.1688101136421881,8.471478598346431,3.282882515313205,2.7616925090180917,/Users/kvothearcane/Personal/Coding Projects/GrowthNet/rivanna_pull/analysis/synthetic_lollipop_v1/masks/528_4_1772_synthetic_lollipop.nii.gz,False,,1.0,49,49.0,1,49,1.0,1.0,0.0,4.540104187127455,5.0,125.0,0.392,4.024997734364906,4.013866024770168,3.582030292815909,False,0.9282647362098868,1.1139180091003071,1.1139180091003071,1.034010806876939,0.9671078806423088,68.21514129638672,0.9492939829617026,132.20570275720556,1.392145740742586,1.0534144511061785,False,False,False,False,False,1.0,1.0,1.0,46.53061224489796,47.142857142857146,47.06122448979592,46.53061224489796,47.142857142857146,47.06122448979592,45.0,45.0,45.0,49.0,49.0,49.0,5.0,5.0,5.0,5.0,5.0,5.0,-0.7440844413024116,0.6028362835938054,0.2879700668376612,-0.7440844413024116,0.6028362835938054,0.2879700668376612,4.31362167943173,4.1717375202879365,3.872476828806969
532_0_0,/sfs/ceph/standard/gam_ai_group/people_scratch/ethan hirai/GrowthNet/analysis/synthetic_lollipop_v1/masks/532_0_0_synthetic_lollipop.nii.gz,False,,1.0,1020,1020.0,1,1020,1.0,1.0,0.0,12.489177840522004,24.0,7392.0,0.137987012987013,25.901871517807564,15.122628688376942,13.125412301473547,True,0.891933479986936,2.7717458371476775,2.7717458371476775,2.472212910166431,0.4044959056267849,804.138916015625,0.6093776086278839,499.79613913312573,0.7883714862898284,1.641018616111721,False,False,False,False,False,1.0,1.0,1.0,48.707843137254905,48.1764705882353,48.3,48.707843137254905,48.1764705882353,48.3,35.0,40.0,43.0,58.0,61.0,56.0,24.0,22.0,14.0,24.0,22.0,14.0,0.7587471236165446,-0.622378687252744,0.1922175123581904,0.7587471236165446,-0.622378687252744,0.1922175123581904,27.33491446901162,11.05686098337356,9.861984494632155,/Users/kvothearcane/Personal/Coding Projects/GrowthNet/rivanna_pull/analysis/synthetic_lollipop_v1/masks/532_0_0_synthetic_lollipop.nii.gz,False,,1.0,1019,1019.0,1,1019,1.0,1.0,0.0,12.485095075327347,17.0,2244.0,0.4540998217468805,16.600879971500696,10.452406694368763,10.287011070925692,False,0.9921492165550836,1.5677266142566808,1.5677266142566808,1.5554187321073198,0.6429136922153273,580.0045166015625,0.8443105286015707,187.90821129625672,0.5691899083430446,1.1843983535966291,False,False,False,False,False,1.0,1.0,1.0,72.70166830225712,74.21589793915604,73.63101079489695,72.70166830225712,74.21589793915604,73.63101079489695,65.0,69.0,68.0,81.0,79.0,79.0,17.0,11.0,12.0,17.0,11.0,12.0,-0.9519993779890762,0.1350552745267835,-0.2746948436554774,-0.9519993779890762,0.1350552745267835,-0.2746948436554774,15.141975827742272,9.73498358684902,9.658556338868854
532_1_355,/sfs/ceph/standard/gam_ai_group/people_scratch/ethan hirai/GrowthNet/analysis/synthetic_lollipop_v1/masks/532_1_355_synthetic_lollipop.nii.gz,False,,1.0,1546,1546.0,1,1546,1.0,1.0,0.0,14.3462024685031,30.0,8160.0,0.1894607843137254,29.554941578061637,17.31910022943801,15.667212396034255,True,0.8999226503373022,2.765476981130026,2.765476981130026,2.4887153743053343,0.4018137270032842,1075.1949462890625,0.6013628144558694,520.047082227968,0.6954689173926666,1.6628896499109762,False,False,False,False,False,1.0,1.0,1.0,48.39844760672704,47.93014230271669,47.89327296248383,48.39844760672704,47.93014230271669,47.89327296248383,28.0,40.0,39.0,57.0,55.0,55.0,30.0,16.0,17.0,30.0,16.0,17.0,-0.9833356301019732,0.0601144473697821,0.1715729925990128,-0.9833356301019732,0.0601144473697821,0.1715729925990128,31.527266231873487,12.668088346853876,11.400299639807832,/Users/kvothearcane/Personal/Coding Projects/GrowthNet/rivanna_pull/analysis/synthetic_lollipop_v1/masks/532_1_355_synthetic_lollipop.nii.gz,False,,1.0,1606,1606.0,1,1606,1.0,1.0,0.0,14.529443245955855,19.0,3705.0,0.433468286099865,19.28383674707113,12.18752951618163,12.145450203025051,False,0.9938510456412946,1.535494639631945,1.535494639631945,1.5260529531748113,0.6552852559405576,778.290771484375,0.8521301614363251,182.78247796680583,0.4846144280724626,1.173529638141701,False,False,False,False,False,1.0,1.0,1.0,82.47260273972603,84.32876712328768,84.86799501867995,82.47260273972603,84.32876712328768,84.86799501867995,74.0,78.0,78.0,92.0,90.0,92.0,19.0,13.0,15.0,19.0,13.0,15.0,-0.8394921781298729,0.1964245065251426,0.5066263870892594,-0.8394921781298729,0.1964245065251426,0.5066263870892594,17.388526546746114,11.394445068613708,11.324381145944026
532_2_624,/sfs/ceph/standard/gam_ai_group/people_scratch/ethan hirai/GrowthNet/analysis/synthetic_lollipop_v1/masks/532_2_624_synthetic_lollipop.nii.gz,False,,1.0,3710,3710.0,1,3710,1.0,1.0,0.0,19.206951029971993,38.0,26752.0,0.1386812200956937,40.08674911403731,23.46362415465977,20.808397181601546,True,0.9061918258412316,2.7033386082639987,2.7033386082639987,2.449743349289847,0.4082060270884657,1950.7340087890625,0.5941124801688457,539.3197780788262,0.5258043150374831,1.6831829550454855,False,False,False,False,False,1.0,1.0,1.0,48.328840970350406,47.87250673854447,48.70646900269542,48.328840970350406,47.87250673854447,48.70646900269542,31.0,39.0,25.0,62.0,60.0,62.0,32.0,22.0,38.0,32.0,22.0,38.0,0.5662081983695787,0.1753136653697641,0.8054026290208484,0.5662081983695787,0.1753136653697641,0.8054026290208484,41.480680230837734,16.932663677957333,15.344241414683658,/Users/kvothearcane/Personal/Coding Projects/GrowthNet/rivanna_pull/analysis/synthetic_lollipop_v1/masks/532_2_624_synthetic_lollipop.nii.gz,False,,1.0,3645,3645.0,1,3645,1.0,1.0,0.0,19.09411952304699,22.0,8778.0,0.4152426520847573,25.870381954097308,16.001262761797456,15.938320506389426,False,0.9991289844784288,1.579828504492133,1.579828504492133,1.5784524493433,0.6335319131191063,1360.3544921875,0.8419708406567822,189.47905931281687,0.373211108967764,1.1876895869932345,False,False,False,False,False,1.0,1.0,1.0,103.62798353909464,106.64581618655691,103.0477366255144,103.62798353909464,106.64581618655691,103.0477366255144,94.0,96.0,93.0,112.0,116.0,114.0,19.0,21.0,22.0,19.0,21.0,22.0,-0.4627076750830171,0.5674246975850294,-0.681124672868196,-0.4627076750830171,0.5674246975850294,-0.681124672868196,23.33128178161075,14.781111582624808,14.768237005010269
534_0_0,/sfs/ceph/standard/gam_ai_group/people_scratch/ethan hirai/GrowthNet/analysis/synthetic_lollipop_v1/masks/534_0_0_synthetic_lollipop.nii.gz,False,,1.0,852,852.0,1,852,1.0,1.0,0.0,11.76197695471511,23.0,6900.0,0.1234782608695652,24.42860290541173,14.187769867983706,12.031619386459877,True,0.8729249196935098,2.764231286946302,2.764231286946302,2.4129663741718876,0.4144276566403427,721.7169189453125,0.6022039981812133,517.8708543773528,0.847085585616564,1.6605668561155638,False,False,False,False,False,1.0,1.0,1.0,48.12206572769953,48.58802816901409,48.075117370892016,48.12206572769953,48.58802816901409,48.075117370892016,34.0,38.0,42.0,56.0,57.0,56.0,23.0,20.0,15.0,23.0,20.0,15.0,0.7544149713738412,0.5787861761365116,0.3096201112335592,0.7544149713738412,0.5787861761365116,0.3096201112335592,25.428420649823188,10.538240781971126,9.199092988313016,/Users/kvothearcane/Personal/Coding Projects/GrowthNet/rivanna_pull/analysis/synthetic_lollipop_v1/masks/534_0_0_synthetic_lollipop.nii.gz,False,,1.0,888,888.0,1,888,1.0,1.0,0.0,11.925358614181349,17.0,2057.0,0.4316966456003889,16.244865100346203,10.0086947688172,9.92579309287404,False,0.9693746477080752,1.6250560607431068,1.6250560607431068,1.5752881463887216,0.6348044973819271,534.689208984375,0.835586373495586,193.8555889376908,0.6021274875950169,1.196764370171102,False,False,False,False,False,1.0,1.0,1.0,72.3108108108108,73.74436936936937,74.009009009009,72.3108108108108,73.74436936936937,74.009009009009,65.0,69.0,69.0,81.0,79.0,79.0,17.0,11.0,11.0,17.0,11.0,11.0,-0.9927052811319524,-0.1205268674116538,0.003082052021817,-0.9927052811319524,-0.1205268674116538,0.003082052021817,14.741222866934764,9.357794572839492,9.071208817370822
534_1_146,/sfs/ceph/standard/gam_ai_group/people_scratch/ethan hirai/GrowthNet/analysis/synthetic_lollipop_v1/masks/534_1_146_synthetic_lollipop.nii.gz,False,,1.0,1121,1121.0,1,1121,1.0,1.0,0.0,12.888498641325969,24.0,8448.0,0.1326941287878787,26.91780722683398,15.419390442810426,13.596706468395055,True,0.8923668113939839,2.7558177011881213,2.7558177011881213,2.4592002547923424,0.4066362623585696,876.09912109375,0.5956639104273133,535.1167049828576,0.7815335602977252,1.6787990383413138,False,False,False,False,False,1.0,1.0,1.0,48.48974130240856,47.9964317573595,47.47546833184656,48.48974130240856,47.9964317573595,47.47546833184656,34.0,35.0,39.0,57.0,56.0,54.0,24.0,22.0,16.0,24.0,22.0,16.0,-0.7380947946486341,-0.6436594037921317,0.2022835782325106,-0.7380947946486341,-0.6436594037921317,0.2022835782325106,28.31233293517165,11.512821243409627,10.273659583130373,/Users/kvothearcane/Personal/Coding Projects/GrowthNet/rivanna_pull/analysis/synthetic_lollipop_v1/masks/534_1_146_synthetic_lollipop.nii.gz,False,,1.0,1111,1111.0,1,1111,1.0,1.0,0.0,12.850059705498902,17.0,2057.0,0.5401069518716578,16.893541011149445,10.755069252440212,10.604785440348618,False,0.9969311300793882,1.5348321027437266,1.5348321027437266,1.530121902670427,0.6535427002611766,596.0889892578125,0.8702600834107732,171.59521824925886,0.5365337437064019,1.149081773440352,False,False,False,False,False,1.0,1.0,1.0,73.4014401440144,75.23042304230422,74.76237623762377,73.4014401440144,75.23042304230422,74.76237623762377,66.0,70.0,70.0,82.0,80.0,80.0,17.0,11.0,11.0,17.0,11.0,11.0,-0.9769043112562784,0.1352422517173443,-0.1654312546023832,-0.9769043112562784,0.1352422517173443,-0.1654312546023832,15.360672641560637,10.038855475993518,10.008047534385872
537_0_0,/sfs/ceph/standard/gam_ai_group/people_scratch/ethan hirai/GrowthNet/analysis/synthetic_lollipop_v1/masks/537_0_0_synthetic_lollipop.nii.gz,False,,1.0,307,307.0,1,307,1.0,1.0,0.0,8.369764743424398,17.0,2040.0,0.1504901960784313,17.357710261307766,9.504738443549314,8.387291158370791,True,0.8602255812211148,2.7277393609036977,2.7277393609036977,2.3464711771530955,0.426171865964819,360.1783447265625,0.6110247147409915,495.7652047952646,1.173219363930171,1.6365950114209242,False,False,False,False,False,1.0,1.0,1.0,48.31596091205212,47.69055374592834,47.872964169381106,48.31596091205212,47.69055374592834,47.872964169381106,37.0,43.0,43.0,53.0,52.0,54.0,17.0,10.0,12.0,17.0,10.0,12.0,-0.8865011839990251,0.1227544748468639,0.4461468252418673,-0.8865011839990251,0.1227544748468639,0.4461468252418673,17.841787137628945,7.603667716590434,6.540869480916233,/Users/kvothearcane/Personal/Coding Projects/GrowthNet/rivanna_pull/analysis/synthetic_lollipop_v1/masks/537_0_0_synthetic_lollipop.nii.gz,False,,1.0,309,309.0,1,309,1.0,1.0,0.0,8.387900801742607,10.0,560.0,0.5517857142857143,9.4723824458661,7.478398155356362,6.886154667699367,False,0.9817467021363042,1.2450277604829434,1.2450277604829434,1.222301897922278,0.8181284850329068,235.62969970703125,0.9380509213061862,137.01658231967977,0.7625556624823018,1.066040208784778,False,False,False,False,False,1.0,1.0,1.0,64.96440129449839,64.63430420711974,64.45631067961165,64.96440129449839,64.63430420711974,64.45631067961165,62.0,61.0,60.0,68.0,68.0,69.0,7.0,8.0,10.0,7.0,8.0,10.0,0.0522376593763123,0.5412851278074519,0.8392148934315662,0.0522376593763123,0.5412851278074519,0.8392148934315662,8.641376887746986,7.069756581770817,6.94071020905993
537_1_110,/sfs/ceph/standard/gam_ai_group/people_scratch/ethan hirai/GrowthNet/analysis/synthetic_lollipop_v1/masks/537_1_110_synthetic_lollipop.nii.gz,False,,1.0,481,481.0,1,481,1.0,1.0,0.0,9.721101656163937,20.0,2420.0,0.1987603305785124,19.847730119464128,11.34965168537245,10.19817843565528,True,0.8878770704352061,2.777127907584569,2.777127907584569,2.465748190810041,0.4055564163960646,484.7937927246094,0.6123839384796387,492.47138256173815,1.007887302961766,1.6329624883413714,False,False,False,False,False,1.0,1.0,1.0,48.17047817047817,48.23076923076923,47.67775467775468,48.17047817047817,48.23076923076923,47.67775467775468,35.0,44.0,42.0,54.0,54.0,52.0,20.0,11.0,11.0,20.0,11.0,11.0,-0.9394969431384612,-0.1754818426408412,0.2941965613953737,-0.9394969431384612,-0.1754818426408412,0.2941965613953737,21.214182276026857,8.603547740638362,7.6388927633074255,/Users/kvothearcane/Personal/Coding Projects/GrowthNet/rivanna_pull/analysis/synthetic_lollipop_v1/masks/537_1_110_synthetic_lollipop.nii.gz,False,,1.0,469,469.0,1,469,1.0,1.0,0.0,9.639579145930556,12.0,972.0,0.4825102880658436,11.791508972727955,8.361974680599195,8.253982215626758,False,0.9852746737788736,1.3330641163352144,1.3330641163352144,1.3134343123485008,0.761362780459069,325.69610595703125,0.8963001177680826,157.06955488408238,0.6944479871152053,1.1156977224215312,False,False,False,False,False,1.0,1.0,1.0,68.00426439232409,69.23880597014926,69.26012793176972,68.00426439232409,69.23880597014926,69.26012793176972,63.0,65.0,65.0,74.0,73.0,73.0,12.0,9.0,9.0,12.0,9.0,9.0,-0.9474544844717592,0.2196657353060502,0.232544543231626,-0.9474544844717592,0.2196657353060502,0.232544543231626,10.431897381093036,7.942458395532674,7.825503104660732
540_0_0,/sfs/ceph/standard/gam_ai_group/people_scratch/ethan hirai/GrowthNet/analysis/synthetic_lollipop_v1/masks/540_0_0_synthetic_lollipop.nii.gz,False,,1.0,1732,1732.0,1,1732,1.0,1.0,0.0,14.899890900845165,31.0,9486.0,0.1825848619017499,30.91767480973315,18.37783951233621,15.80383233566187,True,0.8815353868032519,2.747669013543193,2.747669013543193,2.4221674666611084,0.4128533694569322,1174.6171875,0.5937719783763878,540.248137888434,0.6781854431293303,1.6841481855280598,False,False,False,False,False,1.0,1.0,1.0,47.62471131639723,48.02136258660508,47.34411085450346,47.62471131639723,48.02136258660508,47.34411085450346,40.0,41.0,38.0,57.0,57.0,68.0,18.0,17.0,31.0,18.0,17.0,31.0,-0.1691161751452002,-0.2541182853838089,0.9522728686347476,-0.1691161751452002,-0.2541182853838089,0.9522728686347476,32.27002892572082,13.322790174456507,11.744510989738082,/Users/kvothearcane/Personal/Coding Projects/GrowthNet/rivanna_pull/analysis/synthetic_lollipop_v1/masks/540_0_0_synthetic_lollipop.nii.gz,False,,1.0,1802,1802.0,1,1802,1.0,1.0,0.0,15.097975679127671,18.0,4590.0,0.3925925925925926,20.3813837875882,12.74300509230805,12.559781978317922,False,0.9969008756980028,1.5404995057626187,1.5404995057626187,1.535725306307095,0.6511581178568093,842.859375,0.8496346073781478,184.3978240856771,0.4677355022197558,1.176976539463074,False,False,False,False,False,1.0,1.0,1.0,83.3046614872364,86.00943396226415,86.3762486126526,83.3046614872364,86.00943396226415,86.3762486126526,75.0,79.0,78.0,92.0,93.0,94.0,18.0,15.0,17.0,18.0,15.0,17.0,-0.7042123140241676,0.4148026593555987,0.576215038478041,-0.7042123140241676,0.4148026593555987,0.576215038478041,18.134514844144633,11.80843655415959,11.771840741466
540_1_294,/sfs/ceph/standard/gam_ai_group/people_scratch/ethan hirai/GrowthNet/analysis/synthetic_lollipop_v1/masks/540_1_294_synthetic_lollipop.nii.gz,False,,1.0,1223,1223.0,1,1223,1.0,1.0,0.0,13.268116563480612,27.0,9072.0,0.1348104056437389,27.787791056308613,16.03779014306933,14.68186023158824,True,0.8998121323527611,2.737908286175119,2.737908286175119,2.4636030931695276,0.4059095406936912,933.1561889648438,0.5926715610423936,543.2629758551506,0.7630058781396923,1.6872751549630545,False,False,False,False,False,1.0,1.0,1.0,48.181520850367946,47.46279640228945,48.21013900245298,48.181520850367946,47.46279640228945,48.21013900245298,31.0,38.0,40.0,57.0,58.0,55.0,27.0,21.0,16.0,27.0,21.0,16.0,-0.8514065281337081,0.5209060092393378,0.0613502517488916,-0.851406528133708,0.5209060092393377,0.0613502517488916,28.8238052271291,11.69985754078839,10.527673762000331,/Users/kvothearcane/Personal/Coding Projects/GrowthNet/rivanna_pull/analysis/synthetic_lollipop_v1/masks/540_1_294_synthetic_lollipop.nii.gz,False,,1.0,1249,1249.0,1,1249,1.0,1.0,0.0,13.36148121258032,16.0,2912.0,0.4289148351648351,17.762835757614226,11.217176481378402,11.174677753109489,False,0.9952290936684176,1.5174529401619854,1.5174529401619854,1.5102133143218883,0.6621581140337232,656.7783813476562,0.8539653205369778,181.60661780693908,0.5258433797819506,1.1710077399527123,False,False,False,False,False,1.0,1.0,1.0,74.6293034427542,77.13290632506005,76.93434747798239,74.6293034427542,77.13290632506005,76.93434747798239,68.0,71.0,71.0,83.0,84.0,83.0,16.0,14.0,13.0,16.0,14.0,13.0,-0.6891097625443154,0.5508589236555146,0.4708313725689967,-0.6891097625443154,0.5508589236555146,0.4708313725689967,15.852818459728208,10.497072373412625,10.44699182436323
540_2_663,/sfs/ceph/standard/gam_ai_group/people_scratch/ethan hirai/GrowthNet/analysis/synthetic_lollipop_v1/masks/540_2_663_synthetic_lollipop.nii.gz,False,,1.0,1909,1909.0,1,1909,1.0,1.0,0.0,15.391080228930988,31.0,12648.0,0.1509329538266919,32.03303103207464,18.99286925342929,16.60545743038913,True,0.9014108775241112,2.733943311351328,2.733943311351328,2.4644062393863746,0.4057772553964135,1259.18701171875,0.5910140990211327,547.8464468759439,0.6596055587840493,1.6920070124490267,False,False,False,False,False,1.0,1.0,1.0,48.293347302252485,48.68203247773703,47.42692509167103,48.293347302252485,48.68203247773703,47.42692509167103,36.0,30.0,40.0,59.0,60.0,56.0,24.0,31.0,17.0,24.0,31.0,17.0,0.4871149003947904,0.8399477850357886,0.2391794143040871,0.4871149003947904,0.8399477850357885,0.2391794143040871,33.38627172806535,13.547389709733237,12.211764446411747,/Users/kvothearcane/Personal/Coding Projects/GrowthNet/rivanna_pull/analysis/synthetic_lollipop_v1/masks/540_2_663_synthetic_lollipop.nii.gz,False,,1.0,1897,1897.0,1,1897,1.0,1.0,0.0,15.358762905014576,18.0,4590.0,0.4132897603485839,20.55623523282926,12.832291717680956,12.830430745180353,False,0.9968824886467296,1.5316686627491118,1.5316686627491118,1.5268936683035432,0.6549244526706638,883.6634521484375,0.8386397665672901,191.74586967507375,0.4658215351335991,1.1924070856944784,False,False,False,False,False,1.0,1.0,1.0,84.33052187664734,87.27886136004217,85.1222983658408,84.33052187664734,87.27886136004217,85.1222983658408,76.0,79.0,78.0,93.0,95.0,92.0,18.0,17.0,15.0,18.0,17.0,15.0,-0.7213969634358999,0.5614787194228622,-0.4053739863147679,-0.7213969634358999,0.5614787194228622,-0.4053739863147679,18.36265245176817,12.02615010655589,11.98865844706257
540_3_1126,/sfs/ceph/standard/gam_ai_group/people_scratch/ethan hirai/GrowthNet/analysis/synthetic_lollipop_v1/masks/540_3_1126_synthetic_lollipop.nii.gz,False,,1.0,8901,8901.0,1,8901,1.0,1.0,0.0,25.712643368160276,53.0,58830.0,0.1513003569607343,54.16797692490604,31.2400526103283,28.417863864702937,True,0.9206159285380546,2.701080641900136,2.701080641900136,2.486657863199058,0.402146195823462,3533.2177734375,0.5878586578067847,556.7158899431893,0.396946160368217,1.7010891763180878,False,False,False,False,False,1.0,1.0,1.0,49.19143916413886,48.227053140096615,47.80092124480395,49.19143916413886,48.227053140096615,47.80092124480395,15.0,32.0,29.0,67.0,61.0,65.0,53.0,30.0,37.0,53.0,30.0,37.0,0.8918515938599223,-0.1680487187829928,0.4199528100214488,0.8918515938599223,-0.1680487187829928,0.4199528100214488,55.683323686130755,22.39283679118396,20.615202235116932,/Users/kvothearcane/Personal/Coding Projects/GrowthNet/rivanna_pull/analysis/synthetic_lollipop_v1/masks/540_3_1126_synthetic_lollipop.nii.gz,False,,1.0,8893,8893.0,1,8893,1.0,1.0,0.0,25.70493776189457,34.0,19550.0,0.4548849104859335,34.811361811305254,22.122618811130337,22.05211362022888,False,0.9964321149279796,1.5447192332225337,1.5447192332225337,1.5392078525298558,0.6496848351938895,2491.668212890625,0.8330916359019697,195.6023421374374,0.2801830892714073,1.2003481452761464,False,False,False,False,False,1.0,1.0,1.0,111.95873158664118,110.94984819520973,114.90217024626112,111.95873158664118,110.94984819520973,114.90217024626112,101.0,99.0,97.0,123.0,123.0,130.0,23.0,25.0,34.0,23.0,25.0,34.0,0.0175314864086902,0.3488995865512151,-0.936996118182297,0.0175314864086902,0.3488995865512151,-0.936996118182297,30.88696176288362,20.06679066255901,19.995194659710705
546_0_0,/sfs/ceph/standard/gam_ai_group/people_scratch/ethan hirai/GrowthNet/analysis/synthetic_lollipop_v1/masks/546_0_0_synthetic_lollipop.nii.gz,False,,1.0,689,689.0,1,689,1.0,1.0,0.0,10.958224659725683,23.0,4784.0,0.1440217391304347,22.58624035392593,13.108589578996948,11.734002317004435,True,0.9194178081163444,2.7079712914649146,2.7079712914649146,2.489757029240658,0.401645617727199,629.65576171875,0.5991383108286665,525.8611677231734,0.9138690300707548,1.6690636901801568,False,False,False,False,False,1.0,1.0,1.0,48.2133526850508,47.62844702467344,47.898403483309146,48.2133526850508,47.62844702467344,47.898403483309146,33.0,40.0,42.0,55.0,55.0,54.0,23.0,16.0,13.0,23.0,16.0,13.0,-0.9128800090816594,0.4033320228164296,0.0630346602265494,-0.9128800090816594,0.4033320228164296,0.0630346602265494,23.813455346040232,9.5645699826794,8.793835969050475,/Users/kvothearcane/Personal/Coding Projects/GrowthNet/rivanna_pull/analysis/synthetic_lollipop_v1/masks/546_0_0_synthetic_lollipop.nii.gz,False,,1.0,694,694.0,1,694,1.0,1.0,0.0,10.984668354585576,14.0,1540.0,0.4506493506493506,14.14749022350993,9.374663041581842,9.076639224271648,False,0.989155636203462,1.4260662987816304,1.4260662987816304,1.41060151703966,0.7089174284305582,425.0745239257813,0.8917819839752421,159.46900716269425,0.612499314014094,1.1213503053093326,False,False,False,False,False,1.0,1.0,1.0,67.3256484149856,69.30691642651297,67.664265129683,67.3256484149856,69.30691642651297,67.664265129683,62.0,62.0,63.0,72.0,75.0,72.0,11.0,14.0,10.0,11.0,14.0,10.0,-0.4556797184871117,0.8600178071487716,-0.2296200460467791,-0.4556797184871117,0.8600178071487715,-0.229620046046779,12.465829225265251,8.83724359762954,8.741409313098218
553_0_0,/sfs/ceph/standard/gam_ai_group/people_scratch/ethan hirai/GrowthNet/analysis/synthetic_lollipop_v1/masks/553_0_0_synthetic_lollipop.nii.gz,False,,1.0,4341,4341.0,1,4341,1.0,1.0,0.0,20.239373011081536,40.0,31200.0,0.1391346153846153,42.49290992484107,24.3829614904404,22.480026422648248,True,0.9230055237920378,2.7013345288777764,2.7013345288777764,2.4933466917643496,0.4010673699341734,2176.297607421875,0.591324260186327,546.9848303690907,0.5013355465150598,1.6911195216054535,False,False,False,False,False,1.0,1.0,1.0,48.51900483759503,48.021884358442755,47.08062658373647,48.51900483759503,48.021884358442755,47.08062658373647,23.0,34.0,34.0,62.0,63.0,59.0,40.0,30.0,26.0,40.0,30.0,26.0,-0.8241846502114544,0.4434291313260604,0.3522644856457124,-0.8241846502114543,0.4434291313260603,0.3522644856457123,43.972505371829754,17.635937078896074,16.278067341069892,/Users/kvothearcane/Personal/Coding Projects/GrowthNet/rivanna_pull/analysis/synthetic_lollipop_v1/masks/553_0_0_synthetic_lollipop.nii.gz,False,,1.0,4415,4415.0,1,4415,1.0,1.0,0.0,20.35373090905877,28.0,9044.0,0.4881689517912428,28.049397560058285,17.11928234311727,16.711160617178887,False,0.9975758438482032,1.6072925843494503,1.6072925843494503,1.6033962561433626,0.6236761475327957,1551.807373046875,0.8386874006262696,191.71320035639332,0.3514852487082389,1.1923393617851823,False,False,False,False,False,1.0,1.0,1.0,111.78799546998869,112.77168742921856,114.61268403171007,111.78799546998869,112.77168742921856,114.61268403171007,104.0,104.0,100.0,120.0,122.0,127.0,17.0,19.0,28.0,17.0,19.0,28.0,-0.0973037964826323,0.263445899851276,0.9597542545056096,-0.0973037964826323,0.263445899851276,0.9597542545056096,25.12757874765961,15.671471510167295,15.633481416098215
556_1_187,/sfs/ceph/standard/gam_ai_group/people_scratch/ethan hirai/GrowthNet/analysis/synthetic_lollipop_v1/masks/556_1_187_synthetic_lollipop.nii.gz,False,,1.0,394,394.0,1,394,1.0,1.0,0.0,9.095624716884206,17.0,2805.0,0.1404634581105169,18.65654197887973,10.593543309097656,9.454547326657051,True,0.9091268894860518,2.629406573939479,2.629406573939479,2.390464219759775,0.4183287880797032,414.87554931640625,0.6264654128427147,460.0034381435534,1.052983627706615,1.596257318440448,False,False,False,False,False,1.0,1.0,1.0,48.38071065989848,47.733502538071065,48.21827411167513,48.38071065989848,47.733502538071065,48.21827411167513,40.0,42.0,38.0,54.0,52.0,54.0,15.0,11.0,17.0,15.0,11.0,17.0,0.6066221929927834,-0.1905518133632535,0.7718157302054696,0.6066221929927834,-0.1905518133632535,0.7718157302054696,19.087343589934616,7.98478531163824,7.259183033583588,/Users/kvothearcane/Personal/Coding Projects/GrowthNet/rivanna_pull/analysis/synthetic_lollipop_v1/masks/556_1_187_synthetic_lollipop.nii.gz,False,,1.0,371,371.0,2,369,0.9946091644204852,0.9946091644204852,0.0053908355795148,8.915076942846548,10.0,810.0,0.4580246913580247,9.528222778172008,7.820803158713467,7.58039786709656,False,0.9810998005451548,1.2391392404519046,1.2391392404519046,1.2157192616550383,0.8225583253806759,269.0445251464844,0.9247213321182968,143.0275648117368,0.7291179543265159,1.0814068684987068,False,True,False,False,False,1.0,1.0,1.0,70.98644986449864,72.30623306233062,71.82384823848238,70.98644986449864,72.30623306233062,71.82384823848238,67.0,68.0,68.0,76.0,76.0,76.0,10.0,9.0,9.0,10.0,9.0,9.0,-0.9373493414029008,0.3130887492259386,-0.1528124578680862,-0.9373493414029008,0.3130887492259386,-0.1528124578680862,9.13804112193235,7.516571802516427,7.374507096232201
558_1_307,/sfs/ceph/standard/gam_ai_group/people_scratch/ethan hirai/GrowthNet/analysis/synthetic_lollipop_v1/masks/558_1_307_synthetic_lollipop.nii.gz,False,,1.0,147,147.0,1,147,1.0,1.0,0.0,6.547963313035439,14.0,686.0,0.2142857142857142,13.36341413618935,6.818763513056393,6.629821819044356,True,0.9513903903961934,2.707475171592048,2.707475171592048,2.5758658604889595,0.3882189734096544,208.2689208984375,0.6467521495604732,418.0601104822298,1.4167953802614797,1.5461873620050444,False,False,False,False,False,1.0,1.0,1.0,48.224489795918366,47.8843537414966,48.054421768707485,48.224489795918366,47.8843537414966,48.054421768707485,39.0,45.0,46.0,52.0,51.0,52.0,14.0,7.0,7.0,14.0,7.0,7.0,0.9755267442179832,0.0268667142890711,0.2182332490221674,0.9755267442179832,0.0268667142890711,0.2182332490221674,14.271510358525882,5.540471100392168,5.271150963180932,/Users/kvothearcane/Personal/Coding Projects/GrowthNet/rivanna_pull/analysis/synthetic_lollipop_v1/masks/558_1_307_synthetic_lollipop.nii.gz,False,,1.0,150,150.0,1,150,1.0,1.0,0.0,6.592207650508867,7.0,343.0,0.4373177842565597,6.649632160637376,5.869786238510982,5.790144013015011,False,0.9865441241308768,1.1652881902927787,1.1652881902927787,1.1496082170524438,0.869861562545165,148.21707153320312,0.9211140404905424,144.71453938314218,0.988113810221354,1.0856419032191136,False,False,False,False,False,1.0,1.0,1.0,57.733333333333334,57.63333333333333,58.1,57.733333333333334,57.63333333333333,58.1,55.0,55.0,55.0,61.0,61.0,61.0,7.0,7.0,7.0,7.0,7.0,7.0,-0.601661594641994,-0.7802746720567778,0.1708062108927565,-0.601661594641994,-0.7802746720567778,0.1708062108927565,6.5289321274861605,5.67926710216644,5.602847589012093
558_2_756,/sfs/ceph/standard/gam_ai_group/people_scratch/ethan hirai/GrowthNet/analysis/synthetic_lollipop_v1/masks/558_2_756_synthetic_lollipop.nii.gz,False,,1.0,231,231.0,1,231,1.0,1.0,0.0,7.612683704002246,16.0,1152.0,0.2005208333333333,15.989368991287416,8.705592614655371,7.871082533158843,True,0.8998432620619142,2.755595359299092,2.755595359299092,2.4796039170343676,0.4032902162842243,299.0252685546875,0.6088601569869309,501.0715068106549,1.2944816820549243,1.642413267684824,False,False,False,False,False,1.0,1.0,1.0,48.37229437229437,48.073593073593074,47.922077922077925,48.37229437229437,48.073593073593074,47.922077922077925,45.0,45.0,44.0,53.0,52.0,59.0,9.0,8.0,16.0,9.0,8.0,16.0,-0.2110720858623937,-0.1926648297800516,0.9582947552478424,-0.2110720858623937,-0.1926648297800516,0.9582947552478424,16.85579831121151,6.797778546571754,6.116935222121626,/Users/kvothearcane/Personal/Coding Projects/GrowthNet/rivanna_pull/analysis/synthetic_lollipop_v1/masks/558_2_756_synthetic_lollipop.nii.gz,False,,1.0,233,233.0,1,233,1.0,1.0,0.0,7.634590828237859,8.0,448.0,0.5200892857142857,7.941213423499349,6.694191117330037,6.467921936213765,False,0.9798644024367577,1.22556279145685,1.22556279145685,1.2008853522995906,0.8327189586292207,194.0637664794922,0.9435761369837024,134.6237011629093,0.8328917016287218,1.0597978910283443,False,False,False,False,False,1.0,1.0,1.0,60.36909871244635,61.02145922746781,60.502145922746784,60.36909871244635,61.02145922746781,60.502145922746784,57.0,58.0,57.0,64.0,64.0,64.0,8.0,7.0,8.0,8.0,7.0,8.0,-0.7615062157677128,0.0191741773982454,-0.6478739339317783,-0.7615062157677128,0.0191741773982454,-0.6478739339317783,7.781542624445212,6.4798380707569105,6.349362659089172
558_3_1211,/sfs/ceph/standard/gam_ai_group/people_scratch/ethan hirai/GrowthNet/analysis/synthetic_lollipop_v1/masks/558_3_1211_synthetic_lollipop.nii.gz,False,,1.0,464,464.0,1,464,1.0,1.0,0.0,9.605200896897896,18.0,3456.0,0.1342592592592592,19.81514959690884,11.067849469620157,9.491160798847384,True,0.8777552080347909,2.7845187737351913,2.7845187737351913,2.4441258555167136,0.4091442336092752,474.60198974609375,0.6107074578385364,496.5382426225694,1.0228491158320987,1.6374452074636163,False,False,False,False,False,1.0,1.0,1.0,48.10129310344828,47.668103448275865,48.375,48.10129310344828,47.668103448275865,48.375,37.0,41.0,43.0,54.0,56.0,54.0,18.0,16.0,12.0,18.0,16.0,12.0,-0.800233719536931,0.5993526756613283,0.0200590202576101,-0.800233719536931,0.5993526756613283,0.0200590202576101,20.992575032738575,8.58899102325503,7.539031602426171,/Users/kvothearcane/Personal/Coding Projects/GrowthNet/rivanna_pull/analysis/synthetic_lollipop_v1/masks/558_3_1211_synthetic_lollipop.nii.gz,False,,1.0,452,452.0,2,450,0.995575221238938,0.995575221238938,0.0044247787610619,9.521673181665983,11.0,990.0,0.4565656565656565,10.195391289552866,8.421418898878507,8.30468031102693,False,0.9922679060169398,1.2284280651344603,1.2284280651344603,1.218929743883412,0.8203918273534622,308.69580078125,0.9199447498749804,145.2670568740026,0.6859906684027778,1.0870218022722549,False,True,False,False,False,1.0,1.0,1.0,65.01777777777778,66.6288888888889,65.72444444444444,65.01777777777778,66.6288888888889,65.72444444444444,60.0,62.0,62.0,70.0,71.0,70.0,11.0,10.0,9.0,11.0,10.0,9.0,-0.8224238720730006,0.5111924182085429,-0.2496022560205636,-0.8224238720730006,0.5111924182085429,-0.2496022560205636,9.749796072459477,7.998653016208639,7.936806679349426
558_4_1655,/sfs/ceph/standard/gam_ai_group/people_scratch/ethan hirai/GrowthNet/analysis/synthetic_lollipop_v1/masks/558_4_1655_synthetic_lollipop.nii.gz,False,,1.0,1462,1462.0,1,1462,1.0,1.0,0.0,14.081521527104988,30.0,8160.0,0.1791666666666666,29.527973759868047,16.994998470049655,15.085121172859743,True,0.8973101896278334,2.726989388545753,2.726989388545753,2.446955365349079,0.4086711241900163,1047.7354736328125,0.5945623319129065,538.0965400163976,0.7166453308021973,1.6819094421650702,False,False,False,False,False,1.0,1.0,1.0,48.66963064295486,48.37004103967168,48.11012311901505,48.66963064295486,48.37004103967168,48.11012311901505,29.0,40.0,39.0,58.0,55.0,55.0,30.0,16.0,17.0,30.0,16.0,17.0,-0.953203400071752,0.1847291593161641,0.2393290951597711,-0.953203400071752,0.1847291593161641,0.2393290951597711,30.58415688242297,12.498861775543618,11.215356029945122,/Users/kvothearcane/Personal/Coding Projects/GrowthNet/rivanna_pull/analysis/synthetic_lollipop_v1/masks/558_4_1655_synthetic_lollipop.nii.gz,False,,1.0,1467,1467.0,1,1467,1.0,1.0,0.0,14.09755606786161,17.0,3332.0,0.4402761104441777,18.83311510390715,11.826458081555568,11.77544002155572,False,0.9927976716241642,1.5308007684245477,1.5308007684245477,1.5197754386123723,0.6579919470951892,749.4810791015625,0.8330611093022605,195.6238458175636,0.5108937144523262,1.2003921307016252,False,False,False,False,False,1.0,1.0,1.0,82.22835719154737,84.47648261758691,82.35787321063394,82.22835719154737,84.47648261758691,82.35787321063394,76.0,76.0,76.0,89.0,92.0,89.0,14.0,17.0,14.0,14.0,17.0,14.0,-0.4374002237275226,0.8196052651823706,-0.3700381785281744,-0.4374002237275226,0.8196052651823706,-0.3700381785281744,16.82224727168515,11.068903236812844,10.989181360940968
558_5_1775,/sfs/ceph/standard/gam_ai_group/people_scratch/ethan hirai/GrowthNet/analysis/synthetic_lollipop_v1/masks/558_5_1775_synthetic_lollipop.nii.gz,False,,1.0,1723,1723.0,1,1723,1.0,1.0,0.0,14.874037943936036,26.0,14196.0,0.1213722175260636,31.171759048050507,18.458246202992747,15.878637128719962,True,0.880201959407633,2.7611276759644254,2.7611276759644254,2.4303499905585313,0.4114633710719931,1162.49853515625,0.5978816556146634,529.1839796881043,0.6746944487267846,1.6725718051542011,False,False,False,False,False,1.0,1.0,1.0,48.37550783517121,48.074289030760305,48.57864190365641,48.37550783517121,48.074289030760305,48.57864190365641,34.0,33.0,38.0,59.0,58.0,58.0,26.0,26.0,21.0,26.0,26.0,21.0,0.6468657382447935,0.6264140289027826,0.4349369851815344,0.6468657382447935,0.6264140289027826,0.4349369851815344,32.2847959949166,13.284010994439967,11.692612506098598,/Users/kvothearcane/Personal/Coding Projects/GrowthNet/rivanna_pull/analysis/synthetic_lollipop_v1/masks/558_5_1775_synthetic_lollipop.nii.gz,False,,1.0,1783,1783.0,1,1783,1.0,1.0,0.0,15.04472453356564,18.0,4284.0,0.4161998132586368,20.04203776535813,12.812226864985623,12.76989282497467,False,0.9984960247553258,1.5438882881312983,1.5438882881312983,1.5415663183654065,0.6486908724500065,849.7626953125,0.8367981120375837,193.0146610163927,0.4765915284983174,1.1950313768813643,False,False,False,False,False,1.0,1.0,1.0,84.91699383062254,84.86651710600113,86.57206954570948,84.91699383062254,84.86651710600113,86.57206954570948,77.0,77.0,80.0,93.0,94.0,93.0,17.0,18.0,14.0,17.0,18.0,14.0,-0.6477463510628066,-0.6796115451599054,0.3443149900457213,-0.6477463510628066,-0.6796115451599054,0.3443149900457213,18.094756271954008,11.737903232824072,11.720249716937523
560_0_0,/sfs/ceph/standard/gam_ai_group/people_scratch/ethan hirai/GrowthNet/analysis/synthetic_lollipop_v1/masks/560_0_0_synthetic_lollipop.nii.gz,False,,1.0,2472,2472.0,1,2472,1.0,1.0,0.0,16.775801603485213,36.0,13680.0,0.1807017543859649,35.161762359667385,20.233331774669978,18.40720977863814,True,0.9142566868385784,2.676027987851734,2.676027987851734,2.4465764820606344,0.4087344120784435,1469.8095703125,0.6015273307828206,519.6205039123986,0.5945831595115292,1.66243485345647,False,False,False,False,False,1.0,1.0,1.0,48.80339805825243,48.057038834951456,47.41100323624595,48.80339805825243,48.057038834951456,47.41100323624595,24.0,39.0,39.0,59.0,57.0,58.0,36.0,19.0,20.0,36.0,19.0,20.0,0.9903343584551068,-0.075619879453373,0.1162733516106311,0.9903343584551068,-0.075619879453373,0.1162733516106311,36.02416156107407,14.724314496284473,13.461802987342296,/Users/kvothearcane/Personal/Coding Projects/GrowthNet/rivanna_pull/analysis/synthetic_lollipop_v1/masks/560_0_0_synthetic_lollipop.nii.gz,False,,1.0,2326,2326.0,1,2326,1.0,1.0,0.0,16.43880949980796,20.0,5440.0,0.4275735294117647,22.120098341939688,14.035421287682585,12.85206297257622,False,0.9931413148203366,1.5363087527210908,1.5363087527210908,1.5257716946474154,0.6554060502682783,991.6495971679688,0.8561154965470329,180.2417098349769,0.4263325869165816,1.1680666966470012,False,False,False,False,False,1.0,1.0,1.0,93.83490971625108,93.1530524505589,96.1414445399828,93.83490971625108,93.1530524505589,96.1414445399828,86.0,84.0,88.0,101.0,103.0,104.0,16.0,20.0,17.0,16.0,20.0,17.0,-0.4583277508380409,-0.7520337929453969,0.4736885549386885,-0.4583277508380409,-0.7520337929453969,0.4736885549386885,19.66682023662924,12.889752972625416,12.801346214942546
560_1_146,/sfs/ceph/standard/gam_ai_group/people_scratch/ethan hirai/GrowthNet/analysis/synthetic_lollipop_v1/masks/560_1_146_synthetic_lollipop.nii.gz,False,,1.0,3082,3082.0,1,3082,1.0,1.0,0.0,18.05557557290645,35.0,24150.0,0.1276190476190476,37.8627053479967,22.212662141636656,19.317477689762782,True,0.8955680431377855,2.7357738797840683,2.7357738797840683,2.450071659985685,0.4081513272986646,1731.6339111328125,0.5914478606922049,546.6419761027472,0.5618539620807309,1.6907661122142592,False,False,False,False,False,1.0,1.0,1.0,48.3659961064244,47.849448410123294,49.02109020116807,48.3659961064244,47.849448410123294,49.02109020116807,32.0,35.0,39.0,61.0,69.0,61.0,30.0,35.0,23.0,30.0,35.0,23.0,0.5601231963821934,-0.7472016580131952,0.3577033507488114,0.5601231963821934,-0.7472016580131952,0.3577033507488114,39.28932822933816,16.035991465477263,14.3613214965117,/Users/kvothearcane/Personal/Coding Projects/GrowthNet/rivanna_pull/analysis/synthetic_lollipop_v1/masks/560_1_146_synthetic_lollipop.nii.gz,False,,1.0,3178,3178.0,1,3178,1.0,1.0,0.0,18.24113077239266,25.0,5625.0,0.5649777777777778,24.389439511979297,15.289085516218844,15.284064828868958,False,0.9911856147969668,1.597902242485305,1.597902242485305,1.5838177166032494,0.6313857898651746,1239.3924560546875,0.8434212484081087,188.5032139770604,0.3899913329309904,1.1856471506823207,False,False,False,False,False,1.0,1.0,1.0,99.67715544367526,101.94367526746382,101.8118313404657,99.67715544367526,101.94367526746382,101.8118313404657,89.0,95.0,95.0,113.0,109.0,109.0,25.0,15.0,15.0,25.0,15.0,15.0,-0.9967968472657324,-0.0405628607980051,-0.0689253190415419,-0.9967968472657324,-0.0405628607980051,-0.0689253190415419,22.399016875336525,14.142420962037727,14.017764215974877
561_1_146,/sfs/ceph/standard/gam_ai_group/people_scratch/ethan hirai/GrowthNet/analysis/synthetic_lollipop_v1/masks/561_1_146_synthetic_lollipop.nii.gz,False,,1.0,226,226.0,1,226,1.0,1.0,0.0,7.557357012536988,16.0,1440.0,0.1569444444444444,15.550897798925687,8.776861325809453,7.635207689192498,True,0.8916291551106897,2.7535220219391108,2.7535220219391108,2.4551205140002477,0.4073119809384229,297.562255859375,0.6029924967482194,515.8419400960745,1.3166471498202434,1.6583954284551434,False,False,False,False,False,1.0,1.0,1.0,48.0929203539823,48.18141592920354,47.77433628318584,48.0929203539823,48.18141592920354,47.77433628318584,44.0,44.0,43.0,52.0,53.0,58.0,9.0,10.0,16.0,9.0,10.0,16.0,-0.0900433856075839,-0.3821551731989449,0.919700827609505,-0.0900433856075839,-0.3821551731989449,0.919700827609505,16.805132652054475,6.844931870441282,6.103140820431793,/Users/kvothearcane/Personal/Coding Projects/GrowthNet/rivanna_pull/analysis/synthetic_lollipop_v1/masks/561_1_146_synthetic_lollipop.nii.gz,False,,1.0,227,227.0,1,227,1.0,1.0,0.0,7.568487156767454,8.0,448.0,0.5066964285714286,7.714484487046982,6.690332790474539,6.6688396827304235,False,0.9910606599950466,1.1790343948874384,1.1790343948874384,1.168494605554005,0.8558019825225306,189.8676300048828,0.947800863155184,132.83149905188034,0.8364212775545499,1.0550739494697732,False,False,False,False,False,1.0,1.0,1.0,62.96035242290749,63.63436123348018,62.68281938325991,62.96035242290749,63.63436123348018,62.68281938325991,60.0,60.0,59.0,66.0,67.0,66.0,7.0,8.0,8.0,7.0,8.0,8.0,-0.0762132917636115,0.8768868047071687,-0.4746167568565259,-0.0762132917636115,0.8768868047071687,-0.4746167568565259,7.543111931429571,6.455410145306782,6.397703039146459
561_2_524,/sfs/ceph/standard/gam_ai_group/people_scratch/ethan hirai/GrowthNet/analysis/synthetic_lollipop_v1/masks/561_2_524_synthetic_lollipop.nii.gz,False,,1.0,357,357.0,1,357,1.0,1.0,0.0,8.801496716004365,19.0,2090.0,0.1708133971291866,18.228921510819717,10.395279809352694,8.523677762074204,True,0.8724570284858281,2.744255984332623,2.744255984332623,2.3942454214952913,0.4176681266766147,397.8682556152344,0.6116791052420136,494.1757582162287,1.1144769064852504,1.634844138748773,False,False,False,False,False,1.0,1.0,1.0,48.13165266106443,47.67787114845938,48.38095238095238,48.13165266106443,47.67787114845938,48.38095238095238,44.0,43.0,36.0,53.0,53.0,54.0,10.0,11.0,19.0,10.0,11.0,19.0,0.2519766840910669,0.1815694078845121,0.950547369043194,0.2519766840910669,0.1815694078845121,0.950547369043194,19.04964465081973,7.9564293951630685,6.941642747461265,/Users/kvothearcane/Personal/Coding Projects/GrowthNet/rivanna_pull/analysis/synthetic_lollipop_v1/masks/561_2_524_synthetic_lollipop.nii.gz,False,,1.0,350,350.0,2,349,0.9971428571428572,0.9971428571428572,0.0028571428571428,8.74359045590235,9.0,576.0,0.6076388888888888,9.460668913514166,7.619948872584371,7.245855669658702,False,0.9937177188834836,1.2536627412645205,1.2536627412645205,1.2457868794985938,0.8027055160530199,256.3111267089844,0.9352627039583846,138.2456660650218,0.7344158358423621,1.069218301732361,False,True,False,False,False,1.0,1.0,1.0,67.59885386819484,67.22636103151862,67.48997134670488,67.59885386819484,67.22636103151862,67.48997134670488,64.0,63.0,64.0,71.0,71.0,71.0,8.0,9.0,8.0,8.0,9.0,8.0,-0.392400378339082,-0.7856577629332966,-0.4782926119249526,-0.392400378339082,-0.7856577629332966,-0.4782926119249526,9.069531592102797,7.280163036998041,7.234427006225547
561_4_1259,/sfs/ceph/standard/gam_ai_group/people_scratch/ethan hirai/GrowthNet/analysis/synthetic_lollipop_v1/masks/561_4_1259_synthetic_lollipop.nii.gz,False,,1.0,464,464.0,1,464,1.0,1.0,0.0,9.605200896897896,19.0,3135.0,0.1480063795853269,19.86088333783334,11.155785516291054,10.307257333432196,True,0.9181457665963276,2.7180199009140735,2.7180199009140735,2.4955384655488264,0.4007151217282788,480.90576171875,0.6027022292414497,516.5876032312261,1.0364348312904097,1.6591941285144776,False,False,False,False,False,1.0,1.0,1.0,47.79094827586207,48.46336206896552,47.92672413793103,47.79094827586207,48.46336206896552,47.92672413793103,40.0,37.0,42.0,54.0,55.0,52.0,15.0,19.0,11.0,15.0,19.0,11.0,-0.4855961865530026,-0.838038897862152,0.2487712790399468,-0.4855961865530026,-0.838038897862152,0.2487712790399468,21.10363163276887,8.456544318633732,7.764340366187787,/Users/kvothearcane/Personal/Coding Projects/GrowthNet/rivanna_pull/analysis/synthetic_lollipop_v1/masks/561_4_1259_synthetic_lollipop.nii.gz,False,,1.0,443,443.0,1,443,1.0,1.0,0.0,9.458052084588797,12.0,972.0,0.455761316872428,11.339144360956656,8.261745537555289,8.256604917880324,False,0.9953497655555308,1.2967318057662238,1.2967318057662238,1.290701698857811,0.7747723590082328,314.25286865234375,0.894281042620011,158.1358364271698,0.709374421337119,1.118216704080252,False,False,False,False,False,1.0,1.0,1.0,64.90744920993228,66.11286681715576,65.83069977426636,64.90744920993228,66.11286681715576,65.83069977426636,60.0,62.0,62.0,71.0,70.0,70.0,12.0,9.0,9.0,12.0,9.0,9.0,-0.9850731987140096,0.1125125681103768,-0.130275535664058,-0.9850731987140096,0.1125125681103768,-0.130275535664058,10.09049932372768,7.817839964615472,7.78148517593067
561_5_1314,/sfs/ceph/standard/gam_ai_group/people_scratch/ethan hirai/GrowthNet/analysis/synthetic_lollipop_v1/masks/561_5_1314_synthetic_lollipop.nii.gz,False,,1.0,674,674.0,1,674,1.0,1.0,0.0,10.878117814050649,22.0,3432.0,0.1963869463869464,21.298986572931582,12.654044333659192,11.501410550022191,True,0.9214581100980156,2.7382670666480213,2.7382670666480213,2.5231983961771225,0.3963223825423684,594.978515625,0.6248217012217893,463.6433749666048,0.8827574415801187,1.6004565751230782,False,False,False,False,False,1.0,1.0,1.0,48.212166172106826,47.967359050445104,48.10979228486647,48.212166172106826,47.967359050445104,48.10979228486647,33.0,42.0,43.0,54.0,54.0,54.0,22.0,13.0,12.0,22.0,13.0,12.0,0.9986295813556126,0.0234691473447851,0.0467777550169166,0.9986295813556126,0.0234691473447851,0.0467777550169166,23.696038486970355,9.39127042997175,8.653662301821146,/Users/kvothearcane/Personal/Coding Projects/GrowthNet/rivanna_pull/analysis/synthetic_lollipop_v1/masks/561_5_1314_synthetic_lollipop.nii.gz,False,,1.0,684,684.0,1,684,1.0,1.0,0.0,10.931652720668998,14.0,1540.0,0.4441558441558441,14.252345341642991,9.079033747616249,8.976928522481867,False,0.9840207081040268,1.4942226093186817,1.4942226093186817,1.4703459900868157,0.6801120326386279,440.5653381347656,0.8521404868581988,182.77583369855415,0.644101371542055,1.1735154184340568,False,False,False,False,False,1.0,1.0,1.0,71.83333333333333,72.25,72.80701754385964,71.83333333333333,72.25,72.80701754385964,66.0,67.0,68.0,79.0,77.0,77.0,14.0,11.0,10.0,14.0,11.0,10.0,-0.8323304713856359,-0.5309186557694644,-0.1592211272379089,-0.8323304713856359,-0.5309186557694644,-0.1592211272379089,12.7780959480173,8.69053680845746,8.55166818406242
563_1_204,/sfs/ceph/standard/gam_ai_group/people_scratch/ethan hirai/GrowthNet/analysis/synthetic_lollipop_v1/masks/563_1_204_synthetic_lollipop.nii.gz,False,,1.0,810,810.0,1,810,1.0,1.0,0.0,11.565439262442297,23.0,5980.0,0.1354515050167224,23.956304062517685,13.644210740783672,12.157415866476615,True,0.925569846812164,2.657466994828644,2.657466994828644,2.45967131931193,0.4065583853210683,704.4840698242188,0.5964897153976105,532.8972675733288,0.8697334195360725,1.6764748396934488,False,False,False,False,False,1.0,1.0,1.0,48.169135802469135,48.476543209876546,48.31604938271605,48.169135802469135,48.476543209876546,48.31604938271605,34.0,38.0,42.0,56.0,57.0,54.0,23.0,20.0,13.0,23.0,20.0,13.0,-0.798551981201535,-0.5975695326812023,0.0722868378771196,-0.798551981201535,-0.5975695326812023,0.0722868378771196,24.799194445972823,10.082320451217916,9.331891795544916,/Users/kvothearcane/Personal/Coding Projects/GrowthNet/rivanna_pull/analysis/synthetic_lollipop_v1/masks/563_1_204_synthetic_lollipop.nii.gz,False,,1.0,801,801.0,1,801,1.0,1.0,0.0,11.52244466758776,16.0,1760.0,0.4551136363636364,15.268662843604451,9.669845806151852,9.4981562146839,False,0.9930700441954038,1.5189372533717405,1.5189372533717405,1.5084110853359194,0.6629492515147504,486.8687744140625,0.8566969356829718,179.87496938660044,0.6078261852859707,1.167273931244758,False,False,False,False,False,1.0,1.0,1.0,67.45568039950062,69.70162297128589,68.23096129837703,67.45568039950062,69.70162297128589,68.23096129837703,62.0,61.0,64.0,72.0,76.0,73.0,11.0,16.0,10.0,11.0,16.0,10.0,-0.2883448393894953,0.9504931331174196,0.1158449718118039,-0.2883448393894953,0.9504931331174196,0.1158449718118039,13.686000308529316,9.073123660770152,9.010247314791378
563_2_377,/sfs/ceph/standard/gam_ai_group/people_scratch/ethan hirai/GrowthNet/analysis/synthetic_lollipop_v1/masks/563_2_377_synthetic_lollipop.nii.gz,False,,1.0,1307,1307.0,1,1307,1.0,1.0,0.0,13.565182941853976,28.0,6720.0,0.1944940476190476,28.09928062890624,16.631826202638475,14.551405256666406,True,0.8873073564282338,2.7353368111509666,2.7353368111509666,2.4270844748431992,0.4120169736014666,947.090576171875,0.6103931730442061,497.3056239967348,0.7246293620289785,1.6382883101603392,False,False,False,False,False,1.0,1.0,1.0,48.514919663351186,47.56006120887529,47.921193573068095,48.514919663351186,47.56006120887529,47.921193573068095,42.0,40.0,41.0,57.0,67.0,55.0,16.0,28.0,15.0,16.0,28.0,15.0,-0.2122294057635723,0.9768876979035028,0.0254775394030789,-0.2122294057635723,0.9768876979035028,0.0254775394030789,29.000100311775267,11.948533564596596,10.602021730396226,/Users/kvothearcane/Personal/Coding Projects/GrowthNet/rivanna_pull/analysis/synthetic_lollipop_v1/masks/563_2_377_synthetic_lollipop.nii.gz,False,,1.0,1381,1381.0,1,1381,1.0,1.0,0.0,13.81650988545671,17.0,3060.0,0.4513071895424836,18.446818431381303,11.628681468059815,11.546954535359651,False,0.9939458081705436,1.523744259440441,1.523744259440441,1.5145192193947554,0.6602755430199349,702.7437744140625,0.8533939702498763,181.97162089120815,0.5088658757523986,1.1717917337841008,False,False,False,False,False,1.0,1.0,1.0,75.95076031860971,75.15930485155684,76.8356263577118,75.95076031860971,75.15930485155684,76.8356263577118,69.0,68.0,71.0,83.0,84.0,82.0,15.0,17.0,12.0,15.0,17.0,12.0,-0.5133729549695805,-0.8551107990901504,-0.0723445256063352,-0.5133729549695805,-0.8551107990901504,-0.0723445256063352,16.456480652961464,10.865811699331182,10.80002799092068
565_0_0,/sfs/ceph/standard/gam_ai_group/people_scratch/ethan hirai/GrowthNet/analysis/synthetic_lollipop_v1/masks/565_0_0_synthetic_lollipop.nii.gz,False,,1.0,2778,2778.0,1,2778,1.0,1.0,0.0,17.441260674165154,37.0,15466.0,0.1796198111987585,36.326631237161266,21.909570025049536,18.636272951973368,True,0.8766989640526722,2.7800327757373906,2.7800327757373906,2.4372518545214454,0.4102981799541394,1594.383544921875,0.5993945851116002,525.1869520100655,0.5739321615989471,1.6683500732890535,False,False,False,False,False,1.0,1.0,1.0,48.560115190784735,48.556515478761696,48.04895608351332,48.560115190784735,48.556515478761696,48.04895608351332,40.0,23.0,37.0,58.0,59.0,58.0,19.0,37.0,22.0,19.0,37.0,22.0,-0.0707371739307083,-0.9942615551667632,0.0802509323414136,-0.0707371739307083,-0.9942615551667632,0.0802509323414135,38.03163233644881,15.60430952832994,13.680281998244102,/Users/kvothearcane/Personal/Coding Projects/GrowthNet/rivanna_pull/analysis/synthetic_lollipop_v1/masks/565_0_0_synthetic_lollipop.nii.gz,False,,1.0,2720,2720.0,1,2720,1.0,1.0,0.0,17.319024526192088,21.0,6300.0,0.4317460317460317,23.04400268055463,14.571483835393414,14.455911648865468,False,0.9931444225870738,1.5554622967652427,1.5554622967652427,1.5447987045768807,0.6473335309236289,1121.2987060546875,0.8403794156142876,190.5575475666584,0.4122421713436351,1.1899387127051837,False,False,False,False,False,1.0,1.0,1.0,96.24852941176472,98.19852941176472,99.88088235294116,96.24852941176472,98.19852941176472,99.88088235294116,87.0,91.0,90.0,107.0,105.0,109.0,21.0,15.0,20.0,21.0,15.0,20.0,-0.6877356122295121,0.1016338554896036,0.7188117188037606,-0.6877356122295121,0.1016338554896036,0.7188117188037606,20.90596943658375,13.533135012765229,13.440357558045632
565_1_90,/sfs/ceph/standard/gam_ai_group/people_scratch/ethan hirai/GrowthNet/analysis/synthetic_lollipop_v1/masks/565_1_90_synthetic_lollipop.nii.gz,False,,1.0,2898,2898.0,1,2898,1.0,1.0,0.0,17.688863051556094,37.0,15540.0,0.1864864864864865,36.82762348808198,21.992220873885714,18.83991724622492,True,0.8797812467936563,2.7616671133254727,2.7616671133254727,2.429662936190522,0.4115797237158763,1634.3409423828125,0.6014604175094114,519.7939486286227,0.5639547765296109,1.6626198015505358,False,False,False,False,False,1.0,1.0,1.0,48.681504485852315,47.87060041407867,48.22843340234645,48.681504485852315,47.87060041407867,48.22843340234645,23.0,38.0,37.0,59.0,57.0,57.0,37.0,20.0,21.0,37.0,20.0,21.0,-0.9858068042276904,0.1039740673183295,0.1318117523731149,-0.9858068042276904,0.1039740673183295,0.1318117523731149,38.45068283194821,15.825521416660033,13.922996963108874,/Users/kvothearcane/Personal/Coding Projects/GrowthNet/rivanna_pull/analysis/synthetic_lollipop_v1/masks/565_1_90_synthetic_lollipop.nii.gz,False,,1.0,2862,2862.0,1,2862,1.0,1.0,0.0,17.615311835911367,23.0,6624.0,0.4320652173913043,23.740540902889812,15.079324893718477,14.78454181840164,False,0.9958107970197836,1.5347874947254443,1.5347874947254443,1.5283579583785416,0.6542969822729979,1163.812255859375,0.8376211171727977,192.44627982995195,0.4066429964568047,1.1938571980793369,False,False,False,False,False,1.0,1.0,1.0,96.56044723969252,95.97134870719776,95.24842767295596,96.56044723969252,95.97134870719776,95.24842767295596,89.0,87.0,85.0,104.0,104.0,107.0,16.0,18.0,23.0,16.0,18.0,23.0,-0.2251942362019799,-0.474875564213209,-0.8507530514165632,-0.2251942362019799,-0.474875564213209,-0.8507530514165631,21.089471344035715,13.798777458135437,13.74097157848447
568_0_0,/sfs/ceph/standard/gam_ai_group/people_scratch/ethan hirai/GrowthNet/analysis/synthetic_lollipop_v1/masks/568_0_0_synthetic_lollipop.nii.gz,False,,1.0,684,684.0,1,684,1.0,1.0,0.0,10.931652720668998,23.0,4485.0,0.1525083612040133,22.6457137881574,12.706154328878045,11.77804936981,True,0.9416202661167412,2.6178125465961988,2.6178125465961988,2.464985346769657,0.4056819247670141,625.3182983398438,0.6003719429412467,522.6262372667863,0.9142080385085436,1.6656341319032315,False,False,False,False,False,1.0,1.0,1.0,48.41520467836257,48.27923976608187,48.43421052631579,48.41520467836257,48.27923976608187,48.43421052631579,33.0,41.0,43.0,55.0,55.0,55.0,23.0,15.0,13.0,23.0,15.0,13.0,0.9214678076398488,0.3846131014012094,0.0544962541277266,0.9214678076398488,0.3846131014012094,0.0544962541277266,23.320489911996496,9.460701234008472,8.90838801361804,/Users/kvothearcane/Personal/Coding Projects/GrowthNet/rivanna_pull/analysis/synthetic_lollipop_v1/masks/568_0_0_synthetic_lollipop.nii.gz,False,,1.0,701,701.0,1,701,1.0,1.0,0.0,11.021476996575512,14.0,1400.0,0.5007142857142857,14.19681792459864,9.41060762072649,9.299696600924577,False,0.996390383486037,1.4395436450059431,1.4395436450059431,1.4343474444923594,0.6971811494068771,428.7731323242187,0.8900243855152584,160.4156205768746,0.6116592472528085,1.1235647205565875,False,False,False,False,False,1.0,1.0,1.0,67.58345221112697,69.43081312410841,69.44793152639087,67.58345221112697,69.43081312410841,69.44793152639087,62.0,65.0,65.0,75.0,74.0,74.0,14.0,10.0,10.0,14.0,10.0,10.0,-0.9179061159622902,0.2698913132154316,0.2908728954885149,-0.9179061159622902,0.2698913132154316,0.2908728954885149,12.624886214455405,8.801832682125056,8.770061441522518
568_1_255,/sfs/ceph/standard/gam_ai_group/people_scratch/ethan hirai/GrowthNet/analysis/synthetic_lollipop_v1/masks/568_1_255_synthetic_lollipop.nii.gz,False,,1.0,1199,1199.0,1,1199,1.0,1.0,0.0,13.180751945646882,25.0,10000.0,0.1199,27.26702126277074,15.35701313962672,14.443729173558015,True,0.9210342829137564,2.689517799823418,2.689517799823418,2.4771380981441453,0.4036916636780133,903.9915161132812,0.6037621616305057,513.8716964521401,0.753954558893479,1.656281336510761,False,False,False,False,False,1.0,1.0,1.0,48.46705587989992,48.035029190992496,48.24520433694746,48.46705587989992,48.035029190992496,48.24520433694746,34.0,38.0,38.0,58.0,57.0,57.0,25.0,20.0,20.0,25.0,20.0,20.0,0.7364126532500952,0.4507900595054879,0.5044647920164439,0.7364126532500952,0.4507900595054879,0.5044647920164439,28.539724758458263,11.521248968654604,10.611465282115647,/Users/kvothearcane/Personal/Coding Projects/GrowthNet/rivanna_pull/analysis/synthetic_lollipop_v1/masks/568_1_255_synthetic_lollipop.nii.gz,False,,1.0,1207,1207.0,1,1207,1.0,1.0,0.0,13.210001976539724,16.0,2880.0,0.4190972222222222,17.46043116385772,11.216911355664305,10.942610452025113,False,0.9949718188748988,1.5173383097882218,1.5173383097882218,1.5097088579385516,0.6623793685396142,643.659912109375,0.8517245711935618,183.0437247382048,0.5332725038188691,1.1740884715802584,False,False,False,False,False,1.0,1.0,1.0,74.83761391880697,76.30985915492958,77.26760563380282,74.83761391880697,76.30985915492958,77.26760563380282,68.0,71.0,69.0,82.0,82.0,84.0,15.0,12.0,16.0,15.0,12.0,16.0,-0.6623401137217547,0.1804157017252069,0.7271559312321219,-0.6623401137217546,0.1804157017252069,0.7271559312321217,15.692403733923795,10.394324476145128,10.342059930005997
571_2_1366,/sfs/ceph/standard/gam_ai_group/people_scratch/ethan hirai/GrowthNet/analysis/synthetic_lollipop_v1/masks/571_2_1366_synthetic_lollipop.nii.gz,False,,1.0,233,233.0,1,233,1.0,1.0,0.0,7.634590828237859,16.0,1408.0,0.1654829545454545,15.65093076206368,8.088702747197011,7.1765101424309155,True,0.8846347527679841,2.8319854074596114,2.8319854074596114,2.505272710770572,0.3991581418265718,302.3356018066406,0.6056644933941239,509.0448297224797,1.297577690157256,1.6510791220334429,False,False,False,False,False,1.0,1.0,1.0,48.103004291845494,48.18025751072961,47.927038626609445,48.103004291845494,48.18025751072961,47.927038626609445,38.0,43.0,44.0,53.0,53.0,51.0,16.0,11.0,8.0,16.0,11.0,8.0,-0.9127448868942276,-0.3960325233037036,0.1002746824185716,-0.9127448868942276,-0.3960325233037036,0.1002746824185716,17.001672835364303,6.786356136907318,6.003446483368497,/Users/kvothearcane/Personal/Coding Projects/GrowthNet/rivanna_pull/analysis/synthetic_lollipop_v1/masks/571_2_1366_synthetic_lollipop.nii.gz,False,,1.0,234,234.0,1,234,1.0,1.0,0.0,7.645497401392214,8.0,448.0,0.5223214285714286,8.087464289632312,6.754397887106303,6.470100673604032,False,0.9836995859912396,1.2255255785023669,1.2255255785023669,1.2055490041944523,0.8294975953036432,195.1266937255859,0.9411192938003378,135.6807834536923,0.8338747595110511,1.0625645511547168,False,False,False,False,False,1.0,1.0,1.0,64.69658119658119,64.86324786324786,65.64957264957265,64.69658119658119,64.86324786324786,65.64957264957265,61.0,62.0,62.0,68.0,68.0,69.0,8.0,7.0,8.0,8.0,7.0,8.0,-0.4304742564233157,-0.2269134892068225,0.8736144361059853,-0.4304742564233157,-0.2269134892068225,0.8736144361059853,7.797842197236105,6.468291351164626,6.3628555242113585
573_0_0,/sfs/ceph/standard/gam_ai_group/people_scratch/ethan hirai/GrowthNet/analysis/synthetic_lollipop_v1/masks/573_0_0_synthetic_lollipop.nii.gz,False,,1.0,262,262.0,1,262,1.0,1.0,0.0,7.93903207074245,17.0,1530.0,0.1712418300653594,16.268805490810486,9.155532218983293,8.267863686935353,True,0.934887295977506,2.709002070846517,2.709002070846517,2.532611620811165,0.3948493293573817,325.4766845703125,0.6083662345590015,502.2929327983367,1.2422774220240935,1.6437467157014225,False,False,False,False,False,1.0,1.0,1.0,47.961832061068705,47.88549618320611,48.29770992366412,47.961832061068705,47.88549618320611,48.29770992366412,44.0,43.0,45.0,53.0,59.0,53.0,10.0,17.0,9.0,10.0,17.0,9.0,0.1233648602223659,-0.9687043681408756,0.2153902467780369,0.1233648602223659,-0.9687043681408756,0.2153902467780369,17.534752232480283,6.923585159442692,6.472771808181369,/Users/kvothearcane/Personal/Coding Projects/GrowthNet/rivanna_pull/analysis/synthetic_lollipop_v1/masks/573_0_0_synthetic_lollipop.nii.gz,False,,1.0,262,262.0,1,262,1.0,1.0,0.0,7.93903207074245,8.0,448.0,0.5848214285714286,8.156290369997913,7.170361346784892,6.702756613972193,False,0.9833708327358176,1.2239056360896492,1.2239056360896492,1.2035531045515389,0.8308731839237077,210.74252319335935,0.9395779362815764,136.34962374717506,0.8043607755471732,1.0643076655860466,False,False,False,False,False,1.0,1.0,1.0,64.34351145038168,65.69465648854961,64.87022900763358,64.34351145038168,65.69465648854961,64.87022900763358,61.0,62.0,62.0,68.0,69.0,68.0,8.0,8.0,7.0,8.0,8.0,7.0,-0.6897113876671528,0.7074380641066625,-0.1543683490073925,-0.6897113876671528,0.7074380641066625,-0.1543683490073925,8.08496009359121,6.717576534858246,6.605868831050141
573_1_58,/sfs/ceph/standard/gam_ai_group/people_scratch/ethan hirai/GrowthNet/analysis/synthetic_lollipop_v1/masks/573_1_58_synthetic_lollipop.nii.gz,False,,1.0,368,368.0,1,368,1.0,1.0,0.0,8.89098202280317,18.0,1980.0,0.1858585858585858,18.01333341340344,10.350043014596576,9.153636268494903,True,0.8934724488682488,2.7112176082829795,2.7112176082829795,2.4223982358873104,0.4128140390730205,395.971923828125,0.6271695193496064,458.4558760451477,1.0760106625764263,1.5944652428852568,False,False,False,False,False,1.0,1.0,1.0,48.30163043478261,48.15489130434783,48.23641304347826,48.30163043478261,48.15489130434783,48.23641304347826,36.0,43.0,44.0,53.0,52.0,54.0,18.0,10.0,11.0,18.0,10.0,11.0,0.9684063688375252,-0.1209296263148298,0.2180943150893097,0.9684063688375252,-0.1209296263148298,0.2180943150893097,18.904997918704066,7.804248549487271,6.972881063086871,/Users/kvothearcane/Personal/Coding Projects/GrowthNet/rivanna_pull/analysis/synthetic_lollipop_v1/masks/573_1_58_synthetic_lollipop.nii.gz,False,,1.0,370,370.0,2,369,0.9972972972972972,0.9972972972972972,0.0027027027027027,8.907059782998111,10.0,900.0,0.4111111111111111,9.576147660398052,8.05296916826765,7.754924107645852,False,0.985500728475785,1.2420652380697104,1.2420652380697104,1.2240561969321488,0.8169559555405211,269.68359375,0.9225300220643906,144.04919920469024,0.7308498475609756,1.0839755629440124,False,True,False,False,False,1.0,1.0,1.0,66.44444444444444,67.130081300813,66.08672086720867,66.44444444444444,67.130081300813,66.08672086720867,62.0,63.0,62.0,71.0,71.0,71.0,10.0,9.0,10.0,10.0,9.0,10.0,-0.4999165127547735,0.0948075303251872,-0.8608687544967265,-0.4999165127547735,0.0948075303251872,-0.8608687544967265,9.165472823321265,7.487787608357102,7.37922014270788
576_2_250,/sfs/ceph/standard/gam_ai_group/people_scratch/ethan hirai/GrowthNet/analysis/synthetic_lollipop_v1/masks/576_2_250_synthetic_lollipop.nii.gz,False,,1.0,569,569.0,1,569,1.0,1.0,0.0,10.281059708188629,20.0,4160.0,0.1367788461538461,21.323873049920586,12.266563143690268,10.629414716711,True,0.8811228944769915,2.773386754842986,2.773386754842986,2.443694564931402,0.4092164439658896,554.940673828125,0.5983827678112228,527.8556065358117,0.9752911666575133,1.6711711195458072,False,False,False,False,False,1.0,1.0,1.0,48.49033391915641,48.1634446397188,47.787346221441126,48.49033391915641,48.1634446397188,47.787346221441126,41.0,36.0,42.0,56.0,55.0,54.0,16.0,20.0,13.0,16.0,20.0,13.0,0.5080561352995898,0.807835944040353,0.2987976755279009,0.5080561352995898,0.807835944040353,0.2987976755279009,22.501600829066916,9.208025074810676,8.1134017063339,/Users/kvothearcane/Personal/Coding Projects/GrowthNet/rivanna_pull/analysis/synthetic_lollipop_v1/masks/576_2_250_synthetic_lollipop.nii.gz,False,,1.0,559,559.0,1,559,1.0,1.0,0.0,10.220474567203404,11.0,1210.0,0.4619834710743801,12.936719771197726,8.808396693185427,8.634750280854323,False,0.9931129034443285,1.382181052192352,1.382181052192352,1.3726618378284836,0.7285115477399552,375.6921997070313,0.8734937829799284,169.69651311936852,0.6720790692433475,1.144827839058562,False,False,False,False,False,1.0,1.0,1.0,70.40429338103756,71.72093023255815,71.77638640429338,70.40429338103756,71.72093023255815,71.77638640429338,66.0,67.0,67.0,75.0,77.0,77.0,10.0,11.0,11.0,10.0,11.0,11.0,-0.4938999113458323,0.5934980539278555,0.6354706425606358,-0.4938999113458323,0.5934980539278555,0.6354706425606358,11.364375071630093,8.279078472530601,8.222059659698301
577_0_0,/sfs/ceph/standard/gam_ai_group/people_scratch/ethan hirai/GrowthNet/analysis/synthetic_lollipop_v1/masks/577_0_0_synthetic_lollipop.nii.gz,False,,1.0,1733,1733.0,1,1733,1.0,1.0,0.0,14.902757918599368,28.0,12600.0,0.1375396825396825,31.302399377369177,17.297881433311105,16.224952012170608,True,0.908799370600132,2.7124351384872085,2.7124351384872085,2.4650593466508575,0.4056697463931835,1169.7645263671875,0.596464662797218,532.9644183563292,0.6749939563572923,1.6765452546850594,False,False,False,False,False,1.0,1.0,1.0,48.424120023081365,48.08944027697634,47.259088286208886,48.424120023081365,48.08944027697634,47.259088286208886,32.0,34.0,37.0,59.0,58.0,54.0,28.0,25.0,18.0,28.0,25.0,18.0,-0.7453015630831761,-0.6019510280328855,0.2866714843090029,-0.7453015630831761,-0.6019510280328855,0.2866714843090029,32.2798777182045,13.094969807546995,11.900700319126445,/Users/kvothearcane/Personal/Coding Projects/GrowthNet/rivanna_pull/analysis/synthetic_lollipop_v1/masks/577_0_0_synthetic_lollipop.nii.gz,False,,1.0,1764,1764.0,1,1764,1.0,1.0,0.0,14.991093728296734,20.0,3640.0,0.4846153846153846,19.663306792039513,12.681949677176693,12.276771391407326,False,0.9905524343697936,1.5183739571532655,1.5183739571532655,1.504029019541864,0.6648807882075346,842.14794921875,0.8383553039302015,191.94111998876036,0.4774081344777494,1.192811681767873,False,False,False,False,False,1.0,1.0,1.0,84.01360544217687,85.5765306122449,83.66156462585035,84.01360544217687,85.5765306122449,83.66156462585035,78.0,75.0,77.0,90.0,94.0,90.0,13.0,20.0,14.0,13.0,20.0,14.0,-0.0118371148380998,0.976938153583194,-0.2131941058889047,-0.0118371148380998,0.976938153583194,-0.2131941058889047,17.788994955125855,11.827560987183936,11.715819328512246
577_1_239,/sfs/ceph/standard/gam_ai_group/people_scratch/ethan hirai/GrowthNet/analysis/synthetic_lollipop_v1/masks/577_1_239_synthetic_lollipop.nii.gz,False,,1.0,1575,1575.0,1,1575,1.0,1.0,0.0,14.43534978975948,27.0,13041.0,0.1207729468599033,30.054153671204695,17.000499060308613,15.8389366714484,True,0.9291083762439174,2.697159610666291,2.697159610666291,2.505953586336834,0.3990496892888528,1096.037109375,0.5972817402200025,530.7801338989063,0.6958965773809523,1.6742517519984128,False,False,False,False,False,1.0,1.0,1.0,48.68507936507937,48.00126984126984,47.61333333333334,48.68507936507937,48.00126984126984,47.61333333333334,37.0,32.0,38.0,59.0,58.0,58.0,23.0,27.0,21.0,23.0,27.0,21.0,-0.5346818349962328,-0.7195186111638575,0.4431797643325956,-0.5346818349962328,-0.7195186111638575,0.4431797643325956,31.53838673450271,12.585383427074984,11.693185160336746,/Users/kvothearcane/Personal/Coding Projects/GrowthNet/rivanna_pull/analysis/synthetic_lollipop_v1/masks/577_1_239_synthetic_lollipop.nii.gz,False,,1.0,1549,1549.0,1,1549,1.0,1.0,0.0,14.355476034413623,19.0,3211.0,0.4824042354406727,18.972360507281095,12.192894864047927,12.030701851637328,False,0.998815162258416,1.5687604483381192,1.5687604483381192,1.5669017217514238,0.6382021195829931,769.525390625,0.8413217482843784,189.91795557918653,0.4967885026630084,1.188605907358508,False,False,False,False,False,1.0,1.0,1.0,82.12201420271143,83.62298256939961,83.85216268560362,82.12201420271143,83.62298256939961,83.85216268560362,74.0,78.0,78.0,92.0,90.0,90.0,19.0,13.0,13.0,19.0,13.0,13.0,-0.9793462976970316,-0.1913201247333479,-0.0654021334448152,-0.9793462976970316,-0.1913201247333479,-0.0654021334448152,17.45554692325512,11.140167044901812,11.12696775453946
577_2_568,/sfs/ceph/standard/gam_ai_group/people_scratch/ethan hirai/GrowthNet/analysis/synthetic_lollipop_v1/masks/577_2_568_synthetic_lollipop.nii.gz,False,,1.0,2132,2132.0,1,2132,1.0,1.0,0.0,15.96845355063928,34.0,12852.0,0.1658885776532835,33.543905146481066,19.22200725125541,17.46379769299797,True,0.9285291969150165,2.69942111764908,2.69942111764908,2.5064913225061365,0.3989640782000161,1353.085205078125,0.5920391766638408,545.0056888020036,0.6346553494737922,1.6890774114561662,False,False,False,False,False,1.0,1.0,1.0,48.47045028142589,47.7734521575985,48.12242026266416,48.47045028142589,47.7734521575985,48.12242026266416,26.0,37.0,40.0,59.0,57.0,57.0,34.0,21.0,18.0,34.0,21.0,18.0,0.9371313147144896,-0.3447858732707619,0.0539221714548923,0.9371313147144896,-0.3447858732707619,0.0539221714548923,34.780319073669055,13.876097938728812,12.88436207536198,/Users/kvothearcane/Personal/Coding Projects/GrowthNet/rivanna_pull/analysis/synthetic_lollipop_v1/masks/577_2_568_synthetic_lollipop.nii.gz,False,,1.0,2109,2109.0,1,2109,1.0,1.0,0.0,15.91082329384098,20.0,4760.0,0.4430672268907563,21.406380616038653,13.27469200771009,13.268115051126411,False,0.9967661139524152,1.5646234514034645,1.5646234514034645,1.5595636374542463,0.6412049986189405,944.02490234375,0.8424647278843708,189.1460135469484,0.4476173078917733,1.1869933148551368,False,False,False,False,False,1.0,1.0,1.0,87.2863916548127,87.86296823138929,89.47889995258416,87.2863916548127,87.86296823138929,89.47889995258416,78.0,80.0,83.0,97.0,96.0,96.0,20.0,17.0,14.0,20.0,17.0,14.0,-0.8018739267446132,-0.5441001260020747,0.2468871371531965,-0.8018739267446132,-0.5441001260020747,0.2468871371531965,19.290837669118144,12.369381540985104,12.32938037060246
577_3_932,/sfs/ceph/standard/gam_ai_group/people_scratch/ethan hirai/GrowthNet/analysis/synthetic_lollipop_v1/masks/577_3_932_synthetic_lollipop.nii.gz,False,,1.0,1678,1678.0,1,1678,1.0,1.0,0.0,14.743404400152595,29.0,13224.0,0.1268905021173623,30.981659008209295,17.803689256822977,15.880861779256527,True,0.8927722646146019,2.763709943506836,2.763709943506836,2.4673635850024915,0.4052908967605559,1148.755615234375,0.5944533537064676,538.3925340406971,0.6845981020467073,1.6822177783419243,False,False,False,False,False,1.0,1.0,1.0,47.78605482717521,47.708581644815254,48.67222884386174,47.78605482717521,47.708581644815254,48.67222884386174,35.0,38.0,31.0,58.0,56.0,59.0,24.0,19.0,29.0,24.0,19.0,29.0,0.505666102635403,-0.3397308326509932,0.7930225431800694,0.505666102635403,-0.3397308326509932,0.7930225431800694,32.37452704405772,13.121101097885024,11.714155141395953,/Users/kvothearcane/Personal/Coding Projects/GrowthNet/rivanna_pull/analysis/synthetic_lollipop_v1/masks/577_3_932_synthetic_lollipop.nii.gz,False,,1.0,1707,1707.0,1,1707,1.0,1.0,0.0,14.827853946439856,19.0,3458.0,0.493637941006362,19.479079532762068,12.553729288411006,12.349425446121773,False,0.988543073964952,1.5193808601630332,1.5193808601630332,1.5019734260290776,0.6657907408147715,810.4055786132812,0.8523226897187407,182.65864160142985,0.474754293270815,1.1732645535108206,False,False,False,False,False,1.0,1.0,1.0,84.04042179261863,86.52489748096075,85.97949619214997,84.04042179261863,86.52489748096075,85.97949619214997,76.0,80.0,80.0,94.0,93.0,92.0,19.0,14.0,13.0,19.0,14.0,13.0,-0.9647531945946848,0.2629774423440552,-0.009702491305303,-0.9647531945946848,0.2629774423440552,-0.009702491305303,17.5866916891395,11.709056488193172,11.574906694067744
577_4_1366,/sfs/ceph/standard/gam_ai_group/people_scratch/ethan hirai/GrowthNet/analysis/synthetic_lollipop_v1/masks/577_4_1366_synthetic_lollipop.nii.gz,False,,1.0,1770,1770.0,1,1770,1.0,1.0,0.0,15.008071198895912,29.0,12992.0,0.136237684729064,31.081770119171964,17.86155081578982,15.356692337519767,True,0.8941274820850278,2.7453359059856295,2.7453359059856295,2.4546802810965493,0.4073850300183624,1194.2213134765625,0.5925361039061752,543.6356400888576,0.6747013070489054,1.6876608756963516,False,False,False,False,False,1.0,1.0,1.0,48.153107344632765,48.38418079096045,47.50677966101695,48.153107344632765,48.38418079096045,47.50677966101695,31.0,42.0,36.0,59.0,57.0,63.0,29.0,16.0,28.0,29.0,16.0,28.0,-0.7341118944538406,-0.1393698544081719,0.6645718697805664,-0.7341118944538406,-0.1393698544081719,0.6645718697805664,32.54935268583089,13.260119020995482,11.856236832390474,/Users/kvothearcane/Personal/Coding Projects/GrowthNet/rivanna_pull/analysis/synthetic_lollipop_v1/masks/577_4_1366_synthetic_lollipop.nii.gz,False,,1.0,1779,1779.0,1,1779,1.0,1.0,0.0,15.03346561483573,17.0,4335.0,0.4103806228373702,20.098842170276157,12.66636887293297,12.520417061304013,False,0.9961135675506058,1.514642576868936,1.514642576868936,1.5087560208089583,0.6627976864435804,839.3638916015625,0.8458976285158862,186.85251649678793,0.4718178142785624,1.1821761479039536,False,False,False,False,False,1.0,1.0,1.0,81.85497470489038,81.61551433389545,82.21866216975829,81.85497470489038,81.61551433389545,82.21866216975829,74.0,74.0,75.0,90.0,90.0,89.0,17.0,17.0,15.0,17.0,17.0,15.0,-0.5918947608651199,-0.6962809967380995,-0.4060213856951642,-0.5918947608651198,-0.6962809967380994,-0.4060213856951642,17.827496495052255,11.816023432001671,11.770101255112738
578_0_0,/sfs/ceph/standard/gam_ai_group/people_scratch/ethan hirai/GrowthNet/analysis/synthetic_lollipop_v1/masks/578_0_0_synthetic_lollipop.nii.gz,False,,1.0,44,44.0,1,44,1.0,1.0,0.0,4.380106645730805,7.0,126.0,0.3492063492063492,6.690411962395833,2.8862608181887235,2.7729085193082352,True,0.973059064450426,2.6122162545279246,2.6122162545279246,2.541840704773138,0.3934156842016781,71.19735717773438,0.846555370261983,186.41732262662913,1.6181217540394175,1.1812576414116074,False,False,False,False,False,1.0,1.0,1.0,47.68181818181818,47.77272727272727,47.95454545454545,47.68181818181818,47.77272727272727,47.95454545454545,44.0,45.0,47.0,50.0,50.0,49.0,7.0,6.0,3.0,7.0,6.0,3.0,0.8295104607293433,0.5568484848567987,0.0428037434493785,0.8295104607293433,0.5568484848567987,0.0428037434493785,7.584506374352953,2.9838637645980564,2.903475683227311,/Users/kvothearcane/Personal/Coding Projects/GrowthNet/rivanna_pull/analysis/synthetic_lollipop_v1/masks/578_0_0_synthetic_lollipop.nii.gz,False,,1.0,22,22.0,1,22,1.0,1.0,0.0,3.476492948582991,4.0,36.0,0.6111111111111112,3.157062666364996,2.5982645345774804,2.0,False,0.9646301510729668,1.1942222869267265,1.1942222869267265,1.151982825052832,0.8680684974223799,38.02724838256836,0.998476107187406,113.61596003221808,1.7285112901167436,1.0015262186061582,False,False,False,False,False,1.0,1.0,1.0,40.90909090909091,41.18181818181818,41.0,40.90909090909091,41.18181818181818,41.0,40.0,40.0,40.0,42.0,43.0,42.0,3.0,4.0,3.0,3.0,4.0,3.0,-0.3701670677506124,0.9289651995381276,0.0,-0.3701670677506124,0.9289651995381276,0.0,3.483268651094195,3.0237157840738176,2.916767413592841
578_1_317,/sfs/ceph/standard/gam_ai_group/people_scratch/ethan hirai/GrowthNet/analysis/synthetic_lollipop_v1/masks/578_1_317_synthetic_lollipop.nii.gz,False,,1.0,47,47.0,1,47,1.0,1.0,0.0,4.477474060769193,8.0,120.0,0.3916666666666666,7.671497147235897,3.6670747948012687,2.6799065093207775,True,0.8895700129038111,2.910036557686942,2.910036557686942,2.5886812581721346,0.3862970757188156,77.56613159179688,0.8119773168563776,211.2616571849196,1.6503432253573804,1.23156149715064,False,False,False,False,False,1.0,1.0,1.0,47.57446808510638,47.91489361702128,48.212765957446805,47.57446808510638,47.91489361702128,48.212765957446805,43.0,47.0,46.0,50.0,49.0,50.0,8.0,3.0,5.0,8.0,3.0,5.0,-0.9078763948155388,-0.0843973419410029,0.4106550138620413,-0.9078763948155388,-0.0843973419410029,0.4106550138620413,8.333313145402007,3.219134499117961,2.863645517919468,/Users/kvothearcane/Personal/Coding Projects/GrowthNet/rivanna_pull/analysis/synthetic_lollipop_v1/masks/578_1_317_synthetic_lollipop.nii.gz,False,,1.0,49,49.0,1,49,1.0,1.0,0.0,4.540104187127455,5.0,125.0,0.392,4.242640687119286,4.224013186849912,3.827070429531704,False,0.9799057909924012,1.075955030512349,1.075955030512349,1.0543345652464566,0.9484655373754576,68.85081481933594,0.9405295107902812,135.93618982983347,1.405118669782366,1.063230859348314,False,False,False,False,False,1.0,1.0,1.0,48.51020408163265,48.91836734693877,49.08163265306123,48.51020408163265,48.91836734693877,49.08163265306123,47.0,47.0,47.0,51.0,51.0,51.0,5.0,5.0,5.0,5.0,5.0,5.0,-0.9074680818686216,-0.2970704296877125,0.297070429687713,-0.9074680818686216,-0.2970704296877125,0.297070429687713,4.304302838388261,4.0824829046386295,4.000448639882872
579_0_0,/sfs/ceph/standard/gam_ai_group/people_scratch/ethan hirai/GrowthNet/analysis/synthetic_lollipop_v1/masks/579_0_0_synthetic_lollipop.nii.gz,False,,1.0,1394,1394.0,1,1394,1.0,1.0,0.0,13.859728316234806,29.0,8816.0,0.1581215970961887,28.911445019892543,16.279269296374014,15.22823335224174,True,0.9411784816119334,2.6703186837593837,2.6703186837593837,2.5132464842006335,0.3978917333761083,997.2333984375,0.6051492396146271,510.34621445327053,0.7153754651631994,1.6524849318770076,False,False,False,False,False,1.0,1.0,1.0,48.2051649928264,47.46771879483501,47.63271162123386,48.2051649928264,47.46771879483501,47.63271162123386,39.0,38.0,41.0,57.0,66.0,56.0,19.0,29.0,16.0,19.0,29.0,16.0,0.4216429689871063,-0.8946414406663572,0.1477629836804977,0.4216429689871063,-0.8946414406663572,0.1477629836804977,29.894578803634168,11.894805778726663,11.195135241890814,/Users/kvothearcane/Personal/Coding Projects/GrowthNet/rivanna_pull/analysis/synthetic_lollipop_v1/masks/579_0_0_synthetic_lollipop.nii.gz,False,,1.0,1443,1443.0,1,1443,1.0,1.0,0.0,14.020254686517072,19.0,2736.0,0.5274122807017544,18.723023624018197,11.772519376371978,11.75488934062026,False,0.9891047185719966,1.5395305965071122,1.5395305965071122,1.5227569773911451,0.6567036072382635,729.0244140625,0.8470705950576148,186.07736836705664,0.5052144241597366,1.1805391496702626,False,False,False,False,False,1.0,1.0,1.0,75.97505197505197,78.37006237006237,77.73804573804574,75.97505197505197,78.37006237006237,77.73804573804574,68.0,73.0,72.0,86.0,84.0,83.0,19.0,12.0,12.0,19.0,12.0,12.0,-0.972238487428181,0.1898126743040666,-0.1368337393953012,-0.9722384874281808,0.1898126743040665,-0.1368337393953012,16.777805050419705,11.018045098150976,10.898000396020189
579_1_198,/sfs/ceph/standard/gam_ai_group/people_scratch/ethan hirai/GrowthNet/analysis/synthetic_lollipop_v1/masks/579_1_198_synthetic_lollipop.nii.gz,False,,1.0,1611,1611.0,1,1611,1.0,1.0,0.0,14.544505918204328,30.0,10800.0,0.1491666666666666,30.34608634640146,17.876106114192968,16.011359166508136,True,0.9158307765074254,2.714559657622899,2.714559657622899,2.4860772791165107,0.4022401107158563,1125.15185546875,0.5906587981749118,548.8356850902811,0.6984182839657045,1.693024810753551,False,False,False,False,False,1.0,1.0,1.0,48.52513966480447,47.98075729360646,47.80074487895717,48.52513966480447,47.98075729360646,47.80074487895717,29.0,40.0,38.0,58.0,57.0,57.0,30.0,18.0,20.0,30.0,18.0,20.0,-0.879574822583995,-0.2935259152943064,0.3744204435216828,-0.879574822583995,-0.2935259152943064,0.3744204435216828,31.873177950244855,12.82067062757268,11.741564736195828,/Users/kvothearcane/Personal/Coding Projects/GrowthNet/rivanna_pull/analysis/synthetic_lollipop_v1/masks/579_1_198_synthetic_lollipop.nii.gz,False,,1.0,1587,1587.0,1,1587,1.0,1.0,0.0,14.471918279866946,17.0,3808.0,0.4167542016806723,19.61585945858762,12.329596668544504,11.883771808216585,False,0.9956798636510564,1.5483013349330723,1.5483013349330723,1.5416124620569105,0.6486714557728347,776.4274291992188,0.8474248714499927,185.84409012027572,0.4892422364204277,1.180045610755963,False,False,False,False,False,1.0,1.0,1.0,83.79710144927536,86.06931316950221,85.52930056710775,83.79710144927536,86.06931316950221,85.52930056710775,76.0,78.0,79.0,92.0,93.0,92.0,17.0,16.0,14.0,17.0,16.0,14.0,-0.7143542030262946,0.6238741708262464,0.3169843712149406,-0.7143542030262946,0.6238741708262464,0.3169843712149406,17.424337791594215,11.30267056115104,11.253841483219675
579_2_697,/sfs/ceph/standard/gam_ai_group/people_scratch/ethan hirai/GrowthNet/analysis/synthetic_lollipop_v1/masks/579_2_697_synthetic_lollipop.nii.gz,False,,1.0,2468,2468.0,1,2468,1.0,1.0,0.0,16.76674828191935,32.0,17024.0,0.1449718045112782,35.07717764302312,20.216776523396856,18.79720442869677,True,0.9390535002163144,2.67408517576593,2.67408517576593,2.511109044179555,0.3982304162847401,1472.191650390625,0.5999060076396341,523.844924138561,0.5965120139346131,1.6669277974637386,False,False,False,False,False,1.0,1.0,1.0,48.057941653160455,48.01701782820097,46.959481361426256,48.057941653160455,48.01701782820097,46.959481361426256,41.0,37.0,35.0,59.0,68.0,62.0,19.0,32.0,28.0,19.0,32.0,28.0,-0.2173491696016853,0.7489219019040888,0.6259994595219873,-0.2173491696016853,0.7489219019040888,0.6259994595219873,36.33751374922377,14.470703227105847,13.588764516005265,/Users/kvothearcane/Personal/Coding Projects/GrowthNet/rivanna_pull/analysis/synthetic_lollipop_v1/masks/579_2_697_synthetic_lollipop.nii.gz,False,,1.0,2433,2433.0,1,2433,1.0,1.0,0.0,16.687111284126708,21.0,5670.0,0.4291005291005291,22.554040841369343,14.137676772087811,13.996617653327933,False,0.9967024490494404,1.5604821335435917,1.5604821335435917,1.5553363642007936,0.6429477398053687,1051.240966796875,0.8321659087611575,196.25585089985177,0.4320760241664098,1.2016834497446507,False,False,False,False,False,1.0,1.0,1.0,92.71927661323468,95.85491163173036,93.7994245787094,92.71927661323468,95.85491163173036,93.7994245787094,84.0,85.0,87.0,101.0,105.0,101.0,18.0,21.0,15.0,18.0,21.0,15.0,-0.5527040309006382,0.8285467693220752,-0.089601926721129,-0.5527040309006381,0.828546769322075,-0.089601926721129,20.19699140124545,12.98560997229923,12.942789261791477
579_3_1222,/sfs/ceph/standard/gam_ai_group/people_scratch/ethan hirai/GrowthNet/analysis/synthetic_lollipop_v1/masks/579_3_1222_synthetic_lollipop.nii.gz,False,,1.0,3921,3921.0,1,3921,1.0,1.0,0.0,19.564379269030283,41.0,22632.0,0.1732502651113467,40.32361118936396,24.153159866315605,20.75304995599657,True,0.901632159073565,2.711286236110523,2.711286236110523,2.4445828629307704,0.4090677453253175,2017.489990234375,0.5960334462045548,534.1220182216916,0.5145345550202436,1.677758196906297,False,False,False,False,False,1.0,1.0,1.0,48.756439683754145,47.94414690130069,48.15684774292272,48.756439683754145,47.94414690130069,48.15684774292272,20.0,37.0,37.0,60.0,60.0,59.0,41.0,24.0,23.0,41.0,24.0,23.0,0.9988114318538271,0.0444809201523337,0.0199291580481828,0.9988114318538271,0.0444809201523337,0.0199291580481828,42.18928990678669,17.258277699045408,15.560618183681468,/Users/kvothearcane/Personal/Coding Projects/GrowthNet/rivanna_pull/analysis/synthetic_lollipop_v1/masks/579_3_1222_synthetic_lollipop.nii.gz,False,,1.0,4008,4008.0,1,4008,1.0,1.0,0.0,19.708021626902344,26.0,8840.0,0.453393665158371,26.93514008747416,16.716367044248386,16.609225247584224,False,0.9986622956446134,1.5829023268864766,1.5829023268864766,1.5807848715496489,0.6325971471498816,1463.952880859375,0.8335061995446301,195.31062519137112,0.3652577048052333,1.1997511242823755,False,False,False,False,False,1.0,1.0,1.0,108.91791417165668,112.31986027944112,110.7744510978044,108.91791417165668,112.31986027944112,110.7744510978044,98.0,103.0,103.0,123.0,122.0,119.0,26.0,20.0,17.0,26.0,20.0,17.0,-0.8586621762562681,0.5040714151018663,-0.0927969587004443,-0.8586621762562681,0.5040714151018663,-0.0927969587004443,24.113240737097176,15.253967298825982,15.233562000333418
579_4_1600,/sfs/ceph/standard/gam_ai_group/people_scratch/ethan hirai/GrowthNet/analysis/synthetic_lollipop_v1/masks/579_4_1600_synthetic_lollipop.nii.gz,False,,1.0,3724,3724.0,1,3724,1.0,1.0,0.0,19.231080390808867,38.0,28272.0,0.1317204301075268,40.15845212378665,23.695497133221643,21.01346411323313,True,0.9166710184637464,2.6963956349594196,2.6963956349594196,2.4717077328794512,0.4045785780809269,1967.0455322265625,0.5906671612562948,548.8123730146464,0.5282077154206666,1.6930008397167229,False,False,False,False,False,1.0,1.0,1.0,48.66970998925886,47.97099892588614,47.6374865735768,48.66970998925886,47.97099892588614,47.6374865735768,25.0,38.0,34.0,62.0,61.0,64.0,38.0,24.0,31.0,38.0,24.0,31.0,-0.796099606056357,-0.2604672577441036,0.5462437412732344,-0.796099606056357,-0.2604672577441036,0.5462437412732344,41.65697876114887,16.853521234332984,15.449134474576391,/Users/kvothearcane/Personal/Coding Projects/GrowthNet/rivanna_pull/analysis/synthetic_lollipop_v1/masks/579_4_1600_synthetic_lollipop.nii.gz,False,,1.0,3864,3864.0,1,3864,1.0,1.0,0.0,19.46911297063281,23.0,9614.0,0.4019138755980861,26.36146639656336,16.359195719329406,16.3559948101308,False,0.996086513908049,1.5809546401883698,1.5809546401883698,1.5747675961919874,0.6350143363491493,1430.368896484375,0.8325189833498222,196.0062581387718,0.3701782858396416,1.201173811047865,False,False,False,False,False,1.0,1.0,1.0,105.81055900621118,108.99378881987576,108.8366977225673,105.81055900621118,108.99378881987576,108.8366977225673,97.0,97.0,98.0,115.0,119.0,119.0,19.0,23.0,22.0,19.0,23.0,22.0,-0.4092043629161345,0.684129736135671,0.6037535039280002,-0.4092043629161345,0.684129736135671,0.6037535039280002,23.785187218178017,15.103934876291582,15.044825837219484
581_1_152,/sfs/ceph/standard/gam_ai_group/people_scratch/ethan hirai/GrowthNet/analysis/synthetic_lollipop_v1/masks/581_1_152_synthetic_lollipop.nii.gz,False,,1.0,159,159.0,1,159,1.0,1.0,0.0,6.721499448528674,13.0,1053.0,0.150997150997151,13.613135649267686,6.929008335927602,6.810829714512396,True,0.9253660688429312,2.7975116107471867,2.7975116107471867,2.58872232177958,0.3862909480815092,232.44004821777344,0.6106203172071235,496.7508534538333,1.461887095709267,1.6376788846035042,False,False,False,False,False,1.0,1.0,1.0,48.069182389937104,47.9874213836478,48.20754716981132,48.069182389937104,47.9874213836478,48.20754716981132,40.0,44.0,44.0,52.0,52.0,52.0,13.0,9.0,9.0,13.0,9.0,9.0,0.8440868277959235,0.3514832943518106,0.4049406387768627,0.8440868277959235,0.3514832943518106,0.4049406387768627,14.880663320061284,5.7482655419882125,5.319249887254913,/Users/kvothearcane/Personal/Coding Projects/GrowthNet/rivanna_pull/analysis/synthetic_lollipop_v1/masks/581_1_152_synthetic_lollipop.nii.gz,False,,1.0,159,159.0,1,159,1.0,1.0,0.0,6.721499448528674,8.0,392.0,0.4056122448979591,6.8260866733516945,5.799920362566818,5.720527197539056,False,0.9795398680454126,1.1899390283473268,1.1899390283473268,1.165592718809427,0.8579326070442782,155.82745361328125,0.910831902102512,149.6710043778707,0.9800468780709513,1.097897425081025,False,False,False,False,False,1.0,1.0,1.0,58.710691823899374,58.496855345911946,59.15094339622642,58.710691823899374,58.496855345911946,59.15094339622642,56.0,55.0,56.0,62.0,62.0,62.0,7.0,8.0,7.0,7.0,8.0,7.0,-0.4546907408706911,-0.8579126328764258,0.239253515162267,-0.4546907408706911,-0.8579126328764258,0.239253515162267,6.743734061795708,5.785669344849691,5.667293786608456
581_2_440,/sfs/ceph/standard/gam_ai_group/people_scratch/ethan hirai/GrowthNet/analysis/synthetic_lollipop_v1/masks/581_2_440_synthetic_lollipop.nii.gz,False,,1.0,115,115.0,1,115,1.0,1.0,0.0,6.033459557881385,13.0,728.0,0.1579670329670329,12.419230231088234,6.644186365579909,6.395401361066877,True,0.9401476088529646,2.7682510075946793,2.7682510075946793,2.6025645654949474,0.3842363848559596,186.903564453125,0.6118783695945508,493.69311549211335,1.6252483865489131,1.634311735292474,False,False,False,False,False,1.0,1.0,1.0,48.052173913043475,48.2,48.23478260869565,48.052173913043475,48.2,48.23478260869565,40.0,45.0,45.0,52.0,51.0,52.0,13.0,7.0,8.0,13.0,7.0,8.0,0.9386602101478728,-0.0766046421894703,0.3362272128786937,0.9386602101478728,-0.0766046421894703,0.3362272128786937,13.657912057247003,5.247866753557211,4.933769379935782,/Users/kvothearcane/Personal/Coding Projects/GrowthNet/rivanna_pull/analysis/synthetic_lollipop_v1/masks/581_2_440_synthetic_lollipop.nii.gz,False,,1.0,123,123.0,1,123,1.0,1.0,0.0,6.17024150880815,6.0,216.0,0.5694444444444444,6.47404962046106,5.69184960496139,5.133341413247261,False,0.9462931173503178,1.1980700792761196,1.1980700792761196,1.1337254701223418,0.8820477499655086,127.05097198486328,0.941404363288799,135.55756305483422,1.0329347315842543,1.062242792785129,False,False,False,False,False,1.0,1.0,1.0,55.86991869918699,55.666666666666664,56.4390243902439,55.86991869918699,55.666666666666664,56.4390243902439,53.0,53.0,54.0,58.0,58.0,59.0,6.0,6.0,6.0,6.0,6.0,6.0,0.1786188823580035,0.6439251915245449,-0.7439459944009754,0.1786188823580035,0.6439251915245449,-0.7439459944009754,6.132102460737584,5.4088071780515445,5.118317005665172
582_0_0,/sfs/ceph/standard/gam_ai_group/people_scratch/ethan hirai/GrowthNet/analysis/synthetic_lollipop_v1/masks/582_0_0_synthetic_lollipop.nii.gz,False,,1.0,1779,1779.0,1,1779,1.0,1.0,0.0,15.03346561483573,28.0,14896.0,0.1194280343716434,31.22394226745422,18.213768106199637,16.107494056196597,True,0.8935370865438227,2.7398041462034946,2.7398041462034946,2.448116614499356,0.4084772735405423,1190.751708984375,0.5962753779906135,533.4721406194257,0.6693376666578836,1.6770774660692798,False,False,False,False,False,1.0,1.0,1.0,47.95503091624508,48.108487914558744,48.79763912310287,47.95503091624508,48.108487914558744,48.79763912310287,32.0,40.0,33.0,59.0,58.0,60.0,28.0,19.0,28.0,28.0,19.0,28.0,0.6464905663579282,0.3017159147864901,0.7007263762516414,0.6464905663579282,0.3017159147864901,0.7007263762516414,32.58728477720535,13.311165237882062,11.894019805160548,/Users/kvothearcane/Personal/Coding Projects/GrowthNet/rivanna_pull/analysis/synthetic_lollipop_v1/masks/582_0_0_synthetic_lollipop.nii.gz,False,,1.0,1826,1826.0,1,1826,1.0,1.0,0.0,15.164707930533416,19.0,4845.0,0.3768833849329205,20.601420923508517,12.55262823543096,12.543021992222917,False,0.9978267899066132,1.5936851067208058,1.5936851067208058,1.5902216941612,0.6288431378289514,867.7710571289062,0.8325547679784332,195.9809851719251,0.4752305898843955,1.201122182541995,False,False,False,False,False,1.0,1.0,1.0,87.83789704271632,90.43647316538885,89.7645125958379,87.83789704271632,90.43647316538885,89.7645125958379,80.0,81.0,83.0,96.0,99.0,97.0,17.0,19.0,15.0,17.0,19.0,15.0,-0.5615855476961404,0.7366806246365277,0.3767271292380754,-0.5615855476961404,0.7366806246365277,0.3767271292380754,18.62886719709916,11.71463530242266,11.689176938743088
582_1_185,/sfs/ceph/standard/gam_ai_group/people_scratch/ethan hirai/GrowthNet/analysis/synthetic_lollipop_v1/masks/582_1_185_synthetic_lollipop.nii.gz,False,,1.0,1643,1643.0,1,1643,1.0,1.0,0.0,14.640176539048564,28.0,12768.0,0.1286810776942356,30.752842965648156,17.503416775221027,15.789391876140382,True,0.9243785974743538,2.71549182235252,2.71549182235252,2.5101425221992995,0.3983837535742133,1131.2685546875,0.5952189983590385,536.3175632419347,0.6885383777769324,1.680053900760735,False,False,False,False,False,1.0,1.0,1.0,47.85149117468046,48.049908703590994,47.23006695069994,47.85149117468046,48.049908703590994,47.23006695069994,34.0,38.0,37.0,57.0,56.0,64.0,24.0,19.0,28.0,24.0,19.0,28.0,-0.5656892031986882,0.284198684881617,0.774097431138996,-0.5656892031986882,0.284198684881617,0.774097431138996,32.13884243171239,12.80359268347578,11.83536704738424,/Users/kvothearcane/Personal/Coding Projects/GrowthNet/rivanna_pull/analysis/synthetic_lollipop_v1/masks/582_1_185_synthetic_lollipop.nii.gz,False,,1.0,1655,1655.0,1,1655,1.0,1.0,0.0,14.675732663003725,17.0,4080.0,0.4056372549019608,19.449266017018843,12.644740616710202,12.473631764774794,False,0.9956944044715405,1.5260539665631114,1.5260539665631114,1.5194833954284894,0.658118412487162,811.2258911132812,0.8340798959272667,194.90788698404515,0.4901667015790219,1.1989259121133424,False,False,False,False,False,1.0,1.0,1.0,82.22658610271904,83.86223564954683,84.0821752265861,82.22658610271904,83.86223564954683,84.0821752265861,75.0,76.0,76.0,89.0,91.0,92.0,15.0,16.0,17.0,15.0,16.0,17.0,-0.483867860636742,0.554344446331499,0.6771810158770301,-0.483867860636742,0.554344446331499,0.6771810158770301,17.50367118925144,11.519488295767433,11.469890038471032
583_0_0,/sfs/ceph/standard/gam_ai_group/people_scratch/ethan hirai/GrowthNet/analysis/synthetic_lollipop_v1/masks/583_0_0_synthetic_lollipop.nii.gz,False,,1.0,43,43.0,1,43,1.0,1.0,0.0,4.34666941315382,7.0,84.0,0.5119047619047619,6.4819295782168656,3.09283369237107,2.725973184982462,True,0.9076712672292871,2.8807295661315666,2.8807295661315666,2.6147554558355135,0.3824449425158431,72.21926879882812,0.8218830196358892,203.7146911431494,1.6795178790425145,1.2167181656131796,False,False,False,False,False,1.0,1.0,1.0,47.627906976744185,47.906976744186046,47.86046511627907,47.627906976744185,47.906976744186046,47.86046511627907,44.0,47.0,47.0,50.0,50.0,49.0,7.0,4.0,3.0,7.0,4.0,3.0,0.97901355734515,0.1609430084558643,0.1250192087783719,0.97901355734515,0.1609430084558643,0.1250192087783719,8.00038460564912,3.059706630612114,2.7772077947575498,/Users/kvothearcane/Personal/Coding Projects/GrowthNet/rivanna_pull/analysis/synthetic_lollipop_v1/masks/583_0_0_synthetic_lollipop.nii.gz,False,,1.0,42,42.0,1,42,1.0,1.0,0.0,4.312709671069407,5.0,100.0,0.42,3.3545339843371016,3.2077069479376012,2.828427124746223,False,0.9945345826663654,1.1449477637923062,1.1449477637923062,1.1386901464379695,0.8782020316309773,61.04429626464844,0.9572055910135896,128.95455689585893,1.4534356253487724,1.0447076462864109,False,False,False,False,False,1.0,1.0,1.0,45.476190476190474,46.04761904761905,46.04761904761905,45.476190476190474,46.04761904761905,46.04761904761905,44.0,44.0,44.0,47.0,48.0,48.0,4.0,5.0,5.0,4.0,5.0,5.0,-0.9908366132277788,-0.0955060361634411,-0.0955060361634411,-0.9908366132277788,-0.0955060361634411,-0.0955060361634411,4.268004571072931,3.7481702853265455,3.727684970479708
583_1_86,/sfs/ceph/standard/gam_ai_group/people_scratch/ethan hirai/GrowthNet/analysis/synthetic_lollipop_v1/masks/583_1_86_synthetic_lollipop.nii.gz,False,,1.0,56,56.0,1,56,1.0,1.0,0.0,4.746751193158485,9.0,324.0,0.1728395061728395,8.24012958176932,4.129257542254546,3.6166436086263105,True,0.8994844944847418,2.92589647226981,2.92589647226981,2.631798509274299,0.3799682979058086,98.11001586914062,0.7214885831486989,301.1369059246639,1.7519645690917969,1.3860233181179804,False,False,False,False,False,1.0,1.0,1.0,47.714285714285715,47.857142857142854,47.732142857142854,47.714285714285715,47.857142857142854,47.732142857142854,43.0,45.0,45.0,51.0,50.0,50.0,9.0,6.0,6.0,9.0,6.0,6.0,0.8278322446478978,0.4329925581151183,0.3566668183867811,0.8278322446478978,0.4329925581151183,0.3566668183867811,9.451369072316306,3.591220619287628,3.2302472633231134,/Users/kvothearcane/Personal/Coding Projects/GrowthNet/rivanna_pull/analysis/synthetic_lollipop_v1/masks/583_1_86_synthetic_lollipop.nii.gz,False,,1.0,57,57.0,1,57,1.0,1.0,0.0,4.774839132028925,5.0,125.0,0.456,4.413154183290507,4.252766910394628,4.171639255788819,False,0.9395411147336432,1.1188934878293155,1.1188934878293155,1.0512464348233692,0.951251739719831,74.9991455078125,0.9550168765118716,129.84320732798415,1.3157744825932018,1.0471019147351888,False,False,False,False,False,1.0,1.0,1.0,50.49122807017544,51.333333333333336,51.08771929824562,50.49122807017544,51.333333333333336,51.08771929824562,49.0,49.0,49.0,53.0,53.0,53.0,5.0,5.0,5.0,5.0,5.0,5.0,-0.5763480657318769,0.0584058036029399,0.8151145129566882,-0.5763480657318769,0.0584058036029399,0.8151145129566882,4.545009443921738,4.323448140573615,4.062057285487631
583_2_278,/sfs/ceph/standard/gam_ai_group/people_scratch/ethan hirai/GrowthNet/analysis/synthetic_lollipop_v1/masks/583_2_278_synthetic_lollipop.nii.gz,False,,1.0,45,45.0,1,45,1.0,1.0,0.0,4.413041015034399,7.0,105.0,0.4285714285714285,7.05151483049897,3.2918576396207526,2.4994809416955697,True,0.8782103592038187,2.7645363163994534,2.7645363163994534,2.427844431457166,0.4118880052787447,74.02445220947266,0.8265147303868808,200.3090536533228,1.64498782687717,1.20989979154021,False,False,False,False,False,1.0,1.0,1.0,47.86666666666667,47.95555555555555,47.8,47.86666666666667,47.95555555555555,47.8,47.0,46.0,44.0,49.0,50.0,50.0,3.0,5.0,7.0,3.0,5.0,7.0,0.132528833403053,-0.3253624074977005,0.936256061184186,0.132528833403053,-0.3253624074977005,0.936256061184186,7.884237399517747,3.2474228156314418,2.851920357402365,/Users/kvothearcane/Personal/Coding Projects/GrowthNet/rivanna_pull/analysis/synthetic_lollipop_v1/masks/583_2_278_synthetic_lollipop.nii.gz,False,,1.0,37,37.0,1,37,1.0,1.0,0.0,4.13429092290855,4.0,48.0,0.7708333333333334,3.8540599353348255,2.8284271247461925,2.5064159671783584,False,0.8522123378883504,1.3260709527550183,1.3260709527550183,1.1300940268531865,0.884882121520949,54.85021209716797,0.97897957116991,120.54008285588633,1.4824381647883236,1.0214717747429294,False,False,False,False,False,1.0,1.0,1.0,42.67567567567568,42.945945945945944,42.67567567567568,42.67567567567568,42.945945945945944,42.67567567567568,41.0,42.0,41.0,44.0,44.0,44.0,4.0,3.0,4.0,4.0,3.0,4.0,-0.6939187361562573,-0.192233127276771,-0.6939187361562558,-0.6939187361562573,-0.192233127276771,-0.6939187361562558,4.261851465420269,3.771236166328253,3.2138939900357
583_3_460,/sfs/ceph/standard/gam_ai_group/people_scratch/ethan hirai/GrowthNet/analysis/synthetic_lollipop_v1/masks/583_3_460_synthetic_lollipop.nii.gz,False,,1.0,47,47.0,1,47,1.0,1.0,0.0,4.477474060769193,7.0,140.0,0.3357142857142857,6.937335546474804,3.6430053108726534,3.0921503246662594,True,0.9260991654067068,2.622286559494564,2.622286559494564,2.4284973942051407,0.4117772588046383,77.7588882446289,0.8099645047739777,212.84056939137685,1.6544444307367852,1.2346220039346687,False,False,False,False,False,1.0,1.0,1.0,47.680851063829785,47.87234042553192,47.97872340425532,47.680851063829785,47.87234042553192,47.97872340425532,44.0,46.0,46.0,50.0,50.0,49.0,7.0,5.0,4.0,7.0,5.0,4.0,-0.9037882847550116,-0.3949381639691501,0.1648956730186423,-0.9037882847550114,-0.3949381639691501,0.1648956730186423,8.007735790509612,3.2974034930478417,3.053722622920766,/Users/kvothearcane/Personal/Coding Projects/GrowthNet/rivanna_pull/analysis/synthetic_lollipop_v1/masks/583_3_460_synthetic_lollipop.nii.gz,False,,1.0,39,39.0,1,39,1.0,1.0,0.0,4.207479366835002,5.0,80.0,0.4875,3.385795991317626,3.1370099677591594,3.090974732557226,False,0.957381411984173,1.2290087777189986,1.2290087777189986,1.1766301589535575,0.8498847257912847,57.72853088378906,0.9633927131398796,126.48595442922807,1.480218740609976,1.0379983015864944,False,False,False,False,False,1.0,1.0,1.0,46.87179487179487,47.48717948717949,46.97435897435897,46.87179487179487,47.48717948717949,46.97435897435897,45.0,46.0,45.0,48.0,49.0,49.0,4.0,4.0,5.0,4.0,4.0,5.0,0.1041603212799604,-0.9889727224861596,0.1052785906496137,0.1041603212799604,-0.9889727224861596,0.1052785906496137,4.3076122202107845,3.66097383058903,3.504948295166432
587_1_340,/sfs/ceph/standard/gam_ai_group/people_scratch/ethan hirai/GrowthNet/analysis/synthetic_lollipop_v1/masks/587_1_340_synthetic_lollipop.nii.gz,False,,1.0,43,43.0,1,43,1.0,1.0,0.0,4.34666941315382,7.0,175.0,0.2457142857142857,6.967780721029186,3.282614392076976,2.866306143183217,True,0.9267452314380052,2.708974516210153,2.708974516210153,2.510529214984836,0.3983223911640638,77.0570068359375,0.7702841461601482,247.45685855873893,1.7920234147892442,1.298222227453312,False,False,False,False,False,1.0,1.0,1.0,47.65116279069768,47.86046511627907,47.86046511627907,47.65116279069768,47.86046511627907,47.86046511627907,44.0,46.0,46.0,50.0,50.0,50.0,7.0,5.0,5.0,7.0,5.0,5.0,0.8429695312812986,0.4927667555601843,0.2158316333304214,0.8429695312812986,0.4927667555601843,0.2158316333304214,7.786535253157086,3.1015513409208095,2.874347915258511,/Users/kvothearcane/Personal/Coding Projects/GrowthNet/rivanna_pull/analysis/synthetic_lollipop_v1/masks/587_1_340_synthetic_lollipop.nii.gz,False,,1.0,32,32.0,1,32,1.0,1.0,0.0,3.938980087370786,4.0,36.0,0.8888888888888888,3.0,2.0,2.0,False,1.0,1.3205112646244257,1.3205112646244257,1.3205112646244257,0.757282445662753,49.43806076049805,0.9859525542309192,118.00062950518306,1.544939398765564,1.014247587988692,False,False,False,False,False,1.0,1.0,1.0,42.6875,43.0,43.0,42.6875,43.0,43.0,41.0,42.0,42.0,44.0,44.0,44.0,4.0,3.0,3.0,4.0,3.0,3.0,1.0,0.0,0.0,1.0,0.0,0.0,4.242640687119285,3.2128773156099952,3.2128773156099952
592_1_253,/sfs/ceph/standard/gam_ai_group/people_scratch/ethan hirai/GrowthNet/analysis/synthetic_lollipop_v1/masks/592_1_253_synthetic_lollipop.nii.gz,False,,1.0,66,66.0,1,66,1.0,1.0,0.0,5.013970461270554,9.0,360.0,0.1833333333333333,9.2692405537156,4.669987679925417,3.992181566191666,True,0.91976767281654,2.841732481306358,2.841732481306358,2.6137336710983208,0.3825944514001645,106.30085754394533,0.7429791847970897,275.75438869989534,1.6106190536961411,1.3459327265986645,False,False,False,False,False,1.0,1.0,1.0,47.833333333333336,47.96969696969697,47.84848484848485,47.833333333333336,47.96969696969697,47.84848484848485,44.0,46.0,43.0,51.0,50.0,51.0,8.0,5.0,9.0,8.0,5.0,9.0,0.6689995802244042,-0.1143896518364621,0.7344076315046735,0.6689995802244042,-0.1143896518364621,0.7344076315046735,10.05380441895467,3.846529786154512,3.5379137498308384,/Users/kvothearcane/Personal/Coding Projects/GrowthNet/rivanna_pull/analysis/synthetic_lollipop_v1/masks/592_1_253_synthetic_lollipop.nii.gz,False,,1.0,70,70.0,1,70,1.0,1.0,0.0,5.113282717745438,5.0,125.0,0.56,4.949747468305834,4.242640687119286,4.0,False,0.9883036912035246,1.1269729487484976,1.1269729487484976,1.1137915251346608,0.8978340896238162,87.05036926269531,0.9435803035783744,134.62191778554234,1.2435767037527905,1.0597932112483306,False,False,False,False,False,1.0,1.0,1.0,48.77142857142857,48.77142857142857,49.0,48.77142857142857,48.77142857142857,49.0,47.0,47.0,47.0,51.0,51.0,51.0,5.0,5.0,5.0,5.0,5.0,5.0,-0.7071067811865472,-0.7071067811865478,-1.5180451948600038e-17,-0.7071067811865472,-0.7071067811865478,-1.5180451948600038e-17,4.973803007368472,4.4656498950888714,4.413418274938964
592_2_1030,/sfs/ceph/standard/gam_ai_group/people_scratch/ethan hirai/GrowthNet/analysis/synthetic_lollipop_v1/masks/592_2_1030_synthetic_lollipop.nii.gz,False,,1.0,78,78.0,1,78,1.0,1.0,0.0,5.301091821273772,11.0,330.0,0.2363636363636363,10.045703961519676,5.636101010124301,4.345490496133884,True,0.8724859229738213,3.031542996467661,3.031542996467661,2.644978589307911,0.3780748940813397,129.5772705078125,0.6813208801968643,357.59980806893975,1.6612470577924678,1.4677371985297951,False,False,False,False,False,1.0,1.0,1.0,47.8974358974359,48.02564102564103,48.12820512820513,47.8974358974359,48.02564102564103,48.12820512820513,41.0,46.0,46.0,51.0,51.0,50.0,11.0,6.0,5.0,11.0,6.0,5.0,-0.9997626837265652,-0.0064792803963632,0.020798921928831,-0.9997626837265652,-0.0064792803963632,0.020798921928831,11.216208754104391,4.240566936702214,3.6998349577009018,/Users/kvothearcane/Personal/Coding Projects/GrowthNet/rivanna_pull/analysis/synthetic_lollipop_v1/masks/592_2_1030_synthetic_lollipop.nii.gz,False,,1.0,77,77.0,1,77,1.0,1.0,0.0,5.278340074235308,6.0,150.0,0.5133333333333333,5.115832895216526,4.803234258883904,4.255102638779823,False,0.9254456985696676,1.1859272770498026,1.1859272770498026,1.0975112973621783,0.911152352056382,94.03052520751952,0.9308415187202296,140.22489880142854,1.2211756520457082,1.0742967303122162,False,False,False,False,False,1.0,1.0,1.0,50.935064935064936,51.41558441558441,51.20779220779221,50.935064935064936,51.41558441558441,51.20779220779221,49.0,49.0,49.0,53.0,54.0,53.0,5.0,6.0,5.0,5.0,6.0,5.0,-0.2712024985297693,0.8245342955895214,0.4965807086344595,-0.2712024985297694,0.8245342955895216,0.4965807086344596,5.19727015712369,4.7355049279356916,4.38245266611355
593_0_0,/sfs/ceph/standard/gam_ai_group/people_scratch/ethan hirai/GrowthNet/analysis/synthetic_lollipop_v1/masks/593_0_0_synthetic_lollipop.nii.gz,False,,1.0,46,46.0,1,46,1.0,1.0,0.0,4.445491011401585,6.0,180.0,0.2555555555555555,7.273930158313561,3.6467655373081262,2.854951247703472,True,0.8212958937027075,2.801907058603869,2.801907058603869,2.301194761767989,0.4345568730704516,81.35783386230469,0.7631149618718142,254.49688312067488,1.768648562224015,1.3104185476158663,False,False,False,False,False,1.0,1.0,1.0,47.80434782608695,48.06521739130435,47.91304347826087,47.80434782608695,48.06521739130435,47.91304347826087,46.0,46.0,45.0,50.0,51.0,50.0,5.0,6.0,6.0,5.0,6.0,6.0,0.3979641040547724,-0.6136359846026179,0.6819644054381857,0.3979641040547724,-0.6136359846026179,0.6819644054381857,8.013100409383444,3.482147857501225,2.8598737366314366,/Users/kvothearcane/Personal/Coding Projects/GrowthNet/rivanna_pull/analysis/synthetic_lollipop_v1/masks/593_0_0_synthetic_lollipop.nii.gz,False,,1.0,13,13.0,1,13,1.0,1.0,0.0,2.9173032555927185,3.0,27.0,0.4814814814814814,2.23606797749979,2.23606797749979,2.0,False,0.8623164985025762,1.1596670152276027,1.1596670152276027,1.0,1.0,25.927471160888672,1.031223653851374,103.13207956499636,1.994420858529898,0.9697217439352162,False,False,False,False,False,1.0,1.0,1.0,36.69230769230769,37.0,37.15384615384615,36.69230769230769,37.0,37.15384615384615,36.0,36.0,36.0,38.0,38.0,38.0,3.0,3.0,3.0,3.0,3.0,3.0,0.0,-1.0,0.0,0.0,-1.0,0.0,2.8284271247461903,2.8284271247461903,2.438999374480844
593_1_403,/sfs/ceph/standard/gam_ai_group/people_scratch/ethan hirai/GrowthNet/analysis/synthetic_lollipop_v1/masks/593_1_403_synthetic_lollipop.nii.gz,False,,1.0,45,45.0,1,45,1.0,1.0,0.0,4.413041015034399,7.0,84.0,0.5357142857142857,6.506457724650424,2.958587976995529,2.3390896914899755,True,0.8866085917903973,2.815049319490932,2.815049319490932,2.495846912974371,0.4006655996413945,75.7298583984375,0.8079019485029327,214.47486679145507,1.6828857421875,1.2377739673150077,False,False,False,False,False,1.0,1.0,1.0,47.644444444444446,47.977777777777774,47.84444444444444,47.644444444444446,47.977777777777774,47.84444444444444,44.0,47.0,47.0,50.0,50.0,49.0,7.0,4.0,3.0,7.0,4.0,3.0,0.9788597759106248,0.1768490662786546,0.1027518703507117,0.9788597759106248,0.1768490662786546,0.1027518703507117,8.013000104619337,3.2105334918438637,2.846486578099595,/Users/kvothearcane/Personal/Coding Projects/GrowthNet/rivanna_pull/analysis/synthetic_lollipop_v1/masks/593_1_403_synthetic_lollipop.nii.gz,False,,1.0,32,32.0,1,32,1.0,1.0,0.0,3.938980087370786,4.0,48.0,0.6666666666666666,3.6883585510017074,3.2405669446497294,2.5086576451270712,False,0.8683368616133519,1.2975921872459744,1.2975921872459744,1.126747127527174,0.8875105829598688,49.1912956237793,0.9908985251340596,116.24246943228698,1.537227988243103,1.0091850725731062,False,False,False,False,False,1.0,1.0,1.0,41.96875,41.78125,42.15625,41.96875,41.78125,42.15625,41.0,40.0,41.0,43.0,43.0,44.0,3.0,4.0,4.0,3.0,4.0,4.0,-0.1183905251311203,-0.865438781041532,0.4868258413729954,-0.1183905251311203,-0.865438781041532,0.4868258413729954,4.022340389970814,3.569869664366023,3.099849420724302
593_3_2370,/sfs/ceph/standard/gam_ai_group/people_scratch/ethan hirai/GrowthNet/analysis/synthetic_lollipop_v1/masks/593_3_2370_synthetic_lollipop.nii.gz,False,,1.0,116,116.0,1,116,1.0,1.0,0.0,6.050897399235387,13.0,637.0,0.1821036106750392,12.481363992953993,6.349295917684128,6.1764126594223185,True,0.940429989783096,2.6845421636705256,2.6845421636705256,2.5246239595529625,0.3960985936998993,183.00540161132812,0.6285293204500251,455.4867493834613,1.5776327725114494,1.591015673356341,False,False,False,False,False,1.0,1.0,1.0,48.22413793103448,48.01724137931034,48.03448275862069,48.22413793103448,48.01724137931034,48.03448275862069,40.0,46.0,45.0,52.0,52.0,51.0,13.0,7.0,7.0,13.0,7.0,7.0,-0.9314754198207074,-0.2340597502985014,0.2785131515028331,-0.9314754198207074,-0.2340597502985014,0.2785131515028331,13.367292470508904,5.29476574914383,4.979356499371218,/Users/kvothearcane/Personal/Coding Projects/GrowthNet/rivanna_pull/analysis/synthetic_lollipop_v1/masks/593_3_2370_synthetic_lollipop.nii.gz,False,,1.0,109,109.0,1,109,1.0,1.0,0.0,5.926650153721812,6.0,180.0,0.6055555555555555,5.785512198207426,5.133269029748667,4.787469378615063,False,0.9532885712647288,1.178353962454935,1.178353962454935,1.1233113653127969,0.8902251244663053,115.67645263671876,0.9539453480122162,130.2812419676033,1.0612518590524656,1.0482780822651423,False,False,False,False,False,1.0,1.0,1.0,54.972477064220186,54.77064220183486,54.48623853211009,54.972477064220186,54.77064220183486,54.48623853211009,53.0,52.0,52.0,57.0,57.0,57.0,5.0,6.0,6.0,5.0,6.0,6.0,0.0865165798615026,0.3373244786906109,0.9374044364548184,0.0865165798615026,0.3373244786906109,0.9374044364548184,5.8246276733578926,5.185229895484916,4.943020398745975
595_1_357,/sfs/ceph/standard/gam_ai_group/people_scratch/ethan hirai/GrowthNet/analysis/synthetic_lollipop_v1/masks/595_1_357_synthetic_lollipop.nii.gz,False,,1.0,306,306.0,1,306,1.0,1.0,0.0,8.360667165881503,17.0,1989.0,0.1538461538461538,17.260847165371356,9.533524614024728,8.442042140943071,True,0.887946883247225,2.7932242333955175,2.7932242333955175,2.4802347522541695,0.4031876414485148,359.69635009765625,0.6105141177263765,497.0101293252114,1.1754782682929945,1.6379637603207486,False,False,False,False,False,1.0,1.0,1.0,47.826797385620914,48.37908496732026,48.00653594771242,47.826797385620914,48.37908496732026,48.00653594771242,44.0,38.0,42.0,52.0,54.0,54.0,9.0,17.0,13.0,9.0,17.0,13.0,0.1877462794502476,0.8651386948537163,0.4650659880268585,0.1877462794502476,0.8651386948537163,0.4650659880268585,18.300014635775018,7.378339739471431,6.5515737752028,/Users/kvothearcane/Personal/Coding Projects/GrowthNet/rivanna_pull/analysis/synthetic_lollipop_v1/masks/595_1_357_synthetic_lollipop.nii.gz,False,,1.0,292,292.0,1,292,1.0,1.0,0.0,8.231166936456948,9.0,504.0,0.5793650793650794,8.745302356813285,7.332437950108003,6.641443438592271,False,0.9838616687591782,1.248891771225513,1.248891771225513,1.228736742137539,0.8138439795170255,230.8566436767578,0.9219987128650337,144.2983712777707,0.7906049440984857,1.0846002126104752,False,False,False,False,False,1.0,1.0,1.0,64.02739726027397,65.16780821917808,65.0513698630137,64.02739726027397,65.16780821917808,65.0513698630137,60.0,62.0,62.0,68.0,69.0,68.0,9.0,8.0,7.0,9.0,8.0,7.0,-0.9716908104839586,0.224689591703163,0.0730175061289665,-0.9716908104839586,0.224689591703163,0.0730175061289665,8.502680162050828,6.919855059643913,6.808180146552903
595_2_652,/sfs/ceph/standard/gam_ai_group/people_scratch/ethan hirai/GrowthNet/analysis/synthetic_lollipop_v1/masks/595_2_652_synthetic_lollipop.nii.gz,False,,1.0,293,293.0,1,293,1.0,1.0,0.0,8.240552539726075,15.0,2250.0,0.1302222222222222,16.775840054923872,9.67797724621859,8.726570280247032,True,0.8956474770980029,2.624053398891782,2.624053398891782,2.350226806487864,0.4254908493254665,355.57745361328125,0.5999683248581653,523.6817096820482,1.2135749270077858,1.6667546578169834,False,False,False,False,False,1.0,1.0,1.0,48.569965870307165,47.97952218430034,47.918088737201366,48.569965870307165,47.97952218430034,47.918088737201366,40.0,44.0,43.0,54.0,53.0,57.0,15.0,10.0,15.0,15.0,10.0,15.0,-0.6943853601798188,-0.2230507126437554,0.6841617872674973,-0.6943853601798188,-0.2230507126437554,0.6841617872674973,17.602526520771814,7.489713959597249,6.708143412098969,/Users/kvothearcane/Personal/Coding Projects/GrowthNet/rivanna_pull/analysis/synthetic_lollipop_v1/masks/595_2_652_synthetic_lollipop.nii.gz,False,,1.0,292,292.0,1,292,1.0,1.0,0.0,8.231166936456948,9.0,504.0,0.5793650793650794,9.46821632035601,7.307143708195347,7.263465059378008,False,0.9875437484074768,1.2361034433910774,1.2361034433910774,1.2207062279058136,0.8191979176804505,228.16766357421875,0.932864565434253,139.31458414353614,0.7813961081308861,1.0719669682538484,False,False,False,False,False,1.0,1.0,1.0,63.99657534246575,63.6986301369863,64.4417808219178,63.99657534246575,63.6986301369863,64.4417808219178,61.0,60.0,60.0,67.0,67.0,68.0,7.0,8.0,9.0,7.0,8.0,9.0,-0.0431689682135616,-0.5248911569366268,0.8500739459324148,-0.0431689682135616,-0.5248911569366268,0.8500739459324148,8.461802546196294,6.931891025667138,6.845545647039474
595_3_1268,/sfs/ceph/standard/gam_ai_group/people_scratch/ethan hirai/GrowthNet/analysis/synthetic_lollipop_v1/masks/595_3_1268_synthetic_lollipop.nii.gz,False,,1.0,605,605.0,1,605,1.0,1.0,0.0,10.493464979203624,22.0,3168.0,0.1909722222222222,21.781805952695084,12.841141616906484,11.133742406568045,True,0.9214318604076918,2.6767730791031736,2.6767730791031736,2.466463998167263,0.4054387174282951,562.001708984375,0.6155312000919287,484.9558017138365,0.9289284446022728,1.624613016936674,False,False,False,False,False,1.0,1.0,1.0,47.74214876033058,48.41652892561984,47.474380165289254,47.74214876033058,48.41652892561984,47.474380165289254,42.0,33.0,41.0,53.0,54.0,52.0,12.0,22.0,12.0,12.0,22.0,12.0,0.0254207564855745,-0.9832644296136626,0.1804019029728349,0.0254207564855745,-0.9832644296136626,0.1804019029728349,22.827197879421657,9.255029830714614,8.527879355044051,/Users/kvothearcane/Personal/Coding Projects/GrowthNet/rivanna_pull/analysis/synthetic_lollipop_v1/masks/595_3_1268_synthetic_lollipop.nii.gz,False,,1.0,645,645.0,1,645,1.0,1.0,0.0,10.71980858984289,13.0,1287.0,0.5011655011655012,13.268117394265364,9.01081118522364,8.987820363218574,False,0.9832895448112152,1.4285232684608598,1.4285232684608598,1.4046519943971083,0.7119201083177976,399.93548583984375,0.902680361021892,153.76248590192588,0.6200550168059593,1.1078118492219504,False,False,False,False,False,1.0,1.0,1.0,68.24031007751938,70.08992248062016,69.14418604651163,68.24031007751938,70.08992248062016,69.14418604651163,63.0,64.0,65.0,73.0,76.0,73.0,11.0,13.0,9.0,11.0,13.0,9.0,-0.576632614490669,0.8098757231774497,0.1076853792929122,-0.576632614490669,0.8098757231774497,0.1076853792929122,12.144445282839223,8.645874801218467,8.501398297784863
595_4_1631,/sfs/ceph/standard/gam_ai_group/people_scratch/ethan hirai/GrowthNet/analysis/synthetic_lollipop_v1/masks/595_4_1631_synthetic_lollipop.nii.gz,False,,1.0,843,843.0,1,843,1.0,1.0,0.0,11.720414852110553,25.0,5200.0,0.1621153846153846,24.476569835050167,13.66065336999842,12.447499631351803,True,0.9331505126329828,2.6482189322176493,2.6482189322176493,2.4711868541632693,0.4046638554730393,719.9625244140625,0.5994127131922843,525.1393036537638,0.8540480716655545,1.6682996172608908,False,False,False,False,False,1.0,1.0,1.0,48.01779359430605,48.55278766310795,48.29655990510083,48.01779359430605,48.55278766310795,48.29655990510083,43.0,42.0,32.0,55.0,57.0,56.0,13.0,16.0,25.0,13.0,16.0,25.0,0.1915798596470027,0.3824848531000048,0.9038819029755506,0.1915798596470027,0.3824848531000048,0.9038819029755506,25.118569539497383,10.164577193820657,9.48508041911127,/Users/kvothearcane/Personal/Coding Projects/GrowthNet/rivanna_pull/analysis/synthetic_lollipop_v1/masks/595_4_1631_synthetic_lollipop.nii.gz,False,,1.0,811,811.0,1,811,1.0,1.0,0.0,11.57019674519295,15.0,1800.0,0.4505555555555555,15.76249410227919,9.645886429269115,9.52051303852635,False,0.9908194976271176,1.6125246838776277,1.6125246838776277,1.5977208971909576,0.6258915444857459,496.5846557617187,0.846911567510882,186.18220924547745,0.6123115360810342,1.1807608236348135,False,False,False,False,False,1.0,1.0,1.0,71.13933415536376,71.75092478421702,70.66831072749692,71.13933415536376,71.75092478421702,70.66831072749692,66.0,67.0,64.0,77.0,76.0,78.0,12.0,10.0,15.0,12.0,10.0,15.0,-0.5276001968825725,-0.1533500782530662,-0.8355368248911889,-0.5276001968825725,-0.1533500782530662,-0.8355368248911889,14.30143914403314,8.951149834227806,8.86897378193465
595_5_1995,/sfs/ceph/standard/gam_ai_group/people_scratch/ethan hirai/GrowthNet/analysis/synthetic_lollipop_v1/masks/595_5_1995_synthetic_lollipop.nii.gz,False,,1.0,944,944.0,1,944,1.0,1.0,0.0,12.170949412750986,25.0,6300.0,0.1498412698412698,25.374034604803548,15.163863303977944,12.788173149731094,True,0.8902667554900899,2.766265466208353,2.766265466208353,2.4627141814255915,0.4060560529282087,769.3181762695312,0.6049128273581006,510.9448094283715,0.8149556952007746,1.6531307566536573,False,False,False,False,False,1.0,1.0,1.0,47.98199152542373,48.23411016949152,48.3125,47.98199152542373,48.23411016949152,48.3125,42.0,39.0,33.0,55.0,56.0,57.0,14.0,18.0,25.0,14.0,18.0,25.0,0.1325001453245597,0.5024362790889143,0.8544012505516699,0.1325001453245597,0.5024362790889143,0.8544012505516699,26.393759842772745,10.717345943691358,9.54129680075498,/Users/kvothearcane/Personal/Coding Projects/GrowthNet/rivanna_pull/analysis/synthetic_lollipop_v1/masks/595_5_1995_synthetic_lollipop.nii.gz,False,,1.0,908,908.0,1,908,1.0,1.0,0.0,12.014224474460462,15.0,1980.0,0.4585858585858586,16.22434130914541,9.849883650161328,9.81589469537484,False,0.992636158758978,1.5393985682696951,1.5393985682696951,1.5280626816063008,0.6544234160268866,531.6837768554688,0.852880034373612,182.30078129056,0.5855548203254061,1.172497842248633,False,False,False,False,False,1.0,1.0,1.0,68.60022026431719,69.85242290748899,70.73898678414096,68.60022026431719,69.85242290748899,70.73898678414096,62.0,65.0,65.0,76.0,75.0,76.0,15.0,11.0,12.0,15.0,11.0,12.0,-0.8807882796842956,-0.0794925163090524,0.466790045118396,-0.8807882796842956,-0.0794925163090524,0.466790045118396,14.376809915216718,9.408521056285338,9.33923820091404
601_1_201,/sfs/ceph/standard/gam_ai_group/people_scratch/ethan hirai/GrowthNet/analysis/synthetic_lollipop_v1/masks/601_1_201_synthetic_lollipop.nii.gz,False,,1.0,4473,4473.0,1,4473,1.0,1.0,0.0,20.44247264556505,35.0,39200.0,0.1141071428571428,42.637057190239474,25.36806848247002,22.497654346262973,True,0.8883496216991414,2.7504871331826832,2.7504871331826832,2.443394204251193,0.4092667479771082,2197.943359375,0.5973106066496557,530.7031840501359,0.4913801384697071,1.6741708398734934,False,False,False,False,False,1.0,1.0,1.0,48.666666666666664,47.61927118265147,47.846635367762126,48.666666666666664,47.61927118265147,47.846635367762126,29.0,33.0,33.0,63.0,64.0,67.0,35.0,32.0,35.0,35.0,32.0,35.0,-0.6341107559122958,0.4990697857698695,0.5906207735662145,-0.6341107559122958,0.4990697857698695,0.5906207735662145,44.3771144443905,18.16207731326366,16.13427451050833,/Users/kvothearcane/Personal/Coding Projects/GrowthNet/rivanna_pull/analysis/synthetic_lollipop_v1/masks/601_1_201_synthetic_lollipop.nii.gz,False,,1.0,4419,4419.0,1,4419,1.0,1.0,0.0,20.359875895743254,27.0,7803.0,0.566320645905421,26.389707130775804,17.23968728850268,17.061218814856637,False,0.9978960040526372,1.4953413701087332,1.4953413701087332,1.492195177926101,0.6701536198433714,1527.4090576171875,0.8525988918891306,182.48118052861955,0.3456458605153173,1.1728844706615418,False,False,False,False,False,1.0,1.0,1.0,107.86580674360717,105.55284000905182,107.88707852455306,107.86580674360717,105.55284000905182,107.88707852455306,100.0,94.0,100.0,116.0,120.0,116.0,17.0,27.0,17.0,17.0,27.0,17.0,0.0352144208760984,0.9981545335123252,0.0494719293251603,0.0352144208760984,0.9981545335123252,0.0494719293251603,23.943274907453446,16.04567235013489,16.011912320537498
601_2_616,/sfs/ceph/standard/gam_ai_group/people_scratch/ethan hirai/GrowthNet/analysis/synthetic_lollipop_v1/masks/601_2_616_synthetic_lollipop.nii.gz,False,,1.0,2071,2071.0,1,2071,1.0,1.0,0.0,15.814683041589449,28.0,20412.0,0.1014599255339996,32.99389474037189,19.103823698401357,16.82378178271907,True,0.8901202096276494,2.7387146182375637,2.7387146182375637,2.437785230095928,0.4102084087040963,1317.7603759765625,0.5962582657304765,533.518072943895,0.636291828091049,1.6771255972022443,False,False,False,False,False,1.0,1.0,1.0,48.34862385321101,48.07339449541284,47.344760985031385,48.34862385321101,48.07339449541284,47.344760985031385,34.0,33.0,35.0,60.0,59.0,62.0,27.0,27.0,28.0,27.0,27.0,28.0,-0.5598155949313429,-0.5830379001219345,0.5887896964902425,-0.5598155949313429,-0.5830379001219345,0.5887896964902425,34.16428887367638,14.01447857337785,12.474570605557291,/Users/kvothearcane/Personal/Coding Projects/GrowthNet/rivanna_pull/analysis/synthetic_lollipop_v1/masks/601_2_616_synthetic_lollipop.nii.gz,False,,1.0,2054,2054.0,1,2054,1.0,1.0,0.0,15.77129198884161,19.0,4845.0,0.4239422084623323,21.149706694486103,13.335648720664588,13.143288413792812,False,0.9963828996223496,1.5241431402129433,1.5241431402129433,1.5186301614848856,0.6584881726714952,920.7293701171876,0.8486965182551166,185.00996115032692,0.4482616212839277,1.178277486110061,False,False,False,False,False,1.0,1.0,1.0,89.0730282375852,91.40214216163584,91.3188899707887,89.0730282375852,91.40214216163584,91.3188899707887,82.0,82.0,83.0,96.0,100.0,99.0,15.0,19.0,17.0,15.0,19.0,17.0,-0.4425934550593942,0.651452740709935,0.6162145406918782,-0.4425934550593942,0.651452740709935,0.6162145406918782,18.802383750180137,12.38114731752433,12.336363464886368
603_0_0,/sfs/ceph/standard/gam_ai_group/people_scratch/ethan hirai/GrowthNet/analysis/synthetic_lollipop_v1/masks/603_0_0_synthetic_lollipop.nii.gz,False,,1.0,303,303.0,1,303,1.0,1.0,0.0,8.333254945612431,16.0,1872.0,0.1618589743589743,17.028071823590096,10.006334670838264,8.516104319809042,True,0.9109691677445648,2.714394030337444,2.714394030337444,2.4727292707473163,0.4044114379322152,355.28717041015625,0.6140442726802445,488.4873465966433,1.1725649188454002,1.6285470681700127,False,False,False,False,False,1.0,1.0,1.0,48.18151815181518,48.31023102310231,47.90759075907591,48.18151815181518,48.31023102310231,47.90759075907591,38.0,45.0,42.0,53.0,53.0,54.0,16.0,9.0,13.0,16.0,9.0,13.0,-0.8754634221127273,-0.2350770939281126,0.4222588737409624,-0.8754634221127273,-0.2350770939281126,0.4222588737409624,17.869916771041108,7.226798737105742,6.58339083099869,/Users/kvothearcane/Personal/Coding Projects/GrowthNet/rivanna_pull/analysis/synthetic_lollipop_v1/masks/603_0_0_synthetic_lollipop.nii.gz,False,,1.0,296,296.0,1,296,1.0,1.0,0.0,8.2685818458171,9.0,504.0,0.5873015873015873,8.9088513994255,7.276827811297209,7.028904278316882,False,0.9870519461327796,1.242201271962155,1.242201271962155,1.226117182978859,0.8155827304944002,232.9044647216797,0.9222191112846582,144.19493967676507,0.7868394078435125,1.0843410072113908,False,False,False,False,False,1.0,1.0,1.0,65.18243243243244,65.96621621621621,66.60810810810811,65.18243243243244,65.96621621621621,66.60810810810811,61.0,63.0,63.0,69.0,69.0,70.0,9.0,7.0,8.0,9.0,7.0,8.0,-0.835486705926025,-0.0302475709851815,0.5486775452580287,-0.835486705926025,-0.0302475709851815,0.5486775452580287,8.525982299013998,6.95364392357676,6.8636077674808185
603_1_860,/sfs/ceph/standard/gam_ai_group/people_scratch/ethan hirai/GrowthNet/analysis/synthetic_lollipop_v1/masks/603_1_860_synthetic_lollipop.nii.gz,False,,1.0,44,44.0,1,44,1.0,1.0,0.0,4.380106645730805,7.0,175.0,0.2514285714285714,7.427330779323443,3.154058838333501,2.686610843111519,True,0.8759742191994673,2.987309025959873,2.987309025959873,2.616805691522721,0.3821453015176298,74.96495056152344,0.8040091351465133,217.6052774208972,1.70374887639826,1.2437669626947356,False,False,False,False,False,1.0,1.0,1.0,47.68181818181818,48.11363636363637,47.79545454545455,47.68181818181818,48.11363636363637,47.79545454545455,44.0,46.0,46.0,50.0,50.0,50.0,7.0,5.0,5.0,7.0,5.0,5.0,0.8255136510065192,-0.4449862857006187,0.3471518652409262,0.8255136510065191,-0.4449862857006187,0.3471518652409261,8.232211782149546,3.145901053646523,2.7557282191467944,/Users/kvothearcane/Personal/Coding Projects/GrowthNet/rivanna_pull/analysis/synthetic_lollipop_v1/masks/603_1_860_synthetic_lollipop.nii.gz,False,,1.0,48,48.0,1,48,1.0,1.0,0.0,4.509006607147306,5.0,125.0,0.384,4.242640687119284,3.949131581218756,3.845877632227385,False,0.972398556576196,1.1139052960589704,1.1139052960589704,1.083159902050323,0.9232247225059672,66.51179504394531,0.9603133076379794,127.70665566664638,1.3856623967488606,1.041326817036031,False,False,False,False,False,1.0,1.0,1.0,45.666666666666664,46.125,45.666666666666664,45.666666666666664,46.125,45.666666666666664,44.0,44.0,44.0,48.0,48.0,48.0,5.0,5.0,5.0,5.0,5.0,5.0,-0.6798615383404125,0.2749119447583485,-0.6798615383404114,-0.6798615383404125,0.2749119447583485,-0.6798615383404114,4.3326396082012915,4.0,3.889594226304783
604_1_178,/sfs/ceph/standard/gam_ai_group/people_scratch/ethan hirai/GrowthNet/analysis/synthetic_lollipop_v1/masks/604_1_178_synthetic_lollipop.nii.gz,False,,1.0,2894,2894.0,1,2894,1.0,1.0,0.0,17.680720880991913,34.0,22678.0,0.1276126642561072,37.23974240777629,22.13280689687435,18.85749077395104,True,0.8779858149604955,2.7613877408528325,2.7613877408528325,2.424459266074596,0.4124631063070342,1657.41259765625,0.5925420470467105,543.6192824111889,0.5727064953891673,1.6876439486178256,False,False,False,False,False,1.0,1.0,1.0,48.55597788527989,47.35452660677263,48.41326883206634,48.55597788527989,47.35452660677263,48.41326883206634,28.0,35.0,37.0,61.0,63.0,59.0,34.0,29.0,23.0,34.0,29.0,23.0,-0.7731557755941273,0.5577225248458688,0.3019531949574186,-0.7731557755941272,0.5577225248458687,0.3019531949574185,38.52296765437586,15.88930290288927,13.950582558347405,/Users/kvothearcane/Personal/Coding Projects/GrowthNet/rivanna_pull/analysis/synthetic_lollipop_v1/masks/604_1_178_synthetic_lollipop.nii.gz,False,,1.0,2962,2962.0,1,2962,1.0,1.0,0.0,17.818130851780523,24.0,5400.0,0.5485185185185185,23.266003322338932,14.62701155130742,14.538766526846404,False,0.9967491475251562,1.6115571277440708,1.6115571277440708,1.606318193266992,0.6225416634086435,1177.059814453125,0.8473749625736279,185.8769297123131,0.3973868381003123,1.180115113341115,False,False,False,False,False,1.0,1.0,1.0,99.660364618501,102.08170155300472,102.05165428764349,99.660364618501,102.08170155300472,102.05165428764349,89.0,95.0,95.0,112.0,109.0,109.0,24.0,15.0,15.0,24.0,15.0,15.0,-0.9992014507052976,0.0398679508481377,-0.0026471500900607,-0.9992014507052976,0.0398679508481377,-0.0026471500900607,22.029727867649953,13.714423431166551,13.669839863814287
604_2_258,/sfs/ceph/standard/gam_ai_group/people_scratch/ethan hirai/GrowthNet/analysis/synthetic_lollipop_v1/masks/604_2_258_synthetic_lollipop.nii.gz,False,,1.0,3841,3841.0,1,3841,1.0,1.0,0.0,19.430406878541127,35.0,32480.0,0.1182573891625615,40.540644858277574,23.754077529926683,20.85634620501408,True,0.8904212201368938,2.7378616559228877,2.7378616559228877,2.437850116232874,0.410197490543539,1998.1171875,0.5935983800107197,540.7222646422124,0.5202075468627961,1.6846407161386476,False,False,False,False,False,1.0,1.0,1.0,48.42593074720125,47.91694871127311,48.76256183285603,48.42593074720125,47.91694871127311,48.76256183285603,28.0,34.0,34.0,62.0,65.0,62.0,35.0,32.0,29.0,35.0,32.0,29.0,0.6777026378936286,-0.5511281124225519,0.4868027714481218,0.6777026378936286,-0.5511281124225519,0.4868027714481218,41.97959885966024,17.219926106257045,15.33298761420055,/Users/kvothearcane/Personal/Coding Projects/GrowthNet/rivanna_pull/analysis/synthetic_lollipop_v1/masks/604_2_258_synthetic_lollipop.nii.gz,False,,1.0,3925,3925.0,1,3925,1.0,1.0,0.0,19.57102986162855,26.0,8398.0,0.4673731840914503,25.893910151332513,16.70054950405271,16.29418373587602,False,0.9915267996404452,1.4989984179019975,1.4989984179019975,1.4862971039684587,0.6728129909760098,1432.077392578125,0.8402542988418347,190.6426842770876,0.3648604821855095,1.1901158986968003,False,False,False,False,False,1.0,1.0,1.0,99.38675159235667,103.096050955414,102.03541401273884,99.38675159235667,103.096050955414,102.03541401273884,88.0,94.0,94.0,113.0,112.0,110.0,26.0,19.0,17.0,26.0,19.0,17.0,-0.9180998524834084,0.3962797244999811,-0.0074189500714491,-0.9180998524834084,0.3962797244999811,-0.0074189500714491,23.02405834324561,15.49088555832523,15.35962818124261
606_0_0,/sfs/ceph/standard/gam_ai_group/people_scratch/ethan hirai/GrowthNet/analysis/synthetic_lollipop_v1/masks/606_0_0_synthetic_lollipop.nii.gz,False,,1.0,1513,1513.0,1,1513,1.0,1.0,0.0,14.243392273334972,30.0,8160.0,0.1854166666666666,29.42447180275172,16.131481039378347,15.069697457288704,True,0.932178171626347,2.6342452004266343,2.6342452004266343,2.45558587454918,0.4072347908352379,1047.97021484375,0.6081739356446055,502.769544459339,0.6926438961293787,1.644266453050305,False,False,False,False,False,1.0,1.0,1.0,48.58096497025777,47.63978849966953,47.47918043621943,48.58096497025777,47.63978849966953,47.47918043621943,28.0,39.0,39.0,57.0,55.0,54.0,30.0,17.0,16.0,30.0,17.0,16.0,-0.9874041852733064,0.13188349971743,0.0874054769853728,-0.9874041852733064,0.13188349971743,0.0874054769853728,30.617751635298603,12.46861368304609,11.622969505777156,/Users/kvothearcane/Personal/Coding Projects/GrowthNet/rivanna_pull/analysis/synthetic_lollipop_v1/masks/606_0_0_synthetic_lollipop.nii.gz,False,,1.0,1522,1522.0,1,1522,1.0,1.0,0.0,14.271578479314456,19.0,3211.0,0.4739956399875428,18.099965301562108,11.7333973464162,11.699753401233586,False,0.9976819090105792,1.5443102955678003,1.5443102955678003,1.5407304437867748,0.6490427991688287,756.38525390625,0.8459619688667992,186.80988606212048,0.496967972343134,1.182086236500136,False,False,False,False,False,1.0,1.0,1.0,78.811432325887,81.00262812089356,81.02299605781866,78.811432325887,81.00262812089356,81.02299605781866,71.0,75.0,75.0,89.0,87.0,87.0,19.0,13.0,13.0,19.0,13.0,13.0,-0.9998007198369648,-0.002162363965916,-0.0198455233129829,-0.9998007198369648,-0.002162363965916,-0.0198455233129829,17.195745703445326,11.160774925159512,11.134903233370547
606_1_181,/sfs/ceph/standard/gam_ai_group/people_scratch/ethan hirai/GrowthNet/analysis/synthetic_lollipop_v1/masks/606_1_181_synthetic_lollipop.nii.gz,False,,1.0,1216,1216.0,1,1216,1.0,1.0,0.0,13.242754181611414,28.0,6720.0,0.1809523809523809,27.62265785510634,16.24738945200705,14.05985471716088,True,0.8933797143130917,2.7676379733776626,2.7676379733776626,2.4725516219782,0.4044404942291703,925.1751708984376,0.5955010598589368,535.5558371627633,0.7608348444888466,1.679258136395058,False,False,False,False,False,1.0,1.0,1.0,48.20065789473684,47.95559210526316,47.614309210526315,48.20065789473684,47.95559210526316,47.614309210526315,42.0,40.0,40.0,56.0,55.0,67.0,15.0,16.0,28.0,15.0,16.0,28.0,-0.1592496754130229,0.0583946384427292,0.9855098208957584,-0.1592496754130229,0.0583946384427292,0.9855098208957584,28.952165612787695,11.709428169440644,10.460965592784552,/Users/kvothearcane/Personal/Coding Projects/GrowthNet/rivanna_pull/analysis/synthetic_lollipop_v1/masks/606_1_181_synthetic_lollipop.nii.gz,False,,1.0,1159,1159.0,1,1159,1.0,1.0,0.0,13.032516133106965,17.0,2244.0,0.5164884135472371,17.023460095916096,10.830318720654958,10.352494959035038,False,0.9943793681009634,1.5050965213561285,1.5050965213561285,1.496636927837065,0.6681647241226346,612.7772216796875,0.8707706891645536,171.2935332956455,0.5287120118030091,1.1484079705983596,False,False,False,False,False,1.0,1.0,1.0,74.31924072476272,75.54529767040552,76.02243313201035,74.31924072476272,75.54529767040552,76.02243313201035,67.0,70.0,71.0,83.0,81.0,81.0,17.0,12.0,11.0,17.0,12.0,11.0,-0.9653170404520606,-0.2610075254578535,0.0061711479680046,-0.9653170404520606,-0.2610075254578535,0.0061711479680046,15.370548288060036,10.270058156505268,10.212333940025854
606_2_545,/sfs/ceph/standard/gam_ai_group/people_scratch/ethan hirai/GrowthNet/analysis/synthetic_lollipop_v1/masks/606_2_545_synthetic_lollipop.nii.gz,False,,1.0,1433,1433.0,1,1433,1.0,1.0,0.0,13.98779276280346,29.0,8816.0,0.1625453720508167,28.80008161694419,16.991713552553705,15.384378868412956,True,0.92578479562198,2.6390837306834993,2.6390837306834993,2.443223592240116,0.4092953273601664,1030.092041015625,0.5967222336555583,532.2745654436399,0.7188360369962491,1.6758215859897434,False,False,False,False,False,1.0,1.0,1.0,48.755059316120025,47.78995115143056,47.70969993021633,48.755059316120025,47.78995115143056,47.70969993021633,30.0,39.0,40.0,58.0,57.0,55.0,29.0,19.0,16.0,29.0,19.0,16.0,-0.9359164368425724,-0.3522161912867876,0.0020439773317142,-0.9359164368425724,-0.3522161912867876,0.0020439773317142,29.95319549441764,12.259702955370727,11.349846594924074,/Users/kvothearcane/Personal/Coding Projects/GrowthNet/rivanna_pull/analysis/synthetic_lollipop_v1/masks/606_2_545_synthetic_lollipop.nii.gz,False,,1.0,1421,1421.0,1,1421,1.0,1.0,0.0,13.948638484478447,19.0,2964.0,0.4794197031039136,19.01062018377813,11.511521109775266,11.25467983603701,False,0.9958469347176216,1.57796832444262,1.57796832444262,1.5714149189776845,0.6363691650901279,732.0663452148438,0.8349549965812167,194.29569117385847,0.5151768791096719,1.1976693403771124,False,False,False,False,False,1.0,1.0,1.0,81.7966220971147,82.67769176636172,83.9978888106967,81.7966220971147,82.67769176636172,83.9978888106967,76.0,77.0,74.0,87.0,89.0,92.0,12.0,13.0,19.0,12.0,13.0,19.0,-0.1167634906896646,0.2973763145660252,0.9475935915660748,-0.1167634906896646,0.2973763145660252,0.9475935915660748,17.012692518382178,10.826352933857931,10.78139038335355
606_3_914,/sfs/ceph/standard/gam_ai_group/people_scratch/ethan hirai/GrowthNet/analysis/synthetic_lollipop_v1/masks/606_3_914_synthetic_lollipop.nii.gz,False,,1.0,1202,1202.0,1,1202,1.0,1.0,0.0,13.19173591068464,27.0,6912.0,0.1739004629629629,26.995548586810024,16.069846062332008,14.376266085913343,True,0.9010489398934416,2.6709894831986407,2.6709894831986407,2.4066922423026664,0.4155080497717578,908.481201171875,0.6017801033105007,518.9659926155889,0.7558079876637895,1.661736562074452,False,False,False,False,False,1.0,1.0,1.0,48.33028286189684,48.524126455906824,48.37104825291181,48.33028286189684,48.524126455906824,48.37104825291181,42.0,30.0,41.0,57.0,56.0,56.0,16.0,27.0,16.0,16.0,27.0,16.0,0.2657770813963983,0.9638524188856292,0.0187365315022216,0.2657770813963983,0.9638524188856292,0.0187365315022216,28.210539621598453,11.721706301179278,10.561831036419862,/Users/kvothearcane/Personal/Coding Projects/GrowthNet/rivanna_pull/analysis/synthetic_lollipop_v1/masks/606_3_914_synthetic_lollipop.nii.gz,False,,1.0,1178,1178.0,1,1178,1.0,1.0,0.0,13.10334641611498,17.0,2244.0,0.5249554367201426,17.437908360214244,10.92277581556672,10.313663516769754,False,0.9936894452042206,1.52168754798481,1.52168754798481,1.5120848553311967,0.6613385462292504,633.3709716796875,0.8516402190517018,183.0981197488013,0.5376663596601762,1.1742047611531266,False,False,False,False,False,1.0,1.0,1.0,76.45076400679118,78.59083191850594,77.0,76.45076400679118,78.59083191850594,77.0,71.0,70.0,72.0,82.0,86.0,82.0,12.0,17.0,11.0,12.0,17.0,11.0,-0.349622056953275,0.9368908125536444,0.0001504803415062,-0.349622056953275,0.9368908125536444,0.0001504803415062,15.572720423417811,10.298840285657691,10.233848889702069
606_4_1278,/sfs/ceph/standard/gam_ai_group/people_scratch/ethan hirai/GrowthNet/analysis/synthetic_lollipop_v1/masks/606_4_1278_synthetic_lollipop.nii.gz,False,,1.0,1564,1564.0,1,1564,1.0,1.0,0.0,14.401665143009549,25.0,12600.0,0.1241269841269841,30.324267431246113,17.093227714389784,15.723318116958012,True,0.9152129681964072,2.7248192358262133,2.7248192358262133,2.4937899006191753,0.4009960902286568,1077.974609375,0.6044588752670048,512.0968416479581,0.6892420776054987,1.6543722673577663,False,False,False,False,False,1.0,1.0,1.0,48.27237851662404,47.56265984654731,47.78644501278772,48.27237851662404,47.56265984654731,47.78644501278772,34.0,38.0,38.0,58.0,58.0,61.0,25.0,21.0,24.0,25.0,21.0,24.0,-0.662329649503334,0.4428558733646928,0.6043162341152074,-0.662329649503334,0.4428558733646928,0.6043162341152074,31.32436983442088,12.560949832479253,11.495944179549502,/Users/kvothearcane/Personal/Coding Projects/GrowthNet/rivanna_pull/analysis/synthetic_lollipop_v1/masks/606_4_1278_synthetic_lollipop.nii.gz,False,,1.0,1647,1647.0,1,1647,1.0,1.0,0.0,14.652047759769228,18.0,4284.0,0.384453781512605,19.78970683255796,12.327804395734212,11.559131255729888,False,0.9954751138140766,1.5904277188596811,1.5904277188596811,1.5832312144449032,0.6316196844000515,809.0838012695312,0.8335910012819386,195.25102403649737,0.4912469953063335,1.1996290728452552,False,False,False,False,False,1.0,1.0,1.0,85.5069823922283,84.61323618700668,87.45294474802671,85.5069823922283,84.61323618700668,87.45294474802671,79.0,77.0,78.0,92.0,93.0,95.0,14.0,17.0,18.0,14.0,17.0,18.0,-0.2308902853876177,-0.6643086087401182,0.7109034733825635,-0.2308902853876177,-0.6643086087401182,0.7109034733825635,17.981360898028328,11.357381495496078,11.305990636858846
606_5_2001,/sfs/ceph/standard/gam_ai_group/people_scratch/ethan hirai/GrowthNet/analysis/synthetic_lollipop_v1/masks/606_5_2001_synthetic_lollipop.nii.gz,False,,1.0,2112,2112.0,1,2112,1.0,1.0,0.0,15.918363969516712,33.0,13662.0,0.1545893719806763,33.363835802784195,19.430653700733473,17.106315542869883,True,0.8882939945936477,2.728582761612832,2.728582761612832,2.4237836808924285,0.4125780728219952,1341.703125,0.5933217956565867,541.4788104863221,0.6352761008522727,1.6854260324169814,False,False,False,False,False,1.0,1.0,1.0,48.53172348484848,47.87973484848485,47.33238636363637,48.53172348484848,47.87973484848485,47.33238636363637,41.0,37.0,37.0,58.0,59.0,69.0,18.0,23.0,33.0,18.0,23.0,33.0,-0.101106965347315,-0.3826065269222916,0.9183624704411208,-0.101106965347315,-0.3826065269222916,0.9183624704411208,34.470977039328794,14.22196927517752,12.633289898435562,/Users/kvothearcane/Personal/Coding Projects/GrowthNet/rivanna_pull/analysis/synthetic_lollipop_v1/masks/606_5_2001_synthetic_lollipop.nii.gz,False,,1.0,2075,2075.0,1,2075,1.0,1.0,0.0,15.824858166186276,21.0,3549.0,0.5846717385178923,20.711114291060504,13.548188643718971,13.45142426024844,False,0.9911305050994114,1.5687804559173917,1.5687804559173917,1.5548661656634892,0.6431421701000755,913.7923583984376,0.8609580741518232,177.2174012651673,0.4403818594691265,1.161496744176718,False,False,False,False,False,1.0,1.0,1.0,89.09734939759036,91.15036144578312,90.90746987951808,89.09734939759036,91.15036144578312,90.90746987951808,80.0,85.0,85.0,100.0,97.0,97.0,21.0,13.0,13.0,21.0,13.0,13.0,-0.9929990065861296,0.0956274401849899,-0.0693423795569924,-0.9929990065861296,0.0956274401849899,-0.0693423795569924,19.179125148919113,12.334904168896772,12.225499799271493
609_0_0,/sfs/ceph/standard/gam_ai_group/people_scratch/ethan hirai/GrowthNet/analysis/synthetic_lollipop_v1/masks/609_0_0_synthetic_lollipop.nii.gz,False,,1.0,44,44.0,1,44,1.0,1.0,0.0,4.380106645730805,7.0,175.0,0.2514285714285714,6.953998769452564,3.2079607370891794,3.1247292211138307,True,0.953062049550424,2.669758838896681,2.669758838896681,2.5444458308042304,0.3930128863006398,75.93179321289062,0.7937716537035421,226.13387043877253,1.7257225730202417,1.2598081517956046,False,False,False,False,False,1.0,1.0,1.0,47.72727272727273,48.09090909090909,48.11363636363637,47.72727272727273,48.09090909090909,48.11363636363637,44.0,46.0,46.0,50.0,50.0,50.0,7.0,5.0,5.0,7.0,5.0,5.0,-0.8963074295903661,0.3043928882884213,0.3224561384445081,-0.8963074295903661,0.3043928882884213,0.3224561384445081,8.037576685072779,3.158871211863181,3.010600271444155,/Users/kvothearcane/Personal/Coding Projects/GrowthNet/rivanna_pull/analysis/synthetic_lollipop_v1/masks/609_0_0_synthetic_lollipop.nii.gz,False,,1.0,42,42.0,1,42,1.0,1.0,0.0,4.312709671069407,4.0,64.0,0.65625,4.105644627411948,3.6800142796359063,3.194049428942383,False,0.8909026702184067,1.205938528210572,1.205938528210572,1.0743738549020538,0.9307746976876738,58.89803695678711,0.9920864039472554,115.82541896455724,1.402334213256836,1.0079767205973778,False,False,False,False,False,1.0,1.0,1.0,44.57142857142857,44.714285714285715,45.23809523809524,44.57142857142857,44.714285714285715,45.23809523809524,43.0,43.0,44.0,46.0,46.0,47.0,4.0,4.0,4.0,4.0,4.0,4.0,-0.7255168773512995,-0.5472727500375393,0.4172742476414863,-0.7255168773512995,-0.5472727500375393,0.4172742476414863,4.2187064762342645,3.9266652450499793,3.498276551868841
609_1_167,/sfs/ceph/standard/gam_ai_group/people_scratch/ethan hirai/GrowthNet/analysis/synthetic_lollipop_v1/masks/609_1_167_synthetic_lollipop.nii.gz,False,,1.0,46,46.0,1,46,1.0,1.0,0.0,4.445491011401585,7.0,140.0,0.3285714285714285,6.918383188537504,3.149493668929132,2.956931663211604,True,0.9795272932045574,2.676633351998858,2.676633351998858,2.621835422184483,0.3814121937397625,74.94924926757812,0.8283656059602881,198.96935764553623,1.6293315058169158,1.207196427283752,False,False,False,False,False,1.0,1.0,1.0,47.82608695652174,48.369565217391305,47.95652173913044,47.82608695652174,48.369565217391305,47.95652173913044,46.0,46.0,47.0,50.0,52.0,50.0,5.0,7.0,4.0,5.0,7.0,4.0,0.3742945900232625,-0.9142784689618828,0.1549143023482116,0.3742945900232625,-0.9142784689618828,0.1549143023482116,8.10188447926012,3.0901575326607356,3.026893643542844,/Users/kvothearcane/Personal/Coding Projects/GrowthNet/rivanna_pull/analysis/synthetic_lollipop_v1/masks/609_1_167_synthetic_lollipop.nii.gz,False,,1.0,20,20.0,1,20,1.0,1.0,0.0,3.3677806019212593,3.0,27.0,0.7407407407407407,2.886751345948129,2.82842712474619,2.449489742783178,False,1.0,1.1335784048754634,1.1335784048754634,1.1335784048754634,0.8821621827824618,35.53990173339844,1.002585068248077,112.22475776468144,1.7769950866699218,0.997421597099392,False,False,False,False,False,1.0,1.0,1.0,37.95,37.95,37.95,37.95,37.95,37.95,37.0,37.0,37.0,39.0,39.0,39.0,3.0,3.0,3.0,3.0,3.0,3.0,-0.5773502691896261,-0.5773502691896257,-0.5773502691896257,-0.5773502691896261,-0.5773502691896257,-0.5773502691896257,3.2895368414989585,2.9019050004400464,2.9019050004400464
609_2_536,/sfs/ceph/standard/gam_ai_group/people_scratch/ethan hirai/GrowthNet/analysis/synthetic_lollipop_v1/masks/609_2_536_synthetic_lollipop.nii.gz,False,,1.0,42,42.0,1,42,1.0,1.0,0.0,4.312709671069407,7.0,140.0,0.3,6.917570098448456,3.3079228320220633,2.9541346585066224,True,0.9185901033735772,2.5383413287310033,2.5383413287310033,2.331695223556435,0.4288725172558112,71.9902572631836,0.8116645766439572,211.50595320806423,1.714053744361514,1.232036026673439,False,False,False,False,False,1.0,1.0,1.0,48.04761904761905,47.904761904761905,48.07142857142857,48.04761904761905,47.904761904761905,48.07142857142857,47.0,44.0,46.0,50.0,50.0,50.0,4.0,7.0,5.0,4.0,7.0,5.0,-0.2911182308885893,-0.9205487718283568,0.2604613874062759,-0.2911182308885893,-0.9205487718283568,0.2604613874062759,7.486112453082585,3.2105878922136046,2.94921426379845,/Users/kvothearcane/Personal/Coding Projects/GrowthNet/rivanna_pull/analysis/synthetic_lollipop_v1/masks/609_2_536_synthetic_lollipop.nii.gz,False,,1.0,14,14.0,1,14,1.0,1.0,0.0,2.9902658734369907,3.0,27.0,0.5185185185185185,2.4494897427831783,2.385790165173903,2.159875448674956,False,0.905265959298824,1.2418456016109485,1.2418456016109485,1.1242005498433605,0.8895210024041835,26.95071792602539,1.0423153725416856,99.87457505649525,1.925051280430385,0.9594025247478606,False,False,False,False,False,1.0,1.0,1.0,36.785714285714285,36.642857142857146,36.92857142857143,36.785714285714285,36.642857142857146,36.92857142857143,36.0,36.0,36.0,38.0,38.0,38.0,3.0,3.0,3.0,3.0,3.0,3.0,-0.5190124268707158,-0.2092719691796758,-0.8287528845617558,-0.5190124268707158,-0.2092719691796758,-0.8287528845617558,3.0549755144648727,2.7174648819470297,2.460028453216643
609_3_902,/sfs/ceph/standard/gam_ai_group/people_scratch/ethan hirai/GrowthNet/analysis/synthetic_lollipop_v1/masks/609_3_902_synthetic_lollipop.nii.gz,False,,1.0,42,42.0,1,42,1.0,1.0,0.0,4.312709671069407,7.0,105.0,0.4,6.341889431387505,3.8484944653800426,2.665992835991198,True,0.8049352251714198,2.718407925761632,2.718407925761632,2.188142295830711,0.4570086698225253,73.39218139648438,0.7961603071633251,224.10461897607803,1.7474328903924852,1.2560284543234068,False,False,False,False,False,1.0,1.0,1.0,47.857142857142854,48.04761904761905,47.88095238095238,47.857142857142854,48.04761904761905,47.88095238095238,44.0,46.0,47.0,50.0,50.0,49.0,7.0,5.0,3.0,7.0,5.0,3.0,0.9883214612722712,-0.0713141448138413,0.1346661870630979,0.988321461272271,-0.0713141448138413,0.1346661870630978,7.494220104330237,3.4249235612371884,2.756841617959357,/Users/kvothearcane/Personal/Coding Projects/GrowthNet/rivanna_pull/analysis/synthetic_lollipop_v1/masks/609_3_902_synthetic_lollipop.nii.gz,False,,1.0,20,20.0,1,20,1.0,1.0,0.0,3.3677806019212593,3.0,27.0,0.7407407407407407,2.886751345948129,2.79289195118531,2.64218492409951,False,1.0,1.1335784048754634,1.1335784048754634,1.1335784048754631,0.882162182782462,35.53990173339844,1.002585068248077,112.22475776468144,1.7769950866699218,0.997421597099392,False,False,False,False,False,1.0,1.0,1.0,37.95,38.05,38.05,37.95,38.05,38.05,37.0,37.0,37.0,39.0,39.0,39.0,3.0,3.0,3.0,3.0,3.0,3.0,-0.5773502691896261,0.5773502691896251,0.5773502691896263,-0.5773502691896261,0.5773502691896251,0.5773502691896263,3.2895368414989585,2.901905000440047,2.9019050004400464
610_1_210,/sfs/ceph/standard/gam_ai_group/people_scratch/ethan hirai/GrowthNet/analysis/synthetic_lollipop_v1/masks/610_1_210_synthetic_lollipop.nii.gz,False,,1.0,69,69.0,1,69,1.0,1.0,0.0,5.08881687589421,10.0,350.0,0.1971428571428571,9.59942202260365,4.713810087043019,4.172117349142667,True,0.8763365912513211,2.962435848436804,2.962435848436804,2.5960909332198243,0.3851945196541098,111.03083801269533,0.732723129008576,287.49657260448043,1.609142579894135,1.3647719860475371,False,False,False,False,False,1.0,1.0,1.0,47.869565217391305,48.08695652173913,47.79710144927536,47.869565217391305,48.08695652173913,47.79710144927536,42.0,46.0,45.0,51.0,50.0,51.0,10.0,5.0,7.0,10.0,5.0,7.0,0.8763672074601453,-0.1500894648359752,0.4576610866501077,0.8763672074601453,-0.1500894648359752,0.4576610866501077,10.365888548100637,3.9928834600736622,3.4991098806647343,/Users/kvothearcane/Personal/Coding Projects/GrowthNet/rivanna_pull/analysis/synthetic_lollipop_v1/masks/610_1_210_synthetic_lollipop.nii.gz,False,,1.0,71,71.0,1,71,1.0,1.0,0.0,5.137516647158831,6.0,150.0,0.4733333333333333,5.057696070565662,4.572485195924996,4.168006168615438,False,0.9356894046656488,1.182814208663416,1.182814208663416,1.1067467227343424,0.9035490952522428,88.3716049194336,0.9383041014026594,136.9056997858258,1.2446704918230085,1.0657525619946795,False,False,False,False,False,1.0,1.0,1.0,51.943661971830984,51.66197183098591,52.15492957746479,51.943661971830984,51.66197183098591,52.15492957746479,50.0,49.0,50.0,54.0,54.0,54.0,5.0,6.0,5.0,5.0,6.0,5.0,-0.1137952682149626,-0.8490861230827221,0.515852103339937,-0.1137952682149626,-0.8490861230827221,0.515852103339937,5.072714001960265,4.583446146944582,4.288681996551638
610_2_619,/sfs/ceph/standard/gam_ai_group/people_scratch/ethan hirai/GrowthNet/analysis/synthetic_lollipop_v1/masks/610_2_619_synthetic_lollipop.nii.gz,False,,1.0,53,53.0,1,53,1.0,1.0,0.0,4.66042742317893,8.0,200.0,0.265,7.966101181106166,4.119345619988013,3.2985665629861,True,0.8938696343599517,2.8439732448903774,2.8439732448903774,2.542141324539647,0.3933691610088155,88.2684326171875,0.7730293013865477,244.82992834003971,1.6654421248525944,1.2936120250634036,False,False,False,False,False,1.0,1.0,1.0,47.83018867924528,48.0377358490566,47.698113207547166,47.83018867924528,48.0377358490566,47.698113207547166,46.0,46.0,43.0,50.0,50.0,50.0,5.0,5.0,8.0,5.0,5.0,8.0,0.1124137132708344,0.313088720986216,0.9430475119843528,0.1124137132708344,0.313088720986216,0.9430475119843528,9.027149494489343,3.5510022229484264,3.1741330586382857,/Users/kvothearcane/Personal/Coding Projects/GrowthNet/rivanna_pull/analysis/synthetic_lollipop_v1/masks/610_2_619_synthetic_lollipop.nii.gz,False,,1.0,54,54.0,1,54,1.0,1.0,0.0,4.689555850780632,5.0,125.0,0.432,4.502564473727692,4.138304902969413,3.836478178726856,False,0.947828891196641,1.1138614560669056,1.1138614560669056,1.055750068850571,0.9471938761876966,73.58493041992188,0.9389109718813512,136.64040198938451,1.36268389666522,1.0650637067284892,False,False,False,False,False,1.0,1.0,1.0,47.57407407407408,48.388888888888886,47.833333333333336,47.57407407407408,48.388888888888886,47.833333333333336,46.0,46.0,46.0,50.0,50.0,50.0,5.0,5.0,5.0,5.0,5.0,5.0,-0.6646577772151365,0.7299541329867077,-0.1593643715610795,-0.6646577772151365,0.7299541329867077,-0.1593643715610795,4.477767234207927,4.241313703235668,4.020039664554982
610_3_1008,/sfs/ceph/standard/gam_ai_group/people_scratch/ethan hirai/GrowthNet/analysis/synthetic_lollipop_v1/masks/610_3_1008_synthetic_lollipop.nii.gz,False,,1.0,54,54.0,1,54,1.0,1.0,0.0,4.689555850780632,8.0,280.0,0.1928571428571428,7.85915073715906,3.675185243380272,2.9664693276773284,True,0.9067372530169212,3.112148967636005,3.112148967636005,2.821901405893718,0.3543709918112082,87.61735534667969,0.7885389631200349,230.6656369883798,1.6225436175311054,1.2681681524566282,False,False,False,False,False,1.0,1.0,1.0,47.870370370370374,48.53703703703704,47.57407407407408,47.870370370370374,48.53703703703704,47.57407407407408,46.0,46.0,44.0,50.0,52.0,51.0,5.0,7.0,8.0,5.0,7.0,8.0,0.0905326755054375,-0.6746896321187322,0.7325283168433266,0.0905326755054375,-0.6746896321187322,0.7325283168433266,9.41376318934905,3.3359645980854657,3.0248433758297133,/Users/kvothearcane/Personal/Coding Projects/GrowthNet/rivanna_pull/analysis/synthetic_lollipop_v1/masks/610_3_1008_synthetic_lollipop.nii.gz,False,,1.0,54,54.0,1,54,1.0,1.0,0.0,4.689555850780632,5.0,125.0,0.432,4.443530294151337,4.0,3.898174586561945,False,0.9605634695366212,1.062445769611038,1.062445769611038,1.0205465946520846,0.979867068529988,71.04357147216797,0.9724975406600586,122.96650748666129,1.3156216939290364,1.0282802353631402,False,False,False,False,False,1.0,1.0,1.0,49.74074074074074,50.48148148148148,50.0,49.74074074074074,50.48148148148148,50.0,48.0,48.0,48.0,52.0,52.0,52.0,5.0,5.0,5.0,5.0,5.0,5.0,-0.838204719743138,0.545355707589393,-1.8576811938369528e-17,-0.838204719743138,0.545355707589393,-1.8576811938369528e-17,4.343406926794991,4.255961412791452,4.088121060884937
610_4_1386,/sfs/ceph/standard/gam_ai_group/people_scratch/ethan hirai/GrowthNet/analysis/synthetic_lollipop_v1/masks/610_4_1386_synthetic_lollipop.nii.gz,False,,1.0,47,47.0,1,47,1.0,1.0,0.0,4.477474060769193,6.0,144.0,0.3263888888888889,6.636804207001573,3.739114179228507,2.9162459963413587,True,0.9128586940210226,2.640300564371514,2.640300564371514,2.410221325015149,0.4148996565673132,75.29373168945312,0.8364831705858752,193.2327570035792,1.60199429126496,1.1954813141065317,False,False,False,False,False,1.0,1.0,1.0,47.787234042553195,47.744680851063826,48.0,47.787234042553195,47.744680851063826,48.0,45.0,45.0,47.0,50.0,50.0,50.0,6.0,6.0,4.0,6.0,6.0,4.0,0.708652747659267,0.6808557431883442,0.1850587479759303,0.708652747659267,0.6808557431883442,0.1850587479759303,7.845494686295058,3.2550930509445006,2.971439991402103,/Users/kvothearcane/Personal/Coding Projects/GrowthNet/rivanna_pull/analysis/synthetic_lollipop_v1/masks/610_4_1386_synthetic_lollipop.nii.gz,False,,1.0,48,48.0,1,48,1.0,1.0,0.0,4.509006607147306,5.0,125.0,0.384,4.034397204975599,4.006859066252187,3.726491721952636,False,0.927778153270903,1.1430897339334647,1.1430897339334647,1.0605336823717175,0.9429214900215676,66.11875915527344,0.9660217873356176,125.45604985068556,1.3774741490681963,1.0351733398871856,False,False,False,False,False,1.0,1.0,1.0,45.708333333333336,45.916666666666664,46.375,45.708333333333336,45.916666666666664,46.375,44.0,44.0,44.0,48.0,48.0,48.0,5.0,5.0,5.0,5.0,5.0,5.0,0.6536497363689452,0.3854264916745881,-0.6512975062597948,0.6536497363689452,0.3854264916745881,-0.6512975062597948,4.339493371937712,4.0918015562062235,3.796284091368017
611_0_0,/sfs/ceph/standard/gam_ai_group/people_scratch/ethan hirai/GrowthNet/analysis/synthetic_lollipop_v1/masks/611_0_0_synthetic_lollipop.nii.gz,False,,1.0,344,344.0,1,344,1.0,1.0,0.0,8.69333882630764,17.0,2380.0,0.1445378151260504,17.926553071392267,10.580242440141618,9.087127187672024,True,0.8893383442923258,2.688353146541364,2.688353146541364,2.390855536218161,0.4182603193088751,392.8119812011719,0.6044193513117795,512.1973087300798,1.1418952941894531,1.6544804494258605,False,False,False,False,False,1.0,1.0,1.0,48.28488372093023,47.90406976744186,47.69186046511628,48.28488372093023,47.90406976744186,47.69186046511628,38.0,42.0,42.0,54.0,55.0,51.0,17.0,14.0,10.0,17.0,14.0,10.0,-0.7962775214787325,0.541062319987426,0.270543295384511,-0.7962775214787325,0.541062319987426,0.270543295384511,18.79857929828963,7.862699779855832,6.99260040388462,/Users/kvothearcane/Personal/Coding Projects/GrowthNet/rivanna_pull/analysis/synthetic_lollipop_v1/masks/611_0_0_synthetic_lollipop.nii.gz,False,,1.0,357,357.0,1,357,1.0,1.0,0.0,8.801496716004365,9.0,576.0,0.6197916666666666,8.56099954981303,7.521095611999733,7.257946024669527,False,0.9674798547200352,1.26434314636776,1.26434314636776,1.2232265235641524,0.8175100692603277,259.8169860839844,0.9366889450417228,137.61513152002007,0.727778672504158,1.0675902660038945,False,False,False,False,False,1.0,1.0,1.0,65.8515406162465,66.06162464985995,67.06442577030812,65.8515406162465,66.06162464985995,67.06442577030812,62.0,63.0,63.0,69.0,70.0,71.0,8.0,8.0,9.0,8.0,8.0,9.0,-0.1228477395019992,0.0462806819087149,0.991345818259861,-0.1228477395019992,0.0462806819087149,0.991345818259861,9.128763254274997,7.462855880263486,7.220162722833877
611_1_186,/sfs/ceph/standard/gam_ai_group/people_scratch/ethan hirai/GrowthNet/analysis/synthetic_lollipop_v1/masks/611_1_186_synthetic_lollipop.nii.gz,False,,1.0,454,454.0,1,454,1.0,1.0,0.0,9.535696284670314,18.0,3780.0,0.1201058201058201,19.924191924132877,11.381523818731804,9.850981566446483,True,0.8934902384174233,2.7527043677713467,2.7527043677713467,2.459514481852703,0.4065843105939835,469.9069519042969,0.6079149488038889,503.4123951264277,1.0350373389962486,1.6449669513269305,False,False,False,False,False,1.0,1.0,1.0,48.17400881057269,48.54625550660793,47.92511013215859,48.17400881057269,48.54625550660793,47.92511013215859,41.0,42.0,42.0,55.0,55.0,59.0,15.0,14.0,18.0,15.0,14.0,18.0,-0.5105248117225067,-0.4512305681464172,0.7319531344191107,-0.5105248117225067,-0.4512305681464172,0.7319531344191107,20.799127224047393,8.456598803345864,7.555888481001992,/Users/kvothearcane/Personal/Coding Projects/GrowthNet/rivanna_pull/analysis/synthetic_lollipop_v1/masks/611_1_186_synthetic_lollipop.nii.gz,False,,1.0,466,466.0,2,464,0.9957081545064378,0.9957081545064378,0.0042918454935622,9.618981691831213,11.0,1100.0,0.4236363636363636,11.166317491094484,8.60163525146778,8.477240044851666,False,0.9874896175784712,1.2519649401163886,1.2519649401163886,1.2363023799371862,0.8088636050759749,320.59735107421875,0.9040716452328048,153.0536982495049,0.690942566970299,1.1061070273280091,False,True,False,False,False,1.0,1.0,1.0,65.70258620689656,67.15301724137932,65.53663793103448,65.70258620689656,67.15301724137932,65.53663793103448,61.0,62.0,61.0,70.0,72.0,70.0,10.0,11.0,10.0,10.0,11.0,10.0,-0.2460363819475021,0.9155401642192478,-0.3182016757648766,-0.2460363819475021,0.9155401642192478,-0.3182016757648766,9.970757796599848,8.064983096697137,7.96408707393429
611_2_466,/sfs/ceph/standard/gam_ai_group/people_scratch/ethan hirai/GrowthNet/analysis/synthetic_lollipop_v1/masks/611_2_466_synthetic_lollipop.nii.gz,False,,1.0,786,786.0,1,786,1.0,1.0,0.0,11.450065592685034,23.0,4485.0,0.1752508361204013,23.411504268579503,13.859562896988193,12.362122962828543,True,0.8988510955967456,2.6864254567865617,2.6864254567865617,2.414696465071589,0.4141307259379919,682.2783203125,0.6036764726629661,514.0905523511107,0.8680385754611959,1.6565164376685957,False,False,False,False,False,1.0,1.0,1.0,48.35114503816794,48.56234096692112,47.853689567430024,48.35114503816794,48.56234096692112,47.853689567430024,33.0,44.0,40.0,55.0,56.0,54.0,23.0,13.0,15.0,23.0,13.0,15.0,-0.9311170809689974,-0.2118635627552901,0.2968750786179415,-0.9311170809689974,-0.2118635627552901,0.2968750786179415,24.320104072408306,10.071702354393963,9.052960695771336,/Users/kvothearcane/Personal/Coding Projects/GrowthNet/rivanna_pull/analysis/synthetic_lollipop_v1/masks/611_2_466_synthetic_lollipop.nii.gz,False,,1.0,760,760.0,1,760,1.0,1.0,0.0,11.322395559153884,13.0,1859.0,0.4088219472834857,14.715033830126576,9.36589457453454,8.546721292204998,False,0.975747902645117,1.5510714946001678,1.5510714946001678,1.5134547577087407,0.6607399361669235,463.55908203125,0.8688032266299304,172.45988730285617,0.6099461605674342,1.1510086166219469,False,False,False,False,False,1.0,1.0,1.0,68.30263157894737,67.97631578947369,67.97894736842105,68.30263157894737,67.97631578947369,67.97894736842105,63.0,62.0,62.0,73.0,74.0,74.0,11.0,13.0,13.0,11.0,13.0,13.0,-0.426412896112935,-0.638190922737979,-0.6410026428677392,-0.426412896112935,-0.638190922737979,-0.6410026428677392,13.543833819497074,8.948951893349916,8.73192104080823
618_0_0,/sfs/ceph/standard/gam_ai_group/people_scratch/ethan hirai/GrowthNet/analysis/synthetic_lollipop_v1/masks/618_0_0_synthetic_lollipop.nii.gz,False,,1.0,183,183.0,1,183,1.0,1.0,0.0,7.043969861883599,15.0,960.0,0.190625,14.865137028408416,8.042795614267167,7.468097975564105,True,0.8729548578575281,2.800097315053377,2.800097315053377,2.444358553649667,0.4091052838819011,246.9462127685547,0.6312225144236415,449.68140667075016,1.3494328566587688,1.5842273954899768,False,False,False,False,False,1.0,1.0,1.0,48.19125683060109,47.98907103825137,48.278688524590166,48.19125683060109,47.98907103825137,48.278688524590166,38.0,45.0,46.0,52.0,52.0,53.0,15.0,8.0,8.0,15.0,8.0,8.0,0.94474068992859,0.2018790391915837,0.2582825629583516,0.94474068992859,0.2018790391915837,0.2582825629583516,15.417185071229005,6.3072518752249485,5.5059461642086225,/Users/kvothearcane/Personal/Coding Projects/GrowthNet/rivanna_pull/analysis/synthetic_lollipop_v1/masks/618_0_0_synthetic_lollipop.nii.gz,False,,1.0,183,183.0,1,183,1.0,1.0,0.0,7.043969861883599,8.0,392.0,0.4668367346938775,7.248151420113739,6.274532077275918,5.885732612097764,False,0.9733744085535972,1.180458385842608,1.180458385842608,1.1490279831416823,0.8703008235411215,171.48770141601562,0.9089748597948428,150.59021666035235,0.9370912645683914,1.1001404375756902,False,False,False,False,False,1.0,1.0,1.0,60.91256830601093,60.20765027322405,61.278688524590166,60.91256830601093,60.20765027322405,61.278688524590166,58.0,57.0,58.0,64.0,64.0,64.0,7.0,8.0,7.0,7.0,8.0,7.0,-0.0872006597198745,-0.9479607179129368,0.3062131973615907,-0.0872006597198745,-0.9479607179129368,0.3062131973615907,7.015120238909919,6.1052649211632914,5.942708631700342
618_1_291,/sfs/ceph/standard/gam_ai_group/people_scratch/ethan hirai/GrowthNet/analysis/synthetic_lollipop_v1/masks/618_1_291_synthetic_lollipop.nii.gz,False,,1.0,441,441.0,1,441,1.0,1.0,0.0,9.443797274614036,17.0,3468.0,0.1271626297577854,19.474178418847792,11.020148312602622,10.43638240094392,True,0.9544275411713636,2.6764762606316994,2.6764762606316994,2.554502656438239,0.3914656332337923,454.3741455078125,0.6166369894421271,482.35152450995344,1.0303268605619331,1.6216996662894037,False,False,False,False,False,1.0,1.0,1.0,48.27891156462585,48.15873015873016,47.87528344671202,48.27891156462585,48.15873015873016,47.87528344671202,39.0,38.0,43.0,55.0,54.0,54.0,17.0,17.0,12.0,17.0,17.0,12.0,0.6478203621821511,0.7474984059334064,0.1468840068530363,0.6478203621821511,0.7474984059334064,0.1468840068530363,20.57431018665814,8.054135365568593,7.687088613220955,/Users/kvothearcane/Personal/Coding Projects/GrowthNet/rivanna_pull/analysis/synthetic_lollipop_v1/masks/618_1_291_synthetic_lollipop.nii.gz,False,,1.0,429,429.0,1,429,1.0,1.0,0.0,9.357350343322231,12.0,972.0,0.441358024691358,11.369303559793831,8.060529947155109,7.348624950289783,False,0.9946352974893272,1.327001003824171,1.327001003824171,1.31988203820729,0.7576434643797676,309.63360595703125,0.8883979793229039,161.29826177698874,0.721756657242497,1.125621650740532,False,False,False,False,False,1.0,1.0,1.0,67.77156177156178,68.22144522144522,66.94172494172494,67.77156177156178,68.22144522144522,66.94172494172494,64.0,64.0,62.0,72.0,72.0,73.0,9.0,9.0,12.0,9.0,9.0,12.0,-0.1887257924176433,0.1762987111405041,-0.9660752246727632,-0.1887257924176433,0.1762987111405041,-0.9660752246727632,10.13481072028953,7.678573104953367,7.637379844538838
618_2_627,/sfs/ceph/standard/gam_ai_group/people_scratch/ethan hirai/GrowthNet/analysis/synthetic_lollipop_v1/masks/618_2_627_synthetic_lollipop.nii.gz,False,,1.0,412,412.0,1,412,1.0,1.0,0.0,9.232079406099666,18.0,3042.0,0.1354372123602892,18.806947337678643,10.826148002104572,9.571961603269989,True,0.8971018679989164,2.6866151784964853,2.6866151784964853,2.410167495223439,0.4149089231274746,439.8682861328125,0.6087322124956571,501.3875217016741,1.0676414711961468,1.642758473221317,False,False,False,False,False,1.0,1.0,1.0,48.286407766990294,48.5873786407767,48.08980582524272,48.286407766990294,48.5873786407767,48.08980582524272,37.0,43.0,43.0,54.0,55.0,55.0,18.0,13.0,13.0,18.0,13.0,13.0,-0.8120809342140072,-0.398759172932083,0.4260465682159952,-0.8120809342140072,-0.398759172932083,0.4260465682159952,19.622463507533723,8.141535203018986,7.303786439007269,/Users/kvothearcane/Personal/Coding Projects/GrowthNet/rivanna_pull/analysis/synthetic_lollipop_v1/masks/618_2_627_synthetic_lollipop.nii.gz,False,,1.0,427,427.0,2,425,0.9953161592505856,0.9953161592505856,0.0046838407494145,9.34278635037763,11.0,891.0,0.4792368125701459,10.06124967169058,8.229429578001994,8.148085746189818,False,0.9909946884959556,1.2677876449283338,1.2677876449283338,1.2563708222647756,0.7959433491119818,300.01434326171875,0.9111741555589148,149.50241032981734,0.7059161017922794,1.0974850349948737,False,True,False,False,False,1.0,1.0,1.0,67.63529411764706,68.24941176470588,68.99764705882353,67.63529411764706,68.24941176470588,68.99764705882353,64.0,64.0,64.0,72.0,72.0,74.0,9.0,9.0,11.0,9.0,9.0,11.0,-0.3257171863939856,0.2237738633958908,0.9186041435506715,-0.3257171863939856,0.2237738633958908,0.9186041435506715,9.767646545434552,7.774493304315257,7.704481570323792
625_2_1420,/sfs/ceph/standard/gam_ai_group/people_scratch/ethan hirai/GrowthNet/analysis/synthetic_lollipop_v1/masks/625_2_1420_synthetic_lollipop.nii.gz,False,,1.0,1149,1149.0,1,1149,1.0,1.0,0.0,12.994925742221138,27.0,7776.0,0.1477623456790123,27.273736014464184,15.624528165632496,13.792832504846103,True,0.8967661459151423,2.72877119712759,2.72877119712759,2.4470696295323577,0.4086520415813027,888.6151123046875,0.5970129918742776,531.497256511488,0.7733812987856288,1.6750054246902983,False,False,False,False,False,1.0,1.0,1.0,48.395996518711925,48.64403829416885,47.936466492602264,48.395996518711925,48.64403829416885,47.936466492602264,31.0,42.0,40.0,57.0,57.0,57.0,27.0,16.0,18.0,27.0,16.0,18.0,-0.8930475968051378,-0.195721295200287,0.4051656012616202,-0.8930475968051378,-0.195721295200287,0.4051656012616202,28.03139494144848,11.455086771194724,10.272534014927825,/Users/kvothearcane/Personal/Coding Projects/GrowthNet/rivanna_pull/analysis/synthetic_lollipop_v1/masks/625_2_1420_synthetic_lollipop.nii.gz,False,,1.0,1167,1167.0,1,1167,1.0,1.0,0.0,13.06243306134725,15.0,2730.0,0.4274725274725274,17.28422830313303,10.912727267415365,10.613571133791217,False,0.9926584737850578,1.5295238740068722,1.5295238740068722,1.5182948343894709,0.6586336048506121,621.5533447265625,0.8624215909975297,176.31672540361777,0.5326078360981684,1.1595257011635558,False,False,False,False,False,1.0,1.0,1.0,74.12939160239931,75.62724935732648,73.67866323907455,74.12939160239931,75.62724935732648,73.67866323907455,68.0,70.0,67.0,81.0,82.0,81.0,14.0,13.0,15.0,14.0,13.0,15.0,-0.5219210556891835,0.3784891568327159,-0.7644242080077972,-0.5219210556891835,0.3784891568327159,-0.7644242080077972,15.570150421171512,10.255024299962468,10.179736770229423
625_3_1544,/sfs/ceph/standard/gam_ai_group/people_scratch/ethan hirai/GrowthNet/analysis/synthetic_lollipop_v1/masks/625_3_1544_synthetic_lollipop.nii.gz,False,,1.0,1648,1648.0,1,1648,1.0,1.0,0.0,14.655012561096562,27.0,12825.0,0.1284990253411306,30.66926350578499,17.72189903997242,15.648089797862472,True,0.9026594201563992,2.738774090205449,2.738774090205449,2.472180232204221,0.4045012523655648,1124.37060546875,0.6000850115648774,523.3762788941784,0.6822637169106492,1.666430556884333,False,False,False,False,False,1.0,1.0,1.0,48.56492718446602,47.91990291262136,47.83373786407767,48.56492718446602,47.91990291262136,47.83373786407767,33.0,38.0,39.0,59.0,62.0,57.0,27.0,25.0,19.0,27.0,25.0,19.0,-0.6965285804331746,0.6029112958635692,0.3890320114847346,-0.6965285804331744,0.6029112958635691,0.3890320114847345,32.036867909505766,12.958953191265255,11.697521173461416,/Users/kvothearcane/Personal/Coding Projects/GrowthNet/rivanna_pull/analysis/synthetic_lollipop_v1/masks/625_3_1544_synthetic_lollipop.nii.gz,False,,1.0,1700,1700.0,1,1700,1.0,1.0,0.0,14.807557679846123,17.0,4046.0,0.4201680672268907,19.370969564536317,12.676917318985844,12.408005030357987,False,0.9938273719694736,1.5134043043736247,1.5134043043736247,1.5040626225429286,0.6648659337796011,804.7454223632812,0.8559693692278971,180.334035806228,0.4733796602136949,1.1682661038467084,False,False,False,False,False,1.0,1.0,1.0,81.3264705882353,80.67470588235294,83.37764705882353,81.3264705882353,80.67470588235294,83.37764705882353,75.0,73.0,75.0,88.0,89.0,91.0,14.0,17.0,17.0,14.0,17.0,17.0,-0.3165980073292154,-0.6622558463636699,0.6791044807040442,-0.3165980073292154,-0.6622558463636699,0.6791044807040442,17.557598237266482,11.67344894694726,11.601393088764413
629_0_0,/sfs/ceph/standard/gam_ai_group/people_scratch/ethan hirai/GrowthNet/analysis/synthetic_lollipop_v1/masks/629_0_0_synthetic_lollipop.nii.gz,False,,1.0,82,82.0,1,82,1.0,1.0,0.0,5.390202444799826,9.0,432.0,0.1898148148148148,9.680936237634365,5.379212312475568,5.337332546009925,True,0.9689319599850794,2.7177784724874066,2.7177784724874066,2.633342422152478,0.3797455247702295,134.64889526367188,0.6778868846389324,363.06190235663513,1.6420596983374618,1.4751723667476424,False,False,False,False,False,1.0,1.0,1.0,47.81707317073171,48.18292682926829,48.1219512195122,47.81707317073171,48.18292682926829,48.1219512195122,43.0,45.0,46.0,51.0,52.0,51.0,9.0,8.0,6.0,9.0,8.0,6.0,0.7689229703785412,-0.5398172555210893,0.3425708631304189,0.7689229703785411,-0.5398172555210892,0.3425708631304189,11.135728026374236,4.228742883074036,4.097364129969881,/Users/kvothearcane/Personal/Coding Projects/GrowthNet/rivanna_pull/analysis/synthetic_lollipop_v1/masks/629_0_0_synthetic_lollipop.nii.gz,False,,1.0,87,87.0,1,87,1.0,1.0,0.0,5.497605134632529,5.0,125.0,0.696,5.196152422706632,4.858450994304273,4.52196762553495,False,0.9999999999999998,1.130950728747643,1.130950728747643,1.1309507287476428,0.8842118180580236,96.45571899414062,0.9843940429203024,118.5619798092875,1.1086864252200073,1.0158533639978162,False,False,False,False,False,1.0,1.0,1.0,53.89655172413793,53.89655172413793,53.89655172413793,53.89655172413793,53.89655172413793,53.89655172413793,52.0,52.0,52.0,56.0,56.0,56.0,5.0,5.0,5.0,5.0,5.0,5.0,-0.5773502691896261,-0.5773502691896254,-0.577350269189626,-0.5773502691896261,-0.5773502691896254,-0.577350269189626,5.321424823217742,4.705266717596457,4.705266717596456
629_1_413,/sfs/ceph/standard/gam_ai_group/people_scratch/ethan hirai/GrowthNet/analysis/synthetic_lollipop_v1/masks/629_1_413_synthetic_lollipop.nii.gz,False,,1.0,66,66.0,1,66,1.0,1.0,0.0,5.013970461270554,9.0,360.0,0.1833333333333333,8.577771387749916,4.514598630766363,4.318666107512113,True,0.9500187929712696,2.675044716680603,2.675044716680603,2.541342752885078,0.3934927702549145,105.55133819580078,0.7482550750301539,269.9624495333833,1.5992626999363757,1.336442656215464,False,False,False,False,False,1.0,1.0,1.0,47.90909090909091,48.27272727272727,48.09090909090909,47.90909090909091,48.27272727272727,48.09090909090909,44.0,45.0,46.0,51.0,53.0,50.0,8.0,9.0,5.0,8.0,9.0,5.0,-0.6266786882318632,0.7777682780843713,0.0484801745217914,-0.6266786882318632,0.7777682780843713,0.0484801745217914,9.711344374494324,3.821343800819251,3.630348425182549,/Users/kvothearcane/Personal/Coding Projects/GrowthNet/rivanna_pull/analysis/synthetic_lollipop_v1/masks/629_1_413_synthetic_lollipop.nii.gz,False,,1.0,69,69.0,1,69,1.0,1.0,0.0,5.08881687589421,6.0,150.0,0.46,4.879983311457263,4.502837542171857,4.101379404266146,False,0.9442298273194492,1.1343504807672269,1.1343504807672269,1.071087558574573,0.9336304879974726,86.32511138916016,0.9424240726241584,135.11801634095409,1.2510885708573936,1.0610934387695792,False,False,False,False,False,1.0,1.0,1.0,50.710144927536234,50.89855072463768,51.05797101449275,50.710144927536234,50.89855072463768,51.05797101449275,48.0,49.0,49.0,53.0,53.0,53.0,6.0,5.0,5.0,6.0,5.0,5.0,-0.91128936249136,-0.323536499000463,0.2547073450543075,-0.91128936249136,-0.323536499000463,0.2547073450543075,4.899718630568664,4.57452669610813,4.31940455233439
629_2_810,/sfs/ceph/standard/gam_ai_group/people_scratch/ethan hirai/GrowthNet/analysis/synthetic_lollipop_v1/masks/629_2_810_synthetic_lollipop.nii.gz,False,,1.0,72,72.0,1,72,1.0,1.0,0.0,5.161524082968597,10.0,300.0,0.24,9.68938255964316,4.527841293798436,4.227861721618348,True,0.96341600956177,2.865571074219079,2.865571074219079,2.7607370494397796,0.3622221102886,118.25865936279295,0.7077385263765803,319.03171690969447,1.6424813800387912,1.412951199816287,False,False,False,False,False,1.0,1.0,1.0,47.90277777777778,48.18055555555556,48.013888888888886,47.90277777777778,48.18055555555556,48.013888888888886,42.0,46.0,46.0,51.0,50.0,51.0,10.0,5.0,6.0,10.0,5.0,6.0,0.9189843342563134,-0.2399711494202174,0.312860417498635,0.9189843342563134,-0.2399711494202174,0.312860417498635,10.86165369418514,3.9343311223317095,3.7903975901714952,/Users/kvothearcane/Personal/Coding Projects/GrowthNet/rivanna_pull/analysis/synthetic_lollipop_v1/masks/629_2_810_synthetic_lollipop.nii.gz,False,,1.0,75,75.0,1,75,1.0,1.0,0.0,5.232238679605294,6.0,150.0,0.5,5.334571423856548,4.512225365955652,4.237580276144813,False,0.9523980861821116,1.1847667283453365,1.1847667283453365,1.12836956464834,0.8862344672613118,92.22327423095705,0.9325764189049546,139.44375989057417,1.2296436564127604,1.0722981835356884,False,False,False,False,False,1.0,1.0,1.0,52.6,52.8,52.93333333333333,52.6,52.8,52.93333333333333,50.0,51.0,51.0,55.0,55.0,55.0,6.0,5.0,5.0,6.0,5.0,5.0,-0.8937541645624832,-0.4329003005220661,-0.1174769046882091,-0.8937541645624832,-0.4329003005220661,-0.1174769046882091,5.20239841265422,4.610544785719707,4.391074030176362
636_0_0,/sfs/ceph/standard/gam_ai_group/people_scratch/ethan hirai/GrowthNet/analysis/synthetic_lollipop_v1/masks/636_0_0_synthetic_lollipop.nii.gz,False,,1.0,456,456.0,1,456,1.0,1.0,0.0,9.54967826405785,19.0,2470.0,0.1846153846153846,19.521193334860527,11.41849214912451,10.0558754711806,True,0.9309662341795476,2.6945070431393763,2.6945070431393763,2.5084950749217327,0.3986453910144515,469.0905151367187,0.6107601613991693,496.40971225878087,1.028707270036664,1.6373039094579034,False,False,False,False,False,1.0,1.0,1.0,48.19078947368421,47.81359649122807,48.31359649122807,48.19078947368421,47.81359649122807,48.31359649122807,43.0,44.0,36.0,55.0,53.0,54.0,13.0,10.0,19.0,13.0,10.0,19.0,0.3478474373129613,0.2012822219497332,0.9156897004344778,0.3478474373129613,0.2012822219497332,0.9156897004344778,20.765250739476663,8.277971500551804,7.706511954514331,/Users/kvothearcane/Personal/Coding Projects/GrowthNet/rivanna_pull/analysis/synthetic_lollipop_v1/masks/636_0_0_synthetic_lollipop.nii.gz,False,,1.0,462,462.0,1,462,1.0,1.0,0.0,9.591380444864102,12.0,972.0,0.4753086419753086,11.298089896031764,8.426487935131338,8.268095453765735,False,0.9801849367849952,1.2985908058933475,1.2985908058933475,1.272859146984147,0.7856328819801887,322.24737548828125,0.8968560026594833,156.7776736264951,0.6975051417495265,1.115006196128096,False,False,False,False,False,1.0,1.0,1.0,68.03463203463204,69.12554112554112,69.01731601731602,68.03463203463204,69.12554112554112,69.01731601731602,63.0,65.0,65.0,74.0,73.0,73.0,12.0,9.0,9.0,12.0,9.0,9.0,-0.9927346409726407,0.1177485010194209,0.0247633422744552,-0.9927346409726407,0.1177485010194209,0.0247633422744552,10.181936824156498,7.999264371302279,7.8407584421113885
636_1_181,/sfs/ceph/standard/gam_ai_group/people_scratch/ethan hirai/GrowthNet/analysis/synthetic_lollipop_v1/masks/636_1_181_synthetic_lollipop.nii.gz,False,,1.0,451,451.0,1,451,1.0,1.0,0.0,9.51464611403477,19.0,2470.0,0.1825910931174089,19.589286884952116,11.44445025790001,9.89070286990054,True,0.9104147124225102,2.6947987973151113,2.6947987973151113,2.453384472094163,0.4076001993875908,463.4739379882813,0.6136345928761562,489.46638383094614,1.0276583990870982,1.629634332238209,False,False,False,False,False,1.0,1.0,1.0,48.29490022172949,47.84035476718404,47.66740576496674,48.29490022172949,47.84035476718404,47.66740576496674,36.0,44.0,41.0,54.0,53.0,53.0,19.0,10.0,13.0,19.0,10.0,13.0,-0.8963651361973085,-0.2130684228527185,0.3887562086874442,-0.8963651361973085,-0.2130684228527185,0.3887562086874442,20.478433185608147,8.347013449599336,7.599243849303804,/Users/kvothearcane/Personal/Coding Projects/GrowthNet/rivanna_pull/analysis/synthetic_lollipop_v1/masks/636_1_181_synthetic_lollipop.nii.gz,False,,1.0,465,465.0,1,465,1.0,1.0,0.0,9.612096233721807,12.0,972.0,0.4783950617283951,11.251817630905196,8.241358830950464,8.19537685179899,False,0.9867251376977294,1.3010939488763391,1.3010939488763391,1.2838221058626884,0.7789241168487524,324.10455322265625,0.8955729358681724,157.45247480053385,0.696999039188508,1.1166036399152632,False,False,False,False,False,1.0,1.0,1.0,68.00645161290322,69.09892473118279,69.03010752688172,68.00645161290322,69.09892473118279,69.03010752688172,63.0,65.0,65.0,74.0,73.0,73.0,12.0,9.0,9.0,12.0,9.0,9.0,-0.9951904697779632,0.0858458243912724,0.0471849901737839,-0.9951904697779632,0.0858458243912724,0.0471849901737839,10.239897108388565,7.9761028117736545,7.870221145238606
636_4_978,/sfs/ceph/standard/gam_ai_group/people_scratch/ethan hirai/GrowthNet/analysis/synthetic_lollipop_v1/masks/636_4_978_synthetic_lollipop.nii.gz,False,,1.0,1093,1093.0,1,1093,1.0,1.0,0.0,12.78028425041301,23.0,7935.0,0.1377441713925646,26.27910799888376,15.924379103742863,13.349335142221676,True,0.9069445733549542,2.6531624243082623,2.6531624243082623,2.4062712629556526,0.4155807432831524,842.1676025390625,0.6093016702661478,499.9830338962352,0.7705101578582456,1.6412231392098302,False,False,False,False,False,1.0,1.0,1.0,48.17017383348582,48.22872827081427,48.7612076852699,48.17017383348582,48.22872827081427,48.7612076852699,34.0,41.0,36.0,56.0,55.0,58.0,23.0,15.0,23.0,23.0,15.0,23.0,0.7245854595706835,-0.0125619565650285,0.68907046738777,0.7245854595706835,-0.0125619565650285,0.68907046738777,27.404063110830247,11.388600916577252,10.328829799394995,/Users/kvothearcane/Personal/Coding Projects/GrowthNet/rivanna_pull/analysis/synthetic_lollipop_v1/masks/636_4_978_synthetic_lollipop.nii.gz,False,,1.0,1050,1050.0,1,1050,1.0,1.0,0.0,12.61043957796912,16.0,2704.0,0.3883136094674556,16.491794470345056,10.564271021299506,10.007675458532791,False,0.9945721948345188,1.531359055499297,1.531359055499297,1.5230471369076517,0.6565784969927915,591.2866821289062,0.8449134558343744,187.5062263968064,0.5631301734561012,1.183553171149906,False,False,False,False,False,1.0,1.0,1.0,73.32571428571428,72.85904761904762,73.30761904761904,73.32571428571428,72.85904761904762,73.30761904761904,67.0,66.0,67.0,79.0,81.0,79.0,13.0,16.0,13.0,13.0,16.0,13.0,-0.4592806264876314,-0.7710269058159038,-0.4411108892796483,-0.4592806264876314,-0.7710269058159038,-0.4411108892796483,15.061188500966612,9.888852508889771,9.835177744161337
647_2_176,/sfs/ceph/standard/gam_ai_group/people_scratch/ethan hirai/GrowthNet/analysis/synthetic_lollipop_v1/masks/647_2_176_synthetic_lollipop.nii.gz,False,,1.0,2648,2648.0,1,2648,1.0,1.0,0.0,17.164841051157133,32.0,18848.0,0.1404923599320882,35.850406676787905,20.64544836280676,18.86642615311947,True,0.9294273531288908,2.688260964253842,2.688260964253842,2.4985432725261685,0.400233212286511,1546.697265625,0.5984448407668943,527.6913700499205,0.5841001758402568,1.6709977793751574,False,False,False,False,False,1.0,1.0,1.0,49.06004531722054,48.02756797583081,48.43391238670695,49.06004531722054,48.02756797583081,48.43391238670695,32.0,29.0,38.0,62.0,60.0,56.0,31.0,32.0,19.0,31.0,32.0,19.0,-0.6904777444147348,-0.7082655645442416,0.1469706588022488,-0.6904777444147348,-0.7082655645442416,0.1469706588022488,37.28008891033327,14.920729738909422,13.86773434798611,/Users/kvothearcane/Personal/Coding Projects/GrowthNet/rivanna_pull/analysis/synthetic_lollipop_v1/masks/647_2_176_synthetic_lollipop.nii.gz,False,,1.0,2603,2603.0,1,2603,1.0,1.0,0.0,17.0670521401251,23.0,6256.0,0.4160805626598465,23.421390990977255,14.267926351143007,14.077159554461414,False,0.996867182550466,1.5825320138007617,1.5825320138007617,1.5775742298934807,0.6338845938599802,1103.43798828125,0.8293139519769798,198.2875551579848,0.4239100992244525,1.2058159610315566,False,False,False,False,False,1.0,1.0,1.0,96.23549750288127,95.86208221283135,99.04494813676529,96.23549750288127,95.86208221283135,99.04494813676529,89.0,88.0,87.0,104.0,104.0,109.0,16.0,17.0,23.0,16.0,17.0,23.0,-0.295959822815984,-0.4521453751882558,0.8414109239691405,-0.295959822815984,-0.4521453751882558,0.8414109239691404,20.855366443451167,13.219895487808104,13.178479968542884
649_0_0,/sfs/ceph/standard/gam_ai_group/people_scratch/ethan hirai/GrowthNet/analysis/synthetic_lollipop_v1/masks/649_0_0_synthetic_lollipop.nii.gz,False,,1.0,45,45.0,1,45,1.0,1.0,0.0,4.413041015034399,7.0,105.0,0.4285714285714285,6.654614245627183,3.2968778233949907,2.884195967455191,True,0.9492144186232956,2.598563560541561,2.598563560541561,2.466593999375139,0.4054173488840601,74.00566101074219,0.8267245954477457,200.15654627115927,1.6445702446831598,1.2095926569819906,False,False,False,False,False,1.0,1.0,1.0,47.666666666666664,47.93333333333333,48.2,47.666666666666664,47.93333333333333,48.2,44.0,47.0,46.0,50.0,49.0,50.0,7.0,3.0,5.0,7.0,3.0,5.0,-0.9566127954431928,-0.0588929576556944,0.2853481717707775,-0.9566127954431928,-0.0588929576556944,0.2853481717707775,7.6640660428852065,3.10714533677887,2.949347154428639,/Users/kvothearcane/Personal/Coding Projects/GrowthNet/rivanna_pull/analysis/synthetic_lollipop_v1/masks/649_0_0_synthetic_lollipop.nii.gz,False,,1.0,21,21.0,1,21,1.0,1.0,0.0,3.422999934344502,3.0,27.0,0.7777777777777778,2.8284271247461925,2.82842712474619,2.000000000000006,False,0.912870929175277,1.1670067531530235,1.1670067531530235,1.0653265391046238,0.9386793281621156,36.56314849853515,1.0067463598883617,110.83889040836438,1.741102309454055,0.993298848491382,False,False,False,False,False,1.0,1.0,1.0,38.904761904761905,39.0,39.095238095238095,38.904761904761905,39.0,39.095238095238095,38.0,38.0,38.0,40.0,40.0,40.0,3.0,3.0,3.0,3.0,3.0,3.0,0.7071067811865485,-2.55351295663786e-15,-0.7071067811865466,0.7071067811865485,-2.55351295663786e-15,-0.7071067811865466,3.300793555379993,3.0983866769659327,2.82842712474619
649_1_37,/sfs/ceph/standard/gam_ai_group/people_scratch/ethan hirai/GrowthNet/analysis/synthetic_lollipop_v1/masks/649_1_37_synthetic_lollipop.nii.gz,False,,1.0,102,102.0,1,102,1.0,1.0,0.0,5.796962840557109,10.0,800.0,0.1275,11.990823846977296,6.65359442596524,5.261896175064014,True,0.8951913323266081,3.091844925054759,3.091844925054759,2.7677927778070313,0.3612987243908905,166.44638061523438,0.634273475032856,443.2234439599748,1.6318272609336704,1.5766069989734302,False,False,False,False,False,1.0,1.0,1.0,48.14705882352941,47.98039215686274,47.71568627450981,48.14705882352941,47.98039215686274,47.71568627450981,43.0,44.0,42.0,52.0,51.0,51.0,10.0,8.0,10.0,10.0,8.0,10.0,0.6370256252527375,-0.3457269567787076,0.6889638772300711,0.6370256252527375,-0.3457269567787076,0.6889638772300711,13.42633025134813,4.850915993062904,4.342497950834432,/Users/kvothearcane/Personal/Coding Projects/GrowthNet/rivanna_pull/analysis/synthetic_lollipop_v1/masks/649_1_37_synthetic_lollipop.nii.gz,False,,1.0,103,103.0,1,103,1.0,1.0,0.0,5.815845589022965,6.0,150.0,0.6866666666666666,5.315631985194558,4.439284918341663,4.296730252019538,False,0.9862840595355676,1.1719350142986102,1.1719350142986102,1.1558608234143068,0.8651560635527829,109.23558807373048,0.972772884904014,122.86211969616944,1.060539690036218,1.0279891797134872,False,False,False,False,False,1.0,1.0,1.0,52.53398058252427,52.9126213592233,52.96116504854369,52.53398058252427,52.9126213592233,52.96116504854369,50.0,51.0,51.0,55.0,55.0,55.0,6.0,5.0,5.0,6.0,5.0,5.0,-0.990915091349176,-0.1201978475892706,-0.0603304166350687,-0.990915091349176,-0.1201978475892706,-0.0603304166350687,5.7482824655135,4.973161430053145,4.9049498439585255
649_2_148,/sfs/ceph/standard/gam_ai_group/people_scratch/ethan hirai/GrowthNet/analysis/synthetic_lollipop_v1/masks/649_2_148_synthetic_lollipop.nii.gz,False,,1.0,52,52.0,1,52,1.0,1.0,0.0,4.630930256838134,7.0,196.0,0.2653061224489796,7.972558590701354,3.0983733279091585,2.957604588798991,True,0.8894824814418177,2.8536056246983637,2.8536056246983637,2.538232212113029,0.3939749859086058,86.53829956054688,0.7785347395992688,239.672598508175,1.6641980684720552,1.2844641981098042,False,False,False,False,False,1.0,1.0,1.0,47.67307692307692,47.92307692307692,47.76923076923077,47.67307692307692,47.92307692307692,47.76923076923077,44.0,46.0,44.0,50.0,49.0,50.0,7.0,4.0,7.0,7.0,4.0,7.0,0.7396890694646511,-0.1057374590508657,0.6645898511623429,0.7396890694646511,-0.1057374590508657,0.6645898511623429,8.700392780516184,3.4277371231031992,3.0489121219880713,/Users/kvothearcane/Personal/Coding Projects/GrowthNet/rivanna_pull/analysis/synthetic_lollipop_v1/masks/649_2_148_synthetic_lollipop.nii.gz,False,,1.0,54,54.0,1,54,1.0,1.0,0.0,4.689555850780632,5.0,125.0,0.432,4.359372358796536,4.220170981817351,4.062183232754017,False,0.9678821000389616,1.0637740940630556,1.0637740940630556,1.0296079041287938,0.971243515118654,72.26502990722656,0.9560599175712984,129.4187022486579,1.3382412945782696,1.0459595487909623,False,False,False,False,False,1.0,1.0,1.0,47.5,48.07407407407408,47.77777777777778,47.5,48.07407407407408,47.77777777777778,46.0,46.0,46.0,50.0,50.0,50.0,5.0,5.0,5.0,5.0,5.0,5.0,0.4570150603101197,0.2218970223203403,0.8613355595440747,0.4570150603101197,0.2218970223203403,0.8613355595440747,4.366392932761681,4.240830820404704,4.104624240363257
662_2_260,/sfs/ceph/standard/gam_ai_group/people_scratch/ethan hirai/GrowthNet/analysis/synthetic_lollipop_v1/masks/662_2_260_synthetic_lollipop.nii.gz,False,,1.0,617,617.0,1,617,1.0,1.0,0.0,10.562389549339446,21.0,4368.0,0.1412545787545787,21.891052536342436,12.27207187061466,11.582589031236417,True,0.9329471933199628,2.69452381109354,2.69452381109354,2.5138484268935275,0.3977964579335213,578.6157836914062,0.6057367980530823,508.862562838605,0.9377889524982274,1.650882038558878,False,False,False,False,False,1.0,1.0,1.0,48.55429497568882,48.07455429497569,47.837925445705025,48.55429497568882,48.07455429497569,47.837925445705025,36.0,42.0,40.0,56.0,54.0,55.0,21.0,13.0,16.0,21.0,13.0,16.0,0.8154507398398,-0.3339621814247943,0.4727677572262261,0.8154507398398,-0.3339621814247943,0.4727677572262261,23.095798661257803,9.18742690059412,8.571384140741607,/Users/kvothearcane/Personal/Coding Projects/GrowthNet/rivanna_pull/analysis/synthetic_lollipop_v1/masks/662_2_260_synthetic_lollipop.nii.gz,False,,1.0,623,623.0,1,623,1.0,1.0,0.0,10.5965170548072,12.0,1188.0,0.5244107744107744,13.06174715433498,9.014539725836356,8.646070328081546,False,0.9854961417977608,1.392253269011838,1.392253269011838,1.3720602250164866,0.7288309811531662,395.47357177734375,0.8919873375803652,159.35889350218292,0.6347890397710173,1.1210921476897122,False,False,False,False,False,1.0,1.0,1.0,69.00481540930978,69.96629213483146,69.26966292134831,69.00481540930978,69.96629213483146,69.26966292134831,64.0,66.0,64.0,75.0,74.0,74.0,12.0,9.0,11.0,12.0,9.0,11.0,-0.798371466703311,-0.0360276823412369,-0.6010865222737263,-0.798371466703311,-0.0360276823412369,-0.6010865222737263,11.803809802809768,8.602982279927206,8.478205844822766
664_0_0,/sfs/ceph/standard/gam_ai_group/people_scratch/ethan hirai/GrowthNet/analysis/synthetic_lollipop_v1/masks/664_0_0_synthetic_lollipop.nii.gz,False,,1.0,102,102.0,1,102,1.0,1.0,0.0,5.796962840557109,12.0,672.0,0.1517857142857142,12.055901303433506,6.373875078704044,5.641314420356546,True,0.8944687513214369,2.7178081517606096,2.7178081517606096,2.430994463836535,0.411354289314927,172.20730590820312,0.613054850853672,490.85630510914933,1.688306920668658,1.6311754137619354,False,False,False,False,False,1.0,1.0,1.0,48.1078431372549,48.23529411764706,48.068627450980394,48.1078431372549,48.23529411764706,48.068627450980394,40.0,46.0,45.0,51.0,52.0,52.0,12.0,7.0,8.0,12.0,7.0,8.0,0.9327666690618556,0.306230841510143,0.1901815259041749,0.9327666690618556,0.306230841510143,0.1901815259041749,12.854064734431535,5.287574663640151,4.729570306905073,/Users/kvothearcane/Personal/Coding Projects/GrowthNet/rivanna_pull/analysis/synthetic_lollipop_v1/masks/664_0_0_synthetic_lollipop.nii.gz,False,,1.0,101,101.0,1,101,1.0,1.0,0.0,5.777956268578565,6.0,180.0,0.5611111111111111,5.4803001495838135,5.1111419270928415,4.508841183451608,False,0.9972056307586056,1.162788488421067,1.162788488421067,1.1595392280347758,0.8624115302203548,109.09066009521484,0.96141480151143,127.2682174506997,1.0801055454971766,1.0401337678886475,False,False,False,False,False,1.0,1.0,1.0,53.96039603960397,53.79207920792079,54.3960396039604,53.96039603960397,53.79207920792079,54.3960396039604,52.0,51.0,52.0,56.0,56.0,57.0,5.0,6.0,6.0,5.0,6.0,6.0,-0.0512818149384006,-0.3813446404448436,0.923009447763465,-0.0512818149384006,-0.3813446404448436,0.923009447763465,5.713305956897959,4.9272209329054375,4.913452458284972
664_1_175,/sfs/ceph/standard/gam_ai_group/people_scratch/ethan hirai/GrowthNet/analysis/synthetic_lollipop_v1/masks/664_1_175_synthetic_lollipop.nii.gz,False,,1.0,174,174.0,1,174,1.0,1.0,0.0,6.926548433133662,14.0,784.0,0.221938775510204,13.647790588795573,7.382020067900582,7.035236453518944,True,0.9327945752455202,2.7228109474701343,2.7228109474701343,2.5398232812192565,0.3937281807732482,231.944580078125,0.6498294577275397,412.14894212831064,1.3330148280352012,1.538865294745194,False,False,False,False,False,1.0,1.0,1.0,48.293103448275865,48.00574712643678,48.32183908045977,48.293103448275865,48.00574712643678,48.32183908045977,39.0,44.0,46.0,52.0,51.0,52.0,14.0,8.0,7.0,14.0,8.0,7.0,0.97239444333477,-0.0456714146735264,0.2288299990241271,0.97239444333477,-0.0456714146735264,0.2288299990241271,15.135427157100269,5.959244199791105,5.558750662128475,/Users/kvothearcane/Personal/Coding Projects/GrowthNet/rivanna_pull/analysis/synthetic_lollipop_v1/masks/664_1_175_synthetic_lollipop.nii.gz,False,,1.0,176,176.0,1,176,1.0,1.0,0.0,6.952985897165982,8.0,392.0,0.4489795918367347,7.065601973836978,6.372272801604341,6.324392592227728,False,0.975868880752416,1.173356209638185,1.173356209638185,1.145041811023513,0.8733305547210847,166.51226806640625,0.9121081436938452,149.04361426236804,0.94609243219549,1.0963612230784512,False,False,False,False,False,1.0,1.0,1.0,60.26136363636363,61.05681818181818,61.02272727272727,60.26136363636363,61.05681818181818,61.02272727272727,57.0,58.0,58.0,64.0,64.0,64.0,8.0,7.0,7.0,8.0,7.0,7.0,-0.9982597944798174,0.0539292109645073,0.0238542015137487,-0.9982597944798172,0.0539292109645073,0.0238542015137487,6.897832943034346,6.024088270513557,5.878720278099823
664_2_210,/sfs/ceph/standard/gam_ai_group/people_scratch/ethan hirai/GrowthNet/analysis/synthetic_lollipop_v1/masks/664_2_210_synthetic_lollipop.nii.gz,False,,1.0,42,42.0,1,42,1.0,1.0,0.0,4.312709671069407,7.0,140.0,0.3,6.950349635968799,3.306508968731049,2.8806922739086045,True,0.954893376089839,2.598895638463729,2.598895638463729,2.481668230317788,0.4029547494638096,75.00711059570312,0.7790186986266716,239.2261919948856,1.7858835856119792,1.2836662351788155,False,False,False,False,False,1.0,1.0,1.0,47.904761904761905,47.904761904761905,47.714285714285715,47.904761904761905,47.904761904761905,47.714285714285715,47.0,46.0,44.0,50.0,50.0,50.0,4.0,5.0,7.0,4.0,5.0,7.0,0.1832672685420543,0.489159303865134,0.8527228645482142,0.1832672685420543,0.489159303865134,0.8527228645482142,7.5578224512941405,3.045460452353186,2.908090013095622,/Users/kvothearcane/Personal/Coding Projects/GrowthNet/rivanna_pull/analysis/synthetic_lollipop_v1/masks/664_2_210_synthetic_lollipop.nii.gz,False,,1.0,44,44.0,1,44,1.0,1.0,0.0,4.380106645730805,5.0,125.0,0.352,4.079371009750147,3.668964505872811,2.8284271247461916,False,0.9115305501734048,1.2478635593087803,1.2478635593087803,1.1374657567580757,0.8791473449276656,62.267093658447266,0.9679672123109428,124.70114265577352,1.415161219510165,1.0330928437261646,False,False,False,False,False,1.0,1.0,1.0,48.79545454545455,49.31818181818182,48.79545454545455,48.79545454545455,49.31818181818182,48.79545454545455,47.0,47.0,47.0,51.0,51.0,51.0,5.0,5.0,5.0,5.0,5.0,5.0,-0.5546641771603413,0.6202381003695949,-0.554664177160341,-0.5546641771603412,0.6202381003695948,-0.5546641771603409,4.4384601448837495,3.9020604519418103,3.5568473105684024
679_1_94,/sfs/ceph/standard/gam_ai_group/people_scratch/ethan hirai/GrowthNet/analysis/synthetic_lollipop_v1/masks/679_1_94_synthetic_lollipop.nii.gz,False,,1.0,1781,1781.0,1,1781,1.0,1.0,0.0,15.039097181429089,31.0,11067.0,0.1609288876841059,31.431745101629303,17.640965589742105,16.280481758990554,True,0.9043911852981056,2.6969371548591035,2.6969371548591035,2.439086190157525,0.4099896116977385,1194.388916015625,0.594905028231912,537.1671605909343,0.6706282515528496,1.6809405746191972,False,False,False,False,False,1.0,1.0,1.0,48.349241998877034,47.53846153846154,47.481751824817515,48.349241998877034,47.53846153846154,47.481751824817515,28.0,38.0,37.0,58.0,54.0,57.0,31.0,17.0,21.0,31.0,17.0,21.0,-0.9061559817991858,0.1926164392870531,0.3765371747463067,-0.9061559817991858,0.1926164392870531,0.3765371747463067,32.38609313191417,13.277961747560289,12.008471563218952,/Users/kvothearcane/Personal/Coding Projects/GrowthNet/rivanna_pull/analysis/synthetic_lollipop_v1/masks/679_1_94_synthetic_lollipop.nii.gz,False,,1.0,1761,1761.0,1,1761,1.0,1.0,0.0,14.98259055362593,19.0,3705.0,0.4753036437246963,19.811073398981996,12.795076844243455,12.455360292851736,False,0.9967795636323924,1.5118665554389026,1.5118665554389026,1.5069976854007971,0.6635710258135151,834.1702880859375,0.8454131100647823,187.1739642721847,0.4736912482032581,1.1828536701109025,False,False,False,False,False,1.0,1.0,1.0,83.47359454855196,85.79784213515049,85.02044293015332,83.47359454855196,85.79784213515049,85.02044293015332,75.0,79.0,79.0,93.0,93.0,91.0,19.0,15.0,13.0,19.0,15.0,13.0,-0.8776701100924446,0.4786129781353005,0.0249958998792708,-0.8776701100924446,0.4786129781353005,0.0249958998792708,17.73920879036748,11.771224974144276,11.733316493146248
690_0_0,/sfs/ceph/standard/gam_ai_group/people_scratch/ethan hirai/GrowthNet/analysis/synthetic_lollipop_v1/masks/690_0_0_synthetic_lollipop.nii.gz,False,,1.0,1804,1804.0,1,1804,1.0,1.0,0.0,15.103559250523936,30.0,13860.0,0.1301587301587301,31.56043438667549,17.80516345643251,15.77230968648198,True,0.9058731104956372,2.708084716608468,2.708084716608468,2.4531811257198095,0.4076339857321302,1203.947265625,0.5952522083045806,536.2278025499094,0.6673765330515521,1.6799601682255612,False,False,False,False,False,1.0,1.0,1.0,48.14689578713969,47.80432372505543,48.55044345898004,48.14689578713969,47.80432372505543,48.55044345898004,38.0,38.0,30.0,58.0,59.0,59.0,21.0,22.0,30.0,21.0,22.0,30.0,0.4121892772072867,-0.4454767420671434,0.794764412912769,0.4121892772072867,-0.4454767420671434,0.794764412912769,32.53145227782159,13.260925553663002,12.012715879347786,/Users/kvothearcane/Personal/Coding Projects/GrowthNet/rivanna_pull/analysis/synthetic_lollipop_v1/masks/690_0_0_synthetic_lollipop.nii.gz,False,,1.0,1814,1814.0,1,1814,1.0,1.0,0.0,15.131415380125151,20.0,3640.0,0.4983516483516483,20.43542839316474,12.761819821959367,12.62697592030626,False,0.9948739701766416,1.575318459680234,1.575318459680234,1.5672433302746265,0.6380630120944724,850.5457763671875,0.8456901793397453,186.99005590830657,0.4688785977768399,1.182466137635332,False,False,False,False,False,1.0,1.0,1.0,88.393605292172,89.1438809261301,90.61852260198457,88.393605292172,89.1438809261301,90.61852260198457,82.0,83.0,80.0,95.0,95.0,99.0,14.0,13.0,20.0,14.0,13.0,20.0,-0.3387220475074839,0.0895786102151921,0.936612538419304,-0.3387220475074839,0.0895786102151921,0.936612538419304,18.417740809840797,11.751679177102304,11.69143971916594
696_0_0,/sfs/ceph/standard/gam_ai_group/people_scratch/ethan hirai/GrowthNet/analysis/synthetic_lollipop_v1/masks/696_0_0_synthetic_lollipop.nii.gz,False,,1.0,1435,1435.0,1,1435,1.0,1.0,0.0,13.994297201203247,27.0,11016.0,0.1302650689905591,29.30430688650528,17.55078251367228,15.367606757140477,True,0.8923602904370765,2.758526643906271,2.758526643906271,2.4615996371346136,0.4062399038878777,1038.111083984375,0.592663566918367,543.2849595087612,0.7234223581772649,1.687297913721326,False,False,False,False,False,1.0,1.0,1.0,48.489895470383274,48.642508710801394,48.00836236933798,48.489895470383274,48.642508710801394,48.00836236933798,42.0,36.0,39.0,58.0,59.0,65.0,17.0,24.0,27.0,17.0,24.0,27.0,-0.2047135260399854,-0.6104742615986637,0.7651232241814665,-0.2047135260399854,-0.6104742615986637,0.7651232241814665,30.63692235845123,12.445940394317596,11.106262985035794,/Users/kvothearcane/Personal/Coding Projects/GrowthNet/rivanna_pull/analysis/synthetic_lollipop_v1/masks/696_0_0_synthetic_lollipop.nii.gz,False,,1.0,1425,1425.0,1,1425,1.0,1.0,0.0,13.9617143191655,18.0,3510.0,0.405982905982906,18.79428702122384,11.810875140187957,11.79251108596124,False,0.998023521289772,1.535933815325721,1.535933815325721,1.5328980748394103,0.6523590944588811,732.907470703125,0.8355611112267849,193.87317249918416,0.5143210320723685,1.196800553022128,False,False,False,False,False,1.0,1.0,1.0,80.13263157894737,82.34456140350878,81.29473684210527,80.13263157894737,82.34456140350878,81.29473684210527,73.0,73.0,75.0,87.0,90.0,87.0,15.0,18.0,13.0,15.0,18.0,13.0,-0.5250852622597726,0.8335687470327038,0.1716059769585964,-0.5250852622597726,0.8335687470327038,0.1716059769585964,16.729445360128,10.913605825932432,10.892035316365655
709_0_0,/sfs/ceph/standard/gam_ai_group/people_scratch/ethan hirai/GrowthNet/analysis/synthetic_lollipop_v1/masks/709_0_0_synthetic_lollipop.nii.gz,False,,1.0,70,70.0,1,70,1.0,1.0,0.0,5.113282717745438,10.0,300.0,0.2333333333333333,9.342087625253376,4.503007780352701,4.107503468445072,True,0.8846702614284946,2.783709455645744,2.783709455645744,2.4626649718670928,0.4060641668370507,114.12779998779295,0.7197108317543067,303.37392935543295,1.6303971426827566,1.3894469221235477,False,False,False,False,False,1.0,1.0,1.0,48.18571428571428,47.957142857142856,47.885714285714286,48.18571428571428,47.957142857142856,47.885714285714286,47.0,45.0,42.0,51.0,50.0,51.0,5.0,6.0,10.0,5.0,6.0,10.0,0.2176969473229247,-0.3501896451119807,0.9110297753545844,0.2176969473229247,-0.3501896451119807,0.9110297753545844,10.076167274349135,4.091570469169339,3.6196907166131473,/Users/kvothearcane/Personal/Coding Projects/GrowthNet/rivanna_pull/analysis/synthetic_lollipop_v1/masks/709_0_0_synthetic_lollipop.nii.gz,False,,1.0,71,71.0,1,71,1.0,1.0,0.0,5.137516647158831,5.0,125.0,0.568,4.803750948900888,4.387398450839438,4.216296586737436,False,0.980147653720933,1.1779163639018124,1.1779163639018124,1.154531960357854,0.8661518557615712,88.71475982666016,0.9346746753917424,138.50675227050365,1.2495036595304247,1.0698909752539068,False,False,False,False,False,1.0,1.0,1.0,52.71830985915493,53.183098591549296,52.83098591549296,52.71830985915493,53.183098591549296,52.83098591549296,51.0,51.0,51.0,55.0,55.0,55.0,5.0,5.0,5.0,5.0,5.0,5.0,-0.6749030982336602,0.5303624798965868,-0.5130511162764865,-0.6749030982336603,0.5303624798965869,-0.5130511162764866,5.134161565177075,4.446963567457856,4.3586809068262875
709_1_371,/sfs/ceph/standard/gam_ai_group/people_scratch/ethan hirai/GrowthNet/analysis/synthetic_lollipop_v1/masks/709_1_371_synthetic_lollipop.nii.gz,False,,1.0,66,66.0,1,66,1.0,1.0,0.0,5.013970461270554,8.0,320.0,0.20625,8.741073969313193,4.325444369602492,4.092813675621611,True,0.9662739076585644,2.6421297018216907,2.6421297018216907,2.5530209915200026,0.3916928232558816,110.8251953125,0.7126477355490296,312.48389907449905,1.6791696259469695,1.4032178173268055,False,False,False,False,False,1.0,1.0,1.0,47.86363636363637,47.95454545454545,47.86363636363637,47.86363636363637,47.95454545454545,47.86363636363637,44.0,44.0,46.0,51.0,51.0,50.0,8.0,8.0,5.0,8.0,8.0,5.0,0.6740546815581787,0.7196139545462638,0.1667514398492264,0.6740546815581787,0.7196139545462638,0.1667514398492264,9.84345125011996,3.855609210741125,3.725574578467179,/Users/kvothearcane/Personal/Coding Projects/GrowthNet/rivanna_pull/analysis/synthetic_lollipop_v1/masks/709_1_371_synthetic_lollipop.nii.gz,False,,1.0,68,68.0,1,68,1.0,1.0,0.0,5.064113492312934,6.0,150.0,0.4533333333333333,4.929431549436048,4.581123548082104,4.100544599863034,False,0.96336328939947,1.116238131612459,1.116238131612459,1.075342838223297,0.9299359836275286,85.10365295410156,0.9466916160414502,133.2989659595999,1.2515243081485523,1.0563101891421165,False,False,False,False,False,1.0,1.0,1.0,48.89705882352941,48.97058823529411,49.26470588235294,48.89705882352941,48.97058823529411,49.26470588235294,47.0,47.0,47.0,51.0,51.0,52.0,5.0,5.0,6.0,5.0,5.0,6.0,-0.4393042022066868,-0.0237081030465773,0.8980254694458724,-0.4393042022066868,-0.0237081030465773,0.8980254694458724,4.8566404640319885,4.516364727044844,4.3508999795736605
709_2_763,/sfs/ceph/standard/gam_ai_group/people_scratch/ethan hirai/GrowthNet/analysis/synthetic_lollipop_v1/masks/709_2_763_synthetic_lollipop.nii.gz,False,,1.0,91,91.0,1,91,1.0,1.0,0.0,5.580600367226721,10.0,640.0,0.1421875,11.178695972040302,5.887301636945809,5.071185289785832,True,0.891889486667141,2.9724361400425656,2.9724361400425656,2.651084543093422,0.3772041154270956,150.93624877929688,0.6482136425299355,415.23874726264495,1.65864009647579,1.5427012552482933,False,False,False,False,False,1.0,1.0,1.0,48.18681318681319,48.08791208791209,47.9010989010989,48.18681318681319,48.08791208791209,47.9010989010989,45.0,45.0,42.0,52.0,52.0,51.0,8.0,8.0,10.0,8.0,8.0,10.0,0.4605656721723661,-0.5391975052663703,0.7050853224475313,0.4605656721723661,-0.5391975052663703,0.7050853224475313,12.31623792520653,4.645735631967176,4.14348276798645,/Users/kvothearcane/Personal/Coding Projects/GrowthNet/rivanna_pull/analysis/synthetic_lollipop_v1/masks/709_2_763_synthetic_lollipop.nii.gz,False,,1.0,93,93.0,1,93,1.0,1.0,0.0,5.62118797776233,6.0,150.0,0.62,5.74138083699552,4.745771844918584,4.242640687119309,False,0.9983713726843352,1.1902757843701828,1.1902757843701828,1.1883372687145832,0.8415119396883796,101.6231689453125,0.9768173316225957,121.34232259376348,1.0927222467237905,1.0237328593862025,False,False,False,False,False,1.0,1.0,1.0,54.87096774193548,54.73118279569893,54.87096774193548,54.87096774193548,54.73118279569893,54.87096774193548,53.0,52.0,53.0,57.0,57.0,57.0,5.0,6.0,5.0,5.0,6.0,5.0,-0.3684439624393028,-0.8535209974476614,-0.3684439624393032,-0.3684439624393028,-0.8535209974476614,-0.3684439624393032,5.637785274821078,4.744263622161269,4.736536984833503
731_5_4977,/sfs/ceph/standard/gam_ai_group/people_scratch/ethan hirai/GrowthNet/analysis/synthetic_lollipop_v1/masks/731_5_4977_synthetic_lollipop.nii.gz,False,,1.0,45,45.0,1,45,1.0,1.0,0.0,4.413041015034399,7.0,175.0,0.2571428571428571,6.994800180267314,3.659756712521678,2.9575130985260936,True,0.916368223353506,2.569313453905203,2.569313453905203,2.3544372049933706,0.4247299515481517,77.83541870117188,0.7860470359238614,232.86636841219408,1.7296759711371528,1.2721885005579523,False,False,False,False,False,1.0,1.0,1.0,47.86666666666667,48.0,48.04444444444445,47.86666666666667,48.0,48.04444444444445,44.0,46.0,46.0,50.0,50.0,50.0,7.0,5.0,5.0,7.0,5.0,5.0,0.896958029032961,-0.2946763376263189,0.3295939171108074,0.896958029032961,-0.2946763376263189,0.3295939171108074,7.874453550433053,3.3445162749436017,3.064808436846954,/Users/kvothearcane/Personal/Coding Projects/GrowthNet/rivanna_pull/analysis/synthetic_lollipop_v1/masks/731_5_4977_synthetic_lollipop.nii.gz,False,,1.0,47,47.0,1,47,1.0,1.0,0.0,4.477474060769193,5.0,125.0,0.376,3.9721786232259912,3.78134740028527,3.70129903789373,False,0.975305142599318,1.1413196968492574,1.1413196968492574,1.1131349696869757,0.8983636551111227,65.29034423828125,0.964644008905503,125.99437580471998,1.389156260388963,1.0366518537077865,False,False,False,False,False,1.0,1.0,1.0,47.702127659574465,47.87234042553192,48.361702127659576,47.702127659574465,47.87234042553192,48.361702127659576,46.0,46.0,46.0,50.0,50.0,50.0,5.0,5.0,5.0,5.0,5.0,5.0,-0.6559709716142251,-0.2768474809108428,0.7021805727252856,-0.6559709716142251,-0.2768474809108428,0.7021805727252856,4.378525034789894,3.933507754249405,3.836370341173739
731_6_5458,/sfs/ceph/standard/gam_ai_group/people_scratch/ethan hirai/GrowthNet/analysis/synthetic_lollipop_v1/masks/731_6_5458_synthetic_lollipop.nii.gz,False,,1.0,80,80.0,1,80,1.0,1.0,0.0,5.346018470287903,10.0,400.0,0.2,10.458759406940192,5.347418628705493,4.62443116469343,True,0.9101092423482806,3.1048704369779085,3.1048704369779085,2.825771280987539,0.3538856830799568,126.98021697998048,0.7070900363778198,319.9102981427711,1.587252712249756,1.4142470527836282,False,False,False,False,False,1.0,1.0,1.0,47.825,48.15,47.9875,47.825,48.15,47.9875,42.0,45.0,46.0,51.0,52.0,50.0,10.0,8.0,5.0,10.0,8.0,5.0,-0.8526209504349356,0.5078665226919101,0.1229191197831107,-0.8526209504349356,0.5078665226919101,0.1229191197831107,11.67239908932154,4.130694924906419,3.759383628478469,/Users/kvothearcane/Personal/Coding Projects/GrowthNet/rivanna_pull/analysis/synthetic_lollipop_v1/masks/731_6_5458_synthetic_lollipop.nii.gz,False,,1.0,81,81.0,1,81,1.0,1.0,0.0,5.368201373637897,6.0,150.0,0.54,5.302147597686672,4.569459031815987,4.49487796770024,False,0.9873662873682258,1.1548126870702506,1.1548126870702506,1.1402231154382785,0.8770213359651288,95.2998046875,0.9499821823427188,131.91858793991722,1.1765407986111112,1.0526513218741995,False,False,False,False,False,1.0,1.0,1.0,50.44444444444444,50.93827160493827,51.02469135802469,50.44444444444444,50.93827160493827,51.02469135802469,48.0,49.0,49.0,53.0,53.0,53.0,6.0,5.0,5.0,6.0,5.0,5.0,-0.9687439719849424,-0.2292138688809807,0.0948478732257601,-0.9687439719849424,-0.2292138688809807,0.0948478732257601,5.291345590835493,4.640622979127738,4.58199468197703
733_1_53,/sfs/ceph/standard/gam_ai_group/people_scratch/ethan hirai/GrowthNet/analysis/synthetic_lollipop_v1/masks/733_1_53_synthetic_lollipop.nii.gz,False,,1.0,105,105.0,1,105,1.0,1.0,0.0,5.853247553205011,11.0,693.0,0.1515151515151515,11.43135949309306,6.9070196925979745,5.754140791574913,True,0.8681046347235625,2.8811581806477786,2.8811581806477786,2.501146769992044,0.399816600927894,172.50868225097656,0.623925447930311,465.64428278480136,1.6429398309616816,1.60275559093992,False,False,False,False,False,1.0,1.0,1.0,47.92380952380952,47.92380952380952,48.23809523809524,47.92380952380952,47.92380952380952,48.23809523809524,43.0,45.0,42.0,51.0,51.0,52.0,9.0,7.0,11.0,9.0,7.0,11.0,0.5772438968462889,0.0220989611561999,0.8162726992062934,0.5772438968462889,0.0220989611561999,0.8162726992062934,12.820351934713438,5.1257895332364765,4.449721650420111,/Users/kvothearcane/Personal/Coding Projects/GrowthNet/rivanna_pull/analysis/synthetic_lollipop_v1/masks/733_1_53_synthetic_lollipop.nii.gz,False,,1.0,106,106.0,1,106,1.0,1.0,0.0,5.871770611970456,6.0,216.0,0.4907407407407407,5.799124811127976,5.123220559206345,4.914245078078239,False,0.948569479650125,1.2027116784902925,1.2027116784902925,1.1408555910346652,0.8765351266702209,113.13302612304688,0.9574114801337846,128.87138064937977,1.067292699274027,1.044482984327976,False,False,False,False,False,1.0,1.0,1.0,55.63207547169811,56.31132075471698,56.264150943396224,55.63207547169811,56.31132075471698,56.264150943396224,53.0,54.0,54.0,58.0,59.0,59.0,6.0,6.0,6.0,6.0,6.0,6.0,-0.7036706708137502,0.5681887185765339,0.4266253240477917,-0.7036706708137502,0.5681887185765339,0.4266253240477917,5.8583849546663345,5.135080198321372,4.8709803516833645
733_2_242,/sfs/ceph/standard/gam_ai_group/people_scratch/ethan hirai/GrowthNet/analysis/synthetic_lollipop_v1/masks/733_2_242_synthetic_lollipop.nii.gz,False,,1.0,242,242.0,1,242,1.0,1.0,0.0,7.731651102653188,16.0,1920.0,0.1260416666666666,16.11444446737328,9.261150929901603,7.237484580218204,True,0.8286934168228107,2.918306193612229,2.918306193612229,2.4183811309196894,0.4134997528779546,315.02587890625,0.5961398261276901,533.8361303244077,1.3017598301911155,1.6774588044144614,False,False,False,False,False,1.0,1.0,1.0,47.950413223140494,48.50826446280992,47.735537190082646,47.950413223140494,48.50826446280992,47.735537190082646,42.0,39.0,43.0,53.0,54.0,52.0,12.0,16.0,10.0,12.0,16.0,10.0,0.4714138034294391,0.8307490684889333,0.2960152211305357,0.4714138034294391,0.8307490684889333,0.2960152211305357,17.408051241773315,7.198224886560037,5.965121576302426,/Users/kvothearcane/Personal/Coding Projects/GrowthNet/rivanna_pull/analysis/synthetic_lollipop_v1/masks/733_2_242_synthetic_lollipop.nii.gz,False,,1.0,238,238.0,1,238,1.0,1.0,0.0,7.688815591542102,9.0,441.0,0.5396825396825397,8.979975567906418,6.93568329581728,6.638389532798054,False,0.9848950705397082,1.2171694464510106,1.2171694464510106,1.1987841878211458,0.8341785036534002,197.7698974609375,0.939092936927349,136.56098825323988,0.8309659557182247,1.0648573327278288,False,False,False,False,False,1.0,1.0,1.0,62.83193277310925,62.81932773109243,63.760504201680675,62.83193277310925,62.81932773109243,63.760504201680675,60.0,60.0,59.0,66.0,66.0,67.0,7.0,7.0,9.0,7.0,7.0,9.0,-0.2345053209208127,-0.2637498697467129,0.9356512494879804,-0.2345053209208127,-0.2637498697467129,0.9356512494879804,7.820543996520545,6.5237296887730905,6.4251892120061616
734_1_365,/sfs/ceph/standard/gam_ai_group/people_scratch/ethan hirai/GrowthNet/analysis/synthetic_lollipop_v1/masks/734_1_365_synthetic_lollipop.nii.gz,False,,1.0,818,818.0,1,818,1.0,1.0,0.0,11.603390114444608,23.0,5796.0,0.1411318150448585,24.15194148055835,13.637524134307712,12.454566244733812,True,0.8986944348734279,2.719273116151658,2.719273116151658,2.44379561638642,0.4091995227811544,701.9193725585938,0.602604584557149,516.8387639857834,0.8580921424921684,1.6594629805793708,False,False,False,False,False,1.0,1.0,1.0,48.35696821515892,47.733496332518335,47.766503667481665,48.35696821515892,47.733496332518335,47.766503667481665,34.0,40.0,42.0,56.0,57.0,55.0,23.0,18.0,14.0,23.0,18.0,14.0,0.8514704834367,-0.5138767355617924,0.1045405016461489,0.8514704834367,-0.5138767355617924,0.1045405016461489,25.034322155132813,10.244032679030028,9.20625515930582,/Users/kvothearcane/Personal/Coding Projects/GrowthNet/rivanna_pull/analysis/synthetic_lollipop_v1/masks/734_1_365_synthetic_lollipop.nii.gz,False,,1.0,781,781.0,1,781,1.0,1.0,0.0,11.425734738249664,15.0,1500.0,0.5206666666666667,14.84514511504253,9.682127810066548,9.544894748026511,False,0.984479093361318,1.5056995996147369,1.5056995996147369,1.4823297767032153,0.6746137166751491,475.9060668945313,0.8617809821464237,176.7102153041141,0.6093547591479274,1.160387639919039,False,False,False,False,False,1.0,1.0,1.0,65.32650448143406,67.06914212548016,66.60307298335468,65.32650448143406,67.06914212548016,66.60307298335468,59.0,63.0,62.0,73.0,72.0,71.0,15.0,10.0,10.0,15.0,10.0,10.0,-0.9735520547805736,0.050900892918995,-0.2227229124553018,-0.9735520547805736,0.050900892918995,-0.2227229124553018,13.44375273303434,9.069339997293987,8.928575617921524
734_2_768,/sfs/ceph/standard/gam_ai_group/people_scratch/ethan hirai/GrowthNet/analysis/synthetic_lollipop_v1/masks/734_2_768_synthetic_lollipop.nii.gz,False,,1.0,1306,1306.0,1,1306,1.0,1.0,0.0,13.56172243585131,28.0,8820.0,0.1480725623582766,28.425173788791497,16.287628963167514,14.468641596480822,True,0.8947583262657453,2.7497936905874503,2.7497936905874503,2.4604008001661337,0.406437845383759,949.3037719726562,0.6086594500630009,501.5673589024035,0.7268788453083126,1.64295485742724,False,False,False,False,False,1.0,1.0,1.0,48.80321592649311,47.69525267993875,47.93261868300153,48.80321592649311,47.69525267993875,47.93261868300153,32.0,37.0,42.0,59.0,57.0,56.0,28.0,21.0,15.0,28.0,21.0,15.0,0.8585309760426328,0.4802213837357656,0.1797553497901824,0.8585309760426328,0.4802213837357656,0.1797553497901824,29.28539992953385,11.902694848561426,10.65003532075073,/Users/kvothearcane/Personal/Coding Projects/GrowthNet/rivanna_pull/analysis/synthetic_lollipop_v1/masks/734_2_768_synthetic_lollipop.nii.gz,False,,1.0,1327,1327.0,1,1327,1.0,1.0,0.0,13.634025445108325,17.0,3094.0,0.4288946347769877,18.19385495714165,11.657779196060066,11.558155781531497,False,0.9905930397705688,1.5003970460783502,1.5003970460783502,1.4862828707375348,0.6728194340985523,690.4781494140625,0.8457619318244995,186.94246853509023,0.5203301804175301,1.182365819945069,False,False,False,False,False,1.0,1.0,1.0,77.33458929917106,79.55689525244914,77.82667671439337,77.33458929917106,79.55689525244914,77.82667671439337,70.0,74.0,71.0,86.0,86.0,84.0,17.0,13.0,14.0,17.0,13.0,14.0,-0.7897295002062447,0.2792829502324285,-0.5461944252859653,-0.7897295002062447,0.2792829502324285,-0.5461944252859653,16.056455256141128,10.8030951390656,10.701470852737646
735_2_721,/sfs/ceph/standard/gam_ai_group/people_scratch/ethan hirai/GrowthNet/analysis/synthetic_lollipop_v1/masks/735_2_721_synthetic_lollipop.nii.gz,False,,1.0,569,569.0,1,569,1.0,1.0,0.0,10.281059708188629,19.0,4104.0,0.1386452241715399,20.977264131222803,12.34579527321279,10.821472810300753,True,0.9149336984282668,2.734590876263337,2.734590876263337,2.5019693441078092,0.3996851529596161,553.2264404296875,0.600236923091355,522.9790019223058,0.9722784541822276,1.6660088067388046,False,False,False,False,False,1.0,1.0,1.0,48.32337434094903,48.112478031634446,48.25659050966608,48.32337434094903,48.112478031634446,48.25659050966608,44.0,38.0,37.0,55.0,55.0,55.0,12.0,18.0,19.0,12.0,18.0,19.0,0.2285587439150088,0.633371802632388,0.7393247325838579,0.2285587439150088,0.633371802632388,0.7393247325838579,22.458188662722193,8.976204570856035,8.212632045862025,/Users/kvothearcane/Personal/Coding Projects/GrowthNet/rivanna_pull/analysis/synthetic_lollipop_v1/masks/735_2_721_synthetic_lollipop.nii.gz,False,,1.0,568,568.0,1,568,1.0,1.0,0.0,10.275033294317662,13.0,1053.0,0.5394112060778727,12.36148414842873,8.959466952381987,8.837741588186066,False,0.9869679929152868,1.34997628398985,1.34997628398985,1.3323833834926997,0.7505347277587685,370.6749267578125,0.8947941536667999,157.86394800412523,0.6525967020384023,1.117575473534415,False,False,False,False,False,1.0,1.0,1.0,66.90140845070422,65.55633802816901,67.15669014084507,66.90140845070422,65.55633802816901,67.15669014084507,63.0,60.0,63.0,71.0,72.0,71.0,9.0,13.0,9.0,9.0,13.0,9.0,-0.065673537905812,-0.9908668377316908,0.1177705239121091,-0.065673537905812,-0.9908668377316908,0.1177705239121091,11.204303940339903,8.409219207589507,8.299630203299294
735_3_1012,/sfs/ceph/standard/gam_ai_group/people_scratch/ethan hirai/GrowthNet/analysis/synthetic_lollipop_v1/masks/735_3_1012_synthetic_lollipop.nii.gz,False,,1.0,560,560.0,1,560,1.0,1.0,0.0,10.226565435490876,19.0,4199.0,0.1333650869254584,21.043176401199773,12.36824099774214,10.751849913377004,True,0.912588972073871,2.737248524813202,2.737248524813202,2.49798281757,0.4003230098166908,540.2315673828125,0.6081763363324473,502.7635906533651,0.964699227469308,1.6442599625470633,False,False,False,False,False,1.0,1.0,1.0,47.894642857142856,47.78035714285714,48.325,47.894642857142856,47.78035714285714,48.325,42.0,41.0,39.0,54.0,59.0,55.0,13.0,19.0,17.0,13.0,19.0,17.0,0.3253676658854477,-0.7020065819324933,0.6335003085395566,0.3253676658854477,-0.7020065819324933,0.6335003085395566,22.392251186065433,8.964133391377079,8.180569277169871,/Users/kvothearcane/Personal/Coding Projects/GrowthNet/rivanna_pull/analysis/synthetic_lollipop_v1/masks/735_3_1012_synthetic_lollipop.nii.gz,False,,1.0,558,558.0,1,558,1.0,1.0,0.0,10.21437643057238,14.0,1134.0,0.492063492063492,13.12428968795466,8.781830667330196,8.768502518117813,False,0.9917861104842824,1.3307369934355455,1.3307369934355455,1.3198064667969878,0.7576868466381137,369.100341796875,0.8880330782750646,161.4971803581221,0.6614701465893817,1.12608417914164,False,False,False,False,False,1.0,1.0,1.0,67.84587813620071,69.05017921146954,69.13082437275986,67.84587813620071,69.05017921146954,69.13082437275986,62.0,65.0,65.0,75.0,73.0,73.0,14.0,9.0,9.0,14.0,9.0,9.0,-0.9923798075010224,0.0520650306875409,0.1116760952206848,-0.9923798075010224,0.0520650306875409,0.1116760952206848,11.06060889362582,8.380477874508824,8.311641555158692
743_0_0,/sfs/ceph/standard/gam_ai_group/people_scratch/ethan hirai/GrowthNet/analysis/synthetic_lollipop_v1/masks/743_0_0_synthetic_lollipop.nii.gz,False,,1.0,381,381.0,1,381,1.0,1.0,0.0,8.994467380736001,16.0,2816.0,0.1352982954545454,17.97294117185155,10.402989591167172,9.251954936047673,True,0.8667626065776634,2.7630137942215907,2.7630137942215907,2.3948770382895455,0.417557972293314,402.22607421875,0.6318741005280628,448.2917115741511,1.0557114808891075,1.582593746387597,False,False,False,False,False,1.0,1.0,1.0,48.00787401574803,48.00787401574803,48.47244094488189,48.00787401574803,48.00787401574803,48.47244094488189,44.0,39.0,39.0,54.0,54.0,54.0,11.0,16.0,16.0,11.0,16.0,16.0,0.2057519312150374,0.6700989040478261,0.713185530977168,0.2057519312150374,0.6700989040478261,0.713185530977168,18.99255043312684,7.930490847534947,6.8738529184496935,/Users/kvothearcane/Personal/Coding Projects/GrowthNet/rivanna_pull/analysis/synthetic_lollipop_v1/masks/743_0_0_synthetic_lollipop.nii.gz,False,,1.0,360,360.0,1,360,1.0,1.0,0.0,8.826082030068797,10.0,640.0,0.5625,10.275429785637524,7.849082919517221,7.5778485944945775,False,0.9927850344832848,1.2594048780771614,1.2594048780771614,1.2503183153102515,0.7997963300664455,265.7120056152344,0.9210317767657692,144.75331921897447,0.7380889044867621,1.0857388694139631,False,False,False,False,False,1.0,1.0,1.0,63.05555555555556,63.59722222222222,63.875,63.05555555555556,63.59722222222222,63.875,59.0,60.0,60.0,68.0,67.0,67.0,10.0,8.0,8.0,10.0,8.0,8.0,-0.9188425848409218,-0.3795960172673793,-0.1078664357323306,-0.9188425848409218,-0.3795960172673793,-0.1078664357323306,9.208099334916769,7.364604054953707,7.311468690652955
743_3_631,/sfs/ceph/standard/gam_ai_group/people_scratch/ethan hirai/GrowthNet/analysis/synthetic_lollipop_v1/masks/743_3_631_synthetic_lollipop.nii.gz,False,,1.0,2542,2542.0,1,2542,1.0,1.0,0.0,16.932677672566957,35.0,13230.0,0.1921390778533635,34.846635783910834,20.85725569497161,18.208620966469244,True,0.8839755758205652,2.75806068777099,2.75806068777099,2.438058284620425,0.410162466708907,1507.0108642578125,0.5977020867480102,529.661074486649,0.5928445571431206,1.6730742993400285,False,False,False,False,False,1.0,1.0,1.0,48.497639653815895,47.71164437450826,47.77970102281668,48.497639653815895,47.71164437450826,47.77970102281668,24.0,37.0,39.0,58.0,57.0,56.0,35.0,21.0,18.0,35.0,21.0,18.0,-0.992896625036545,0.0653955345245843,0.0993967607886828,-0.992896625036545,0.0653955345245843,0.0993967607886828,36.70353717992649,15.054413346660732,13.307733706755222,/Users/kvothearcane/Personal/Coding Projects/GrowthNet/rivanna_pull/analysis/synthetic_lollipop_v1/masks/743_3_631_synthetic_lollipop.nii.gz,False,,1.0,2528,2528.0,1,2528,1.0,1.0,0.0,16.901535000141788,21.0,5985.0,0.4223893065998329,22.97887296669542,14.16132468365462,14.115605064478196,False,0.9966167245832784,1.5850836703421796,1.5850836703421796,1.5797208957268642,0.6330232148634574,1069.994140625,0.8387272849331482,191.6858518320904,0.4232571758801424,1.1922826620332332,False,False,False,False,False,1.0,1.0,1.0,94.03520569620254,96.21875,97.59335443037976,94.03520569620254,96.21875,97.59335443037976,85.0,89.0,88.0,105.0,103.0,106.0,21.0,15.0,19.0,21.0,15.0,19.0,-0.7623691765019999,0.106899457719599,0.638252101178616,-0.7623691765019999,0.106899457719599,0.638252101178616,20.707435822737025,13.108287596087711,13.063938648908554
744_0_0,/sfs/ceph/standard/gam_ai_group/people_scratch/ethan hirai/GrowthNet/analysis/synthetic_lollipop_v1/masks/744_0_0_synthetic_lollipop.nii.gz,False,,1.0,1221,1221.0,1,1221,1.0,1.0,0.0,13.2608800654193,26.0,8736.0,0.1397664835164835,27.251318508171085,15.665498346102932,14.746027947448695,True,0.9231615909038304,2.7081569702897537,2.7081569702897537,2.5000664971099864,0.399989360745394,927.788330078125,0.5954504962658238,535.6922813870065,0.7598594021933865,1.679400733177952,False,False,False,False,False,1.0,1.0,1.0,48.41113841113841,48.36199836199836,48.14414414414414,48.41113841113841,48.36199836199836,48.14414414414414,32.0,41.0,37.0,57.0,56.0,57.0,26.0,16.0,21.0,26.0,16.0,21.0,0.8392589739827774,-0.0236346802315199,0.5432179824708767,0.8392589739827774,-0.0236346802315199,0.5432179824708767,28.76791650325396,11.506860532113423,10.622691675134323,/Users/kvothearcane/Personal/Coding Projects/GrowthNet/rivanna_pull/analysis/synthetic_lollipop_v1/masks/744_0_0_synthetic_lollipop.nii.gz,False,,1.0,1196,1196.0,1,1196,1.0,1.0,0.0,13.1697496434175,18.0,2376.0,0.5033670033670034,17.4818689852017,11.192840492727653,11.067715854259465,False,0.9967428085131144,1.520001032514553,1.520001032514553,1.515050098091389,0.660044180228606,634.3930053710938,0.8589077570247481,178.48955159307414,0.5304289342567674,1.1642693779643982,False,False,False,False,False,1.0,1.0,1.0,75.32190635451505,77.33193979933111,77.10953177257525,75.32190635451505,77.33193979933111,77.10953177257525,68.0,72.0,72.0,85.0,83.0,82.0,18.0,12.0,11.0,18.0,12.0,11.0,-0.9795392157540108,0.1959294326423136,0.0459845868142665,-0.9795392157540108,0.1959294326423136,0.0459845868142665,15.65536293224245,10.333231192793274,10.299573880120086
744_2_478,/sfs/ceph/standard/gam_ai_group/people_scratch/ethan hirai/GrowthNet/analysis/synthetic_lollipop_v1/masks/744_2_478_synthetic_lollipop.nii.gz,False,,1.0,867,867.0,1,867,1.0,1.0,0.0,11.830601476892603,25.0,4550.0,0.1905494505494505,24.68368332744717,14.000365236395153,12.58306350537894,True,0.928232915478235,2.6826130794584873,2.6826130794584873,2.490089759845798,0.401591949063686,724.153076171875,0.6072019294674882,505.1879054568845,0.8352399955846309,1.646898587553885,False,False,False,False,False,1.0,1.0,1.0,48.358708189158016,47.82122260668974,48.432525951557096,48.358708189158016,47.82122260668974,48.432525951557096,31.0,42.0,43.0,55.0,54.0,56.0,25.0,13.0,14.0,25.0,13.0,14.0,0.9746928160872312,0.0874918214824155,0.2057160553812758,0.9746928160872312,0.0874918214824155,0.2057160553812758,25.504478504576987,10.242393232505956,9.50732653168355,/Users/kvothearcane/Personal/Coding Projects/GrowthNet/rivanna_pull/analysis/synthetic_lollipop_v1/masks/744_2_478_synthetic_lollipop.nii.gz,False,,1.0,876,876.0,1,876,1.0,1.0,0.0,11.87139697723358,14.0,1960.0,0.446938775510204,15.5583878667445,9.946234703808264,9.93085105504014,False,0.9846010735959076,1.505087989871195,1.505087989871195,1.481911250683485,0.674804243195253,511.1066589355469,0.8662474903728908,173.9908481690139,0.5834550901090718,1.1544044988453972,False,False,False,False,False,1.0,1.0,1.0,72.65639269406392,71.6689497716895,71.66324200913242,72.65639269406392,71.6689497716895,71.66324200913242,68.0,66.0,66.0,77.0,79.0,79.0,10.0,14.0,14.0,10.0,14.0,14.0,-0.1992157943816785,-0.6965605340509431,-0.6892869429138652,-0.1992157943816785,-0.6965605340509431,-0.6892869429138652,13.983410073125164,9.436064451684103,9.290759189648346
745_1_403,/sfs/ceph/standard/gam_ai_group/people_scratch/ethan hirai/GrowthNet/analysis/synthetic_lollipop_v1/masks/745_1_403_synthetic_lollipop.nii.gz,False,,1.0,144,144.0,1,144,1.0,1.0,0.0,6.503112841671467,13.0,910.0,0.1582417582417582,13.00417938659215,6.924072588470819,6.2421439460937815,True,0.8989629835789211,2.6758948050796647,2.6758948050796647,2.405530377717751,0.4157087390219328,207.81741333007812,0.6393085573216535,432.8334542677022,1.443176481458876,1.5641899182289107,False,False,False,False,False,1.0,1.0,1.0,48.083333333333336,48.44444444444444,48.020833333333336,48.083333333333336,48.44444444444444,48.020833333333336,40.0,44.0,45.0,52.0,53.0,51.0,13.0,10.0,7.0,13.0,10.0,7.0,0.8918792131923334,0.4505016883876464,0.0399962227629602,0.8918792131923334,0.4505016883876464,0.0399962227629602,13.872681261175993,5.766994833936669,5.184314882199932,/Users/kvothearcane/Personal/Coding Projects/GrowthNet/rivanna_pull/analysis/synthetic_lollipop_v1/masks/745_1_403_synthetic_lollipop.nii.gz,False,,1.0,149,149.0,1,149,1.0,1.0,0.0,6.577525624953261,7.0,343.0,0.434402332361516,6.602617617038705,5.844614096519402,5.715989087349272,False,0.9827554825350706,1.16473621283645,1.16473621283645,1.1446508988721562,0.8736288076874066,146.99560546875,0.9246356174479532,143.0673449051449,0.9865476877097316,1.0815071160248582,False,False,False,False,False,1.0,1.0,1.0,58.63758389261745,58.91275167785235,59.24832214765101,58.63758389261745,58.91275167785235,59.24832214765101,56.0,56.0,56.0,62.0,62.0,62.0,7.0,7.0,7.0,7.0,7.0,7.0,-0.8114698936019323,-0.1358773673539779,0.568378353580272,-0.8114698936019323,-0.1358773673539779,0.568378353580272,6.5031123079577,5.681306251858384,5.5833348669745995
745_2_589,/sfs/ceph/standard/gam_ai_group/people_scratch/ethan hirai/GrowthNet/analysis/synthetic_lollipop_v1/masks/745_2_589_synthetic_lollipop.nii.gz,False,,1.0,245,245.0,1,245,1.0,1.0,0.0,7.763468955394107,13.0,2197.0,0.1115157032316795,15.67643596715754,8.440368548875465,8.410695406942391,True,0.9577145255332368,2.7125483640185046,2.7125483640185046,2.59784696943194,0.3849341442227698,307.8023376464844,0.6151621416667804,485.82915399951145,1.256336072026467,1.6255876821198754,False,False,False,False,False,1.0,1.0,1.0,48.077551020408166,47.90204081632653,47.66530612244898,48.077551020408166,47.90204081632653,47.66530612244898,41.0,43.0,42.0,53.0,55.0,54.0,13.0,13.0,13.0,13.0,13.0,13.0,-0.6071461049343172,0.5598250766947831,0.5638878352711355,-0.6071461049343172,0.5598250766947831,0.5638878352711355,17.45422091666467,6.718725591631484,6.434621092177363,/Users/kvothearcane/Personal/Coding Projects/GrowthNet/rivanna_pull/analysis/synthetic_lollipop_v1/masks/745_2_589_synthetic_lollipop.nii.gz,False,,1.0,252,252.0,1,252,1.0,1.0,0.0,7.8367135542065425,9.0,504.0,0.5,8.25161766433564,6.8250430544801475,6.673738156525314,False,0.9974650253175829,1.1941162513228305,1.1941162513228305,1.191089196857864,0.8395676853068905,206.34950256347656,0.9350059876830008,138.3595679800549,0.8188472323947482,1.06951186748874,False,False,False,False,False,1.0,1.0,1.0,62.18650793650794,63.29761904761905,63.07936507936508,62.18650793650794,63.29761904761905,63.07936507936508,58.0,60.0,60.0,66.0,67.0,66.0,9.0,8.0,7.0,9.0,8.0,7.0,-0.9279182792493448,0.3500753223672765,0.128120785606328,-0.9279182792493448,0.3500753223672765,0.128120785606328,7.899228076257109,6.631936631694383,6.615124840237642
747_1_6,/sfs/ceph/standard/gam_ai_group/people_scratch/ethan hirai/GrowthNet/analysis/synthetic_lollipop_v1/masks/747_1_6_synthetic_lollipop.nii.gz,False,,1.0,1109,1109.0,1,1109,1.0,1.0,0.0,12.842344267015104,24.0,7920.0,0.1400252525252525,26.99239294132308,15.147454678777976,13.155223122038382,True,0.8889896557776935,2.7346897924570457,2.7346897924570457,2.431110937255161,0.4113345815181298,875.031005859375,0.5921272479531308,544.7625372754442,0.7890270566811316,1.688826182981456,False,False,False,False,False,1.0,1.0,1.0,48.40667267808837,48.410279531109104,47.75202885482417,48.40667267808837,48.410279531109104,47.75202885482417,37.0,34.0,41.0,58.0,57.0,55.0,22.0,24.0,15.0,22.0,24.0,15.0,0.592373858245172,0.7497916953618176,0.2947976011336938,0.592373858245172,0.7497916953618176,0.2947976011336938,28.06543463130896,11.5442838091939,10.262748889735285,/Users/kvothearcane/Personal/Coding Projects/GrowthNet/rivanna_pull/analysis/synthetic_lollipop_v1/masks/747_1_6_synthetic_lollipop.nii.gz,False,,1.0,1071,1071.0,1,1071,1.0,1.0,0.0,12.693954856719362,17.0,2244.0,0.4772727272727273,17.188386539363485,10.72665869919049,10.61732905129307,False,0.9932890143727938,1.599102611006704,1.599102611006704,1.5883710563678102,0.6295758135298303,602.233154296875,0.8405801130295343,190.42108724790236,0.5623092010241597,1.18965460221977,False,False,False,False,False,1.0,1.0,1.0,77.55088702147526,76.56769374416433,78.18020541549953,77.55088702147526,76.56769374416433,78.18020541549953,72.0,69.0,73.0,83.0,85.0,83.0,12.0,17.0,11.0,12.0,17.0,11.0,-0.3120787657708692,-0.9449570975614856,0.098300191877249,-0.3120787657708692,-0.9449570975614856,0.098300191877249,15.600044072206178,9.821410437860411,9.755499093573038
747_2_201,/sfs/ceph/standard/gam_ai_group/people_scratch/ethan hirai/GrowthNet/analysis/synthetic_lollipop_v1/masks/747_2_201_synthetic_lollipop.nii.gz,False,,1.0,1113,1113.0,1,1113,1.0,1.0,0.0,12.857765890077918,24.0,8064.0,0.1380208333333333,26.59810568362784,15.675766441585145,13.62100309706,True,0.8989253787429573,2.7234782611762536,2.7234782611762536,2.4482037274260744,0.4084627389450765,848.2637939453125,0.6122798541924038,492.7225777300364,0.7621417735357704,1.6332400831952874,False,False,False,False,False,1.0,1.0,1.0,47.99640610961366,47.932614555256066,47.313566936208446,47.99640610961366,47.932614555256066,47.313566936208446,34.0,41.0,38.0,57.0,54.0,61.0,24.0,14.0,24.0,24.0,14.0,24.0,-0.6847094390267106,0.0920194844054266,0.7229836779606349,-0.6847094390267106,0.0920194844054266,0.7229836779606349,27.79645673970427,11.353816852867938,10.206234114642482,/Users/kvothearcane/Personal/Coding Projects/GrowthNet/rivanna_pull/analysis/synthetic_lollipop_v1/masks/747_2_201_synthetic_lollipop.nii.gz,False,,1.0,1091,1091.0,1,1091,1.0,1.0,0.0,12.772484258087704,17.0,2431.0,0.448786507610037,16.758047023495756,10.742692487109466,10.636514247782165,False,0.9919435909393106,1.502019729268371,1.502019729268371,1.4899188439121591,0.671177496738176,601.278076171875,0.8523643085567085,182.6318866007247,0.5511256426873281,1.1732072659087287,False,False,False,False,False,1.0,1.0,1.0,71.5673693858845,73.70119156736939,72.87167736021998,71.5673693858845,73.70119156736939,72.87167736021998,64.0,68.0,68.0,80.0,80.0,78.0,17.0,13.0,11.0,17.0,13.0,11.0,-0.9024110355426888,0.4210428902309746,-0.0915270862462008,-0.9024110355426888,0.4210428902309746,-0.0915270862462008,15.048780742506995,10.100402987717514,10.019030009570653
747_3_565,/sfs/ceph/standard/gam_ai_group/people_scratch/ethan hirai/GrowthNet/analysis/synthetic_lollipop_v1/masks/747_3_565_synthetic_lollipop.nii.gz,False,,1.0,1152,1152.0,1,1152,1.0,1.0,0.0,13.006225683342937,27.0,8100.0,0.1422222222222222,27.137560370352148,16.01312882324249,13.928891784109886,True,0.896525828569757,2.7100599348193843,2.7100599348193843,2.4296387285376504,0.4115838244815432,889.60205078125,0.5973882393175358,530.4963107934451,0.7722240024142795,1.6739532755824138,False,False,False,False,False,1.0,1.0,1.0,47.90972222222222,48.190104166666664,47.34722222222222,47.90972222222222,48.190104166666664,47.34722222222222,41.0,39.0,39.0,55.0,58.0,65.0,15.0,20.0,27.0,15.0,20.0,27.0,-0.0845016726313749,0.413362443261661,0.9066371698884014,-0.0845016726313749,0.413362443261661,0.9066371698884014,27.984570251724133,11.51799645067704,10.326181311406756,/Users/kvothearcane/Personal/Coding Projects/GrowthNet/rivanna_pull/analysis/synthetic_lollipop_v1/masks/747_3_565_synthetic_lollipop.nii.gz,False,,1.0,1107,1107.0,1,1107,1.0,1.0,0.0,12.834619546795206,16.0,2496.0,0.4435096153846153,17.115315812763427,10.817637659341472,10.752618093236702,False,0.9943373594333696,1.5310060195698394,1.5310060195698394,1.5223364827756678,0.6568849996793781,607.337890625,0.8520900519259308,182.80829094556728,0.5486340475383921,1.1735848784289369,False,False,False,False,False,1.0,1.0,1.0,74.6829268292683,76.39024390243902,76.8383017163505,74.6829268292683,76.39024390243902,76.8383017163505,68.0,71.0,71.0,83.0,82.0,83.0,16.0,12.0,13.0,16.0,12.0,13.0,-0.8216272547093675,0.2570596557742614,0.5087720390233393,-0.8216272547093675,0.2570596557742614,0.5087720390233393,15.331521272035008,10.071046345865094,10.014017630278582
