case_id,volume_stratum,feature,stored_value,current_value,absolute_difference,signed_difference_current_minus_stored,relative_difference,target_volume_mm3,manifest_realized_volume_mm3,stored_seg_path,current_seg_path,pattern_class
132_0_0,large,voxel_volume_mm3,1.0,1.0,0.0,0.0,0.0,7679.75,7674.0,/sfs/ceph/standard/gam_ai_group/people_scratch/ethan hirai/GrowthNet/analysis/synthetic_lollipop_v1/masks/132_0_0_synthetic_lollipop.nii.gz,/Users/kvothearcane/Personal/Coding Projects/GrowthNet/rivanna_pull/analysis/synthetic_lollipop_v1/masks/132_0_0_synthetic_lollipop.nii.gz,constant
132_0_0,large,mask_voxel_count,7663.0,7674.0,11.0,11.0,0.0014354691374135456,7679.75,7674.0,/sfs/ceph/standard/gam_ai_group/people_scratch/ethan hirai/GrowthNet/analysis/synthetic_lollipop_v1/masks/132_0_0_synthetic_lollipop.nii.gz,/Users/kvothearcane/Personal/Coding Projects/GrowthNet/rivanna_pull/analysis/synthetic_lollipop_v1/masks/132_0_0_synthetic_lollipop.nii.gz,case-specific
132_0_0,large,volume_mm3,7663.0,7674.0,11.0,11.0,0.0014354691374135456,7679.75,7674.0,/sfs/ceph/standard/gam_ai_group/people_scratch/ethan hirai/GrowthNet/analysis/synthetic_lollipop_v1/masks/132_0_0_synthetic_lollipop.nii.gz,/Users/kvothearcane/Personal/Coding Projects/GrowthNet/rivanna_pull/analysis/synthetic_lollipop_v1/masks/132_0_0_synthetic_lollipop.nii.gz,case-specific
132_0_0,large,connected_component_count,1.0,1.0,0.0,0.0,0.0,7679.75,7674.0,/sfs/ceph/standard/gam_ai_group/people_scratch/ethan hirai/GrowthNet/analysis/synthetic_lollipop_v1/masks/132_0_0_synthetic_lollipop.nii.gz,/Users/kvothearcane/Personal/Coding Projects/GrowthNet/rivanna_pull/analysis/synthetic_lollipop_v1/masks/132_0_0_synthetic_lollipop.nii.gz,constant
132_0_0,large,largest_component_voxel_count,7663.0,7674.0,11.0,11.0,0.0014354691374135456,7679.75,7674.0,/sfs/ceph/standard/gam_ai_group/people_scratch/ethan hirai/GrowthNet/analysis/synthetic_lollipop_v1/masks/132_0_0_synthetic_lollipop.nii.gz,/Users/kvothearcane/Personal/Coding Projects/GrowthNet/rivanna_pull/analysis/synthetic_lollipop_v1/masks/132_0_0_synthetic_lollipop.nii.gz,case-specific
132_0_0,large,largest_component_fraction,1.0,1.0,0.0,0.0,0.0,7679.75,7674.0,/sfs/ceph/standard/gam_ai_group/people_scratch/ethan hirai/GrowthNet/analysis/synthetic_lollipop_v1/masks/132_0_0_synthetic_lollipop.nii.gz,/Users/kvothearcane/Personal/Coding Projects/GrowthNet/rivanna_pull/analysis/synthetic_lollipop_v1/masks/132_0_0_synthetic_lollipop.nii.gz,constant
132_0_0,large,component_volume_fraction_largest,1.0,1.0,0.0,0.0,0.0,7679.75,7674.0,/sfs/ceph/standard/gam_ai_group/people_scratch/ethan hirai/GrowthNet/analysis/synthetic_lollipop_v1/masks/132_0_0_synthetic_lollipop.nii.gz,/Users/kvothearcane/Personal/Coding Projects/GrowthNet/rivanna_pull/analysis/synthetic_lollipop_v1/masks/132_0_0_synthetic_lollipop.nii.gz,constant
132_0_0,large,component_volume_fraction_second_largest,0.0,0.0,0.0,0.0,,7679.75,7674.0,/sfs/ceph/standard/gam_ai_group/people_scratch/ethan hirai/GrowthNet/analysis/synthetic_lollipop_v1/masks/132_0_0_synthetic_lollipop.nii.gz,/Users/kvothearcane/Personal/Coding Projects/GrowthNet/rivanna_pull/analysis/synthetic_lollipop_v1/masks/132_0_0_synthetic_lollipop.nii.gz,constant
132_0_0,large,equivalent_sphere_diameter_mm,24.46057908571164,24.47227762531871,0.011698539607071012,0.011698539607071012,0.00047826094247721947,7679.75,7674.0,/sfs/ceph/standard/gam_ai_group/people_scratch/ethan hirai/GrowthNet/analysis/synthetic_lollipop_v1/masks/132_0_0_synthetic_lollipop.nii.gz,/Users/kvothearcane/Personal/Coding Projects/GrowthNet/rivanna_pull/analysis/synthetic_lollipop_v1/masks/132_0_0_synthetic_lollipop.nii.gz,case-specific
132_0_0,large,max_diameter_bbox_mm,52.0,28.0,24.0,-24.0,-0.46153846153846156,7679.75,7674.0,/sfs/ceph/standard/gam_ai_group/people_scratch/ethan hirai/GrowthNet/analysis/synthetic_lollipop_v1/masks/132_0_0_synthetic_lollipop.nii.gz,/Users/kvothearcane/Personal/Coding Projects/GrowthNet/rivanna_pull/analysis/synthetic_lollipop_v1/masks/132_0_0_synthetic_lollipop.nii.gz,systematic/bbox-related
132_0_0,large,bbox_volume_mm3,43524.0,18928.0,24596.0,-24596.0,-0.5651135005973715,7679.75,7674.0,/sfs/ceph/standard/gam_ai_group/people_scratch/ethan hirai/GrowthNet/analysis/synthetic_lollipop_v1/masks/132_0_0_synthetic_lollipop.nii.gz,/Users/kvothearcane/Personal/Coding Projects/GrowthNet/rivanna_pull/analysis/synthetic_lollipop_v1/masks/132_0_0_synthetic_lollipop.nii.gz,systematic/bbox-related
132_0_0,large,bbox_fill_fraction,0.1760637809024905,0.4054311073541842,0.2293673264516937,0.2293673264516937,1.302751339747295,7679.75,7674.0,/sfs/ceph/standard/gam_ai_group/people_scratch/ethan hirai/GrowthNet/analysis/synthetic_lollipop_v1/masks/132_0_0_synthetic_lollipop.nii.gz,/Users/kvothearcane/Personal/Coding Projects/GrowthNet/rivanna_pull/analysis/synthetic_lollipop_v1/masks/132_0_0_synthetic_lollipop.nii.gz,systematic/bbox-related
132_0_0,large,principal_axis_length_major_mm,51.21319179233042,33.2645323626799,17.94865942965052,-17.94865942965052,-0.3504694552612999,7679.75,7674.0,/sfs/ceph/standard/gam_ai_group/people_scratch/ethan hirai/GrowthNet/analysis/synthetic_lollipop_v1/masks/132_0_0_synthetic_lollipop.nii.gz,/Users/kvothearcane/Personal/Coding Projects/GrowthNet/rivanna_pull/analysis/synthetic_lollipop_v1/masks/132_0_0_synthetic_lollipop.nii.gz,systematic/PCA-related
132_0_0,large,principal_axis_length_minor1_mm,30.779418939899685,21.174260390370797,9.605158549528888,-9.605158549528888,-0.31206432351059166,7679.75,7674.0,/sfs/ceph/standard/gam_ai_group/people_scratch/ethan hirai/GrowthNet/analysis/synthetic_lollipop_v1/masks/132_0_0_synthetic_lollipop.nii.gz,/Users/kvothearcane/Personal/Coding Projects/GrowthNet/rivanna_pull/analysis/synthetic_lollipop_v1/masks/132_0_0_synthetic_lollipop.nii.gz,systematic/PCA-related
132_0_0,large,principal_axis_length_minor2_mm,26.440942482017505,20.879809403710787,5.561133078306717,-5.561133078306717,-0.21032280078854398,7679.75,7674.0,/sfs/ceph/standard/gam_ai_group/people_scratch/ethan hirai/GrowthNet/analysis/synthetic_lollipop_v1/masks/132_0_0_synthetic_lollipop.nii.gz,/Users/kvothearcane/Personal/Coding Projects/GrowthNet/rivanna_pull/analysis/synthetic_lollipop_v1/masks/132_0_0_synthetic_lollipop.nii.gz,systematic/PCA-related
132_0_0,large,flatness,0.8843216118713315,0.9980990678412076,0.1137774559698761,0.1137774559698761,0.12866072076324045,7679.75,7674.0,/sfs/ceph/standard/gam_ai_group/people_scratch/ethan hirai/GrowthNet/analysis/synthetic_lollipop_v1/masks/132_0_0_synthetic_lollipop.nii.gz,/Users/kvothearcane/Personal/Coding Projects/GrowthNet/rivanna_pull/analysis/synthetic_lollipop_v1/masks/132_0_0_synthetic_lollipop.nii.gz,systematic/PCA-related
132_0_0,large,aspect_ratio_major_to_minor2,2.747797159877312,1.5399791584248717,1.2078180014524404,-1.2078180014524404,-0.4395586468640098,7679.75,7674.0,/sfs/ceph/standard/gam_ai_group/people_scratch/ethan hirai/GrowthNet/analysis/synthetic_lollipop_v1/masks/132_0_0_synthetic_lollipop.nii.gz,/Users/kvothearcane/Personal/Coding Projects/GrowthNet/rivanna_pull/analysis/synthetic_lollipop_v1/masks/132_0_0_synthetic_lollipop.nii.gz,systematic/PCA-related
132_0_0,large,elongation_legacy_major_to_minor2,2.747797159877312,1.5399791584248717,1.2078180014524404,-1.2078180014524404,-0.4395586468640098,7679.75,7674.0,/sfs/ceph/standard/gam_ai_group/people_scratch/ethan hirai/GrowthNet/analysis/synthetic_lollipop_v1/masks/132_0_0_synthetic_lollipop.nii.gz,/Users/kvothearcane/Personal/Coding Projects/GrowthNet/rivanna_pull/analysis/synthetic_lollipop_v1/masks/132_0_0_synthetic_lollipop.nii.gz,systematic/PCA-related
132_0_0,large,elongation,2.429936413518172,1.5370517625187516,0.8928846509994202,-0.8928846509994202,-0.3674518584240076,7679.75,7674.0,/sfs/ceph/standard/gam_ai_group/people_scratch/ethan hirai/GrowthNet/analysis/synthetic_lollipop_v1/masks/132_0_0_synthetic_lollipop.nii.gz,/Users/kvothearcane/Personal/Coding Projects/GrowthNet/rivanna_pull/analysis/synthetic_lollipop_v1/masks/132_0_0_synthetic_lollipop.nii.gz,systematic/PCA-related
132_0_0,large,secondary_axis_ratio,0.4115334024531756,0.650596176644897,0.2390627741917214,0.2390627741917214,0.5809073401251361,7679.75,7674.0,/sfs/ceph/standard/gam_ai_group/people_scratch/ethan hirai/GrowthNet/analysis/synthetic_lollipop_v1/masks/132_0_0_synthetic_lollipop.nii.gz,/Users/kvothearcane/Personal/Coding Projects/GrowthNet/rivanna_pull/analysis/synthetic_lollipop_v1/masks/132_0_0_synthetic_lollipop.nii.gz,systematic/PCA-related
132_0_0,large,surface_area_mm2,3157.7509765625,2248.80419921875,908.94677734375,-908.94677734375,-0.28784625009702997,7679.75,7674.0,/sfs/ceph/standard/gam_ai_group/people_scratch/ethan hirai/GrowthNet/analysis/synthetic_lollipop_v1/masks/132_0_0_synthetic_lollipop.nii.gz,/Users/kvothearcane/Personal/Coding Projects/GrowthNet/rivanna_pull/analysis/synthetic_lollipop_v1/masks/132_0_0_synthetic_lollipop.nii.gz,feature-specific/surface-related
132_0_0,large,sphericity,0.5952583050559386,0.8366561559054335,0.24139785084949494,0.24139785084949494,0.4055346205153911,7679.75,7674.0,/sfs/ceph/standard/gam_ai_group/people_scratch/ethan hirai/GrowthNet/analysis/synthetic_lollipop_v1/masks/132_0_0_synthetic_lollipop.nii.gz,/Users/kvothearcane/Personal/Coding Projects/GrowthNet/rivanna_pull/analysis/synthetic_lollipop_v1/masks/132_0_0_synthetic_lollipop.nii.gz,feature-specific/surface-related
132_0_0,large,compactness,536.21132627026,193.11292455169553,343.09840171856445,-343.09840171856445,-0.6398566850593469,7679.75,7674.0,/sfs/ceph/standard/gam_ai_group/people_scratch/ethan hirai/GrowthNet/analysis/synthetic_lollipop_v1/masks/132_0_0_synthetic_lollipop.nii.gz,/Users/kvothearcane/Personal/Coding Projects/GrowthNet/rivanna_pull/analysis/synthetic_lollipop_v1/masks/132_0_0_synthetic_lollipop.nii.gz,feature-specific/surface-related
132_0_0,large,surface_to_volume_ratio,0.4120776427720866,0.2930419858247003,0.11903565694738627,-0.11903565694738627,-0.28886705948573616,7679.75,7674.0,/sfs/ceph/standard/gam_ai_group/people_scratch/ethan hirai/GrowthNet/analysis/synthetic_lollipop_v1/masks/132_0_0_synthetic_lollipop.nii.gz,/Users/kvothearcane/Personal/Coding Projects/GrowthNet/rivanna_pull/analysis/synthetic_lollipop_v1/masks/132_0_0_synthetic_lollipop.nii.gz,feature-specific/surface-related
132_0_0,large,roughness_index,1.67994296174671,1.1952341388294634,0.4847088229172467,-0.4847088229172467,-0.28852695237537934,7679.75,7674.0,/sfs/ceph/standard/gam_ai_group/people_scratch/ethan hirai/GrowthNet/analysis/synthetic_lollipop_v1/masks/132_0_0_synthetic_lollipop.nii.gz,/Users/kvothearcane/Personal/Coding Projects/GrowthNet/rivanna_pull/analysis/synthetic_lollipop_v1/masks/132_0_0_synthetic_lollipop.nii.gz,feature-specific/surface-related
132_0_0,large,voxel_spacing_mm_x,1.0,1.0,0.0,0.0,0.0,7679.75,7674.0,/sfs/ceph/standard/gam_ai_group/people_scratch/ethan hirai/GrowthNet/analysis/synthetic_lollipop_v1/masks/132_0_0_synthetic_lollipop.nii.gz,/Users/kvothearcane/Personal/Coding Projects/GrowthNet/rivanna_pull/analysis/synthetic_lollipop_v1/masks/132_0_0_synthetic_lollipop.nii.gz,constant
132_0_0,large,voxel_spacing_mm_y,1.0,1.0,0.0,0.0,0.0,7679.75,7674.0,/sfs/ceph/standard/gam_ai_group/people_scratch/ethan hirai/GrowthNet/analysis/synthetic_lollipop_v1/masks/132_0_0_synthetic_lollipop.nii.gz,/Users/kvothearcane/Personal/Coding Projects/GrowthNet/rivanna_pull/analysis/synthetic_lollipop_v1/masks/132_0_0_synthetic_lollipop.nii.gz,constant
132_0_0,large,voxel_spacing_mm_z,1.0,1.0,0.0,0.0,0.0,7679.75,7674.0,/sfs/ceph/standard/gam_ai_group/people_scratch/ethan hirai/GrowthNet/analysis/synthetic_lollipop_v1/masks/132_0_0_synthetic_lollipop.nii.gz,/Users/kvothearcane/Personal/Coding Projects/GrowthNet/rivanna_pull/analysis/synthetic_lollipop_v1/masks/132_0_0_synthetic_lollipop.nii.gz,constant
132_0_0,large,bounding_box_size_vox_x,31.0,26.0,5.0,-5.0,-0.16129032258064516,7679.75,7674.0,/sfs/ceph/standard/gam_ai_group/people_scratch/ethan hirai/GrowthNet/analysis/synthetic_lollipop_v1/masks/132_0_0_synthetic_lollipop.nii.gz,/Users/kvothearcane/Personal/Coding Projects/GrowthNet/rivanna_pull/analysis/synthetic_lollipop_v1/masks/132_0_0_synthetic_lollipop.nii.gz,case-specific
132_0_0,large,bounding_box_size_vox_y,52.0,28.0,24.0,-24.0,-0.46153846153846156,7679.75,7674.0,/sfs/ceph/standard/gam_ai_group/people_scratch/ethan hirai/GrowthNet/analysis/synthetic_lollipop_v1/masks/132_0_0_synthetic_lollipop.nii.gz,/Users/kvothearcane/Personal/Coding Projects/GrowthNet/rivanna_pull/analysis/synthetic_lollipop_v1/masks/132_0_0_synthetic_lollipop.nii.gz,case-specific
132_0_0,large,bounding_box_size_vox_z,27.0,26.0,1.0,-1.0,-0.037037037037037035,7679.75,7674.0,/sfs/ceph/standard/gam_ai_group/people_scratch/ethan hirai/GrowthNet/analysis/synthetic_lollipop_v1/masks/132_0_0_synthetic_lollipop.nii.gz,/Users/kvothearcane/Personal/Coding Projects/GrowthNet/rivanna_pull/analysis/synthetic_lollipop_v1/masks/132_0_0_synthetic_lollipop.nii.gz,case-specific
132_0_0,large,bounding_box_size_mm_x,31.0,26.0,5.0,-5.0,-0.16129032258064516,7679.75,7674.0,/sfs/ceph/standard/gam_ai_group/people_scratch/ethan hirai/GrowthNet/analysis/synthetic_lollipop_v1/masks/132_0_0_synthetic_lollipop.nii.gz,/Users/kvothearcane/Personal/Coding Projects/GrowthNet/rivanna_pull/analysis/synthetic_lollipop_v1/masks/132_0_0_synthetic_lollipop.nii.gz,case-specific
132_0_0,large,bounding_box_size_mm_y,52.0,28.0,24.0,-24.0,-0.46153846153846156,7679.75,7674.0,/sfs/ceph/standard/gam_ai_group/people_scratch/ethan hirai/GrowthNet/analysis/synthetic_lollipop_v1/masks/132_0_0_synthetic_lollipop.nii.gz,/Users/kvothearcane/Personal/Coding Projects/GrowthNet/rivanna_pull/analysis/synthetic_lollipop_v1/masks/132_0_0_synthetic_lollipop.nii.gz,case-specific
132_0_0,large,bounding_box_size_mm_z,27.0,26.0,1.0,-1.0,-0.037037037037037035,7679.75,7674.0,/sfs/ceph/standard/gam_ai_group/people_scratch/ethan hirai/GrowthNet/analysis/synthetic_lollipop_v1/masks/132_0_0_synthetic_lollipop.nii.gz,/Users/kvothearcane/Personal/Coding Projects/GrowthNet/rivanna_pull/analysis/synthetic_lollipop_v1/masks/132_0_0_synthetic_lollipop.nii.gz,case-specific
132_1_148,large,voxel_volume_mm3,1.0,1.0,0.0,0.0,0.0,10363.5,10057.0,/sfs/ceph/standard/gam_ai_group/people_scratch/ethan hirai/GrowthNet/analysis/synthetic_lollipop_v1/masks/132_1_148_synthetic_lollipop.nii.gz,/Users/kvothearcane/Personal/Coding Projects/GrowthNet/rivanna_pull/analysis/synthetic_lollipop_v1/masks/132_1_148_synthetic_lollipop.nii.gz,constant
132_1_148,large,mask_voxel_count,10268.0,10057.0,211.0,-211.0,-0.020549279314374756,10363.5,10057.0,/sfs/ceph/standard/gam_ai_group/people_scratch/ethan hirai/GrowthNet/analysis/synthetic_lollipop_v1/masks/132_1_148_synthetic_lollipop.nii.gz,/Users/kvothearcane/Personal/Coding Projects/GrowthNet/rivanna_pull/analysis/synthetic_lollipop_v1/masks/132_1_148_synthetic_lollipop.nii.gz,case-specific
132_1_148,large,volume_mm3,10268.0,10057.0,211.0,-211.0,-0.020549279314374756,10363.5,10057.0,/sfs/ceph/standard/gam_ai_group/people_scratch/ethan hirai/GrowthNet/analysis/synthetic_lollipop_v1/masks/132_1_148_synthetic_lollipop.nii.gz,/Users/kvothearcane/Personal/Coding Projects/GrowthNet/rivanna_pull/analysis/synthetic_lollipop_v1/masks/132_1_148_synthetic_lollipop.nii.gz,case-specific
132_1_148,large,connected_component_count,1.0,1.0,0.0,0.0,0.0,10363.5,10057.0,/sfs/ceph/standard/gam_ai_group/people_scratch/ethan hirai/GrowthNet/analysis/synthetic_lollipop_v1/masks/132_1_148_synthetic_lollipop.nii.gz,/Users/kvothearcane/Personal/Coding Projects/GrowthNet/rivanna_pull/analysis/synthetic_lollipop_v1/masks/132_1_148_synthetic_lollipop.nii.gz,constant
132_1_148,large,largest_component_voxel_count,10268.0,10057.0,211.0,-211.0,-0.020549279314374756,10363.5,10057.0,/sfs/ceph/standard/gam_ai_group/people_scratch/ethan hirai/GrowthNet/analysis/synthetic_lollipop_v1/masks/132_1_148_synthetic_lollipop.nii.gz,/Users/kvothearcane/Personal/Coding Projects/GrowthNet/rivanna_pull/analysis/synthetic_lollipop_v1/masks/132_1_148_synthetic_lollipop.nii.gz,case-specific
132_1_148,large,largest_component_fraction,1.0,1.0,0.0,0.0,0.0,10363.5,10057.0,/sfs/ceph/standard/gam_ai_group/people_scratch/ethan hirai/GrowthNet/analysis/synthetic_lollipop_v1/masks/132_1_148_synthetic_lollipop.nii.gz,/Users/kvothearcane/Personal/Coding Projects/GrowthNet/rivanna_pull/analysis/synthetic_lollipop_v1/masks/132_1_148_synthetic_lollipop.nii.gz,constant
132_1_148,large,component_volume_fraction_largest,1.0,1.0,0.0,0.0,0.0,10363.5,10057.0,/sfs/ceph/standard/gam_ai_group/people_scratch/ethan hirai/GrowthNet/analysis/synthetic_lollipop_v1/masks/132_1_148_synthetic_lollipop.nii.gz,/Users/kvothearcane/Personal/Coding Projects/GrowthNet/rivanna_pull/analysis/synthetic_lollipop_v1/masks/132_1_148_synthetic_lollipop.nii.gz,constant
132_1_148,large,component_volume_fraction_second_largest,0.0,0.0,0.0,0.0,,10363.5,10057.0,/sfs/ceph/standard/gam_ai_group/people_scratch/ethan hirai/GrowthNet/analysis/synthetic_lollipop_v1/masks/132_1_148_synthetic_lollipop.nii.gz,/Users/kvothearcane/Personal/Coding Projects/GrowthNet/rivanna_pull/analysis/synthetic_lollipop_v1/masks/132_1_148_synthetic_lollipop.nii.gz,constant
132_1_148,large,equivalent_sphere_diameter_mm,26.966779200425552,26.780783335687033,0.18599586473851915,-0.18599586473851915,-0.0068972220729861585,10363.5,10057.0,/sfs/ceph/standard/gam_ai_group/people_scratch/ethan hirai/GrowthNet/analysis/synthetic_lollipop_v1/masks/132_1_148_synthetic_lollipop.nii.gz,/Users/kvothearcane/Personal/Coding Projects/GrowthNet/rivanna_pull/analysis/synthetic_lollipop_v1/masks/132_1_148_synthetic_lollipop.nii.gz,case-specific
132_1_148,large,max_diameter_bbox_mm,55.0,34.0,21.0,-21.0,-0.38181818181818183,10363.5,10057.0,/sfs/ceph/standard/gam_ai_group/people_scratch/ethan hirai/GrowthNet/analysis/synthetic_lollipop_v1/masks/132_1_148_synthetic_lollipop.nii.gz,/Users/kvothearcane/Personal/Coding Projects/GrowthNet/rivanna_pull/analysis/synthetic_lollipop_v1/masks/132_1_148_synthetic_lollipop.nii.gz,systematic/bbox-related
132_1_148,large,bbox_volume_mm3,67650.0,22032.0,45618.0,-45618.0,-0.6743237250554324,10363.5,10057.0,/sfs/ceph/standard/gam_ai_group/people_scratch/ethan hirai/GrowthNet/analysis/synthetic_lollipop_v1/masks/132_1_148_synthetic_lollipop.nii.gz,/Users/kvothearcane/Personal/Coding Projects/GrowthNet/rivanna_pull/analysis/synthetic_lollipop_v1/masks/132_1_148_synthetic_lollipop.nii.gz,systematic/bbox-related
132_1_148,large,bbox_fill_fraction,0.1517812269031781,0.4564724037763253,0.3046911768731472,0.3046911768731472,2.0074365129984817,10363.5,10057.0,/sfs/ceph/standard/gam_ai_group/people_scratch/ethan hirai/GrowthNet/analysis/synthetic_lollipop_v1/masks/132_1_148_synthetic_lollipop.nii.gz,/Users/kvothearcane/Personal/Coding Projects/GrowthNet/rivanna_pull/analysis/synthetic_lollipop_v1/masks/132_1_148_synthetic_lollipop.nii.gz,systematic/bbox-related
132_1_148,large,principal_axis_length_major_mm,56.77149426754251,35.766927524881865,21.004566742660643,-21.004566742660643,-0.3699843911748049,10363.5,10057.0,/sfs/ceph/standard/gam_ai_group/people_scratch/ethan hirai/GrowthNet/analysis/synthetic_lollipop_v1/masks/132_1_148_synthetic_lollipop.nii.gz,/Users/kvothearcane/Personal/Coding Projects/GrowthNet/rivanna_pull/analysis/synthetic_lollipop_v1/masks/132_1_148_synthetic_lollipop.nii.gz,systematic/PCA-related
132_1_148,large,principal_axis_length_minor1_mm,33.20394648316875,22.992914307434766,10.211032175733983,-10.211032175733983,-0.3075246546644691,10363.5,10057.0,/sfs/ceph/standard/gam_ai_group/people_scratch/ethan hirai/GrowthNet/analysis/synthetic_lollipop_v1/masks/132_1_148_synthetic_lollipop.nii.gz,/Users/kvothearcane/Personal/Coding Projects/GrowthNet/rivanna_pull/analysis/synthetic_lollipop_v1/masks/132_1_148_synthetic_lollipop.nii.gz,systematic/PCA-related
132_1_148,large,principal_axis_length_minor2_mm,29.283905571830445,22.94281450522748,6.341091066602964,-6.341091066602964,-0.21653843443282902,10363.5,10057.0,/sfs/ceph/standard/gam_ai_group/people_scratch/ethan hirai/GrowthNet/analysis/synthetic_lollipop_v1/masks/132_1_148_synthetic_lollipop.nii.gz,/Users/kvothearcane/Personal/Coding Projects/GrowthNet/rivanna_pull/analysis/synthetic_lollipop_v1/masks/132_1_148_synthetic_lollipop.nii.gz,systematic/PCA-related
132_1_148,large,flatness,0.8991113993424806,0.9972268086833808,0.09811540934090013,0.09811540934090013,0.10912486418551899,10363.5,10057.0,/sfs/ceph/standard/gam_ai_group/people_scratch/ethan hirai/GrowthNet/analysis/synthetic_lollipop_v1/masks/132_1_148_synthetic_lollipop.nii.gz,/Users/kvothearcane/Personal/Coding Projects/GrowthNet/rivanna_pull/analysis/synthetic_lollipop_v1/masks/132_1_148_synthetic_lollipop.nii.gz,systematic/PCA-related
132_1_148,large,aspect_ratio_major_to_minor2,2.7234290917880095,1.501008546938896,1.2224205448491134,-1.2224205448491134,-0.4488534504294948,10363.5,10057.0,/sfs/ceph/standard/gam_ai_group/people_scratch/ethan hirai/GrowthNet/analysis/synthetic_lollipop_v1/masks/132_1_148_synthetic_lollipop.nii.gz,/Users/kvothearcane/Personal/Coding Projects/GrowthNet/rivanna_pull/analysis/synthetic_lollipop_v1/masks/132_1_148_synthetic_lollipop.nii.gz,systematic/PCA-related
132_1_148,large,elongation_legacy_major_to_minor2,2.7234290917880095,1.501008546938896,1.2224205448491134,-1.2224205448491134,-0.4488534504294948,10363.5,10057.0,/sfs/ceph/standard/gam_ai_group/people_scratch/ethan hirai/GrowthNet/analysis/synthetic_lollipop_v1/masks/132_1_148_synthetic_lollipop.nii.gz,/Users/kvothearcane/Personal/Coding Projects/GrowthNet/rivanna_pull/analysis/synthetic_lollipop_v1/masks/132_1_148_synthetic_lollipop.nii.gz,systematic/PCA-related
132_1_148,large,elongation,2.4486661417275384,1.496845963070354,0.9518201786571845,-0.9518201786571845,-0.38870965806129604,10363.5,10057.0,/sfs/ceph/standard/gam_ai_group/people_scratch/ethan hirai/GrowthNet/analysis/synthetic_lollipop_v1/masks/132_1_148_synthetic_lollipop.nii.gz,/Users/kvothearcane/Personal/Coding Projects/GrowthNet/rivanna_pull/analysis/synthetic_lollipop_v1/masks/132_1_148_synthetic_lollipop.nii.gz,systematic/PCA-related
132_1_148,large,secondary_axis_ratio,0.4083856034757348,0.6680714146088782,0.2596858111331434,0.2596858111331434,0.6358838532087804,10363.5,10057.0,/sfs/ceph/standard/gam_ai_group/people_scratch/ethan hirai/GrowthNet/analysis/synthetic_lollipop_v1/masks/132_1_148_synthetic_lollipop.nii.gz,/Users/kvothearcane/Personal/Coding Projects/GrowthNet/rivanna_pull/analysis/synthetic_lollipop_v1/masks/132_1_148_synthetic_lollipop.nii.gz,systematic/PCA-related
132_1_148,large,surface_area_mm2,3871.0908203125,2681.9404296875,1189.150390625,-1189.150390625,-0.30718741714486664,10363.5,10057.0,/sfs/ceph/standard/gam_ai_group/people_scratch/ethan hirai/GrowthNet/analysis/synthetic_lollipop_v1/masks/132_1_148_synthetic_lollipop.nii.gz,/Users/kvothearcane/Personal/Coding Projects/GrowthNet/rivanna_pull/analysis/synthetic_lollipop_v1/masks/132_1_148_synthetic_lollipop.nii.gz,feature-specific/surface-related
132_1_148,large,sphericity,0.5901666588999775,0.8401315557855383,0.24996489688556078,0.24996489688556078,0.4235496755297477,10363.5,10057.0,/sfs/ceph/standard/gam_ai_group/people_scratch/ethan hirai/GrowthNet/analysis/synthetic_lollipop_v1/masks/132_1_148_synthetic_lollipop.nii.gz,/Users/kvothearcane/Personal/Coding Projects/GrowthNet/rivanna_pull/analysis/synthetic_lollipop_v1/masks/132_1_148_synthetic_lollipop.nii.gz,feature-specific/surface-related
132_1_148,large,compactness,550.2098506436117,190.72625506244523,359.48359558116647,-359.48359558116647,-0.6533572511663651,10363.5,10057.0,/sfs/ceph/standard/gam_ai_group/people_scratch/ethan hirai/GrowthNet/analysis/synthetic_lollipop_v1/masks/132_1_148_synthetic_lollipop.nii.gz,/Users/kvothearcane/Personal/Coding Projects/GrowthNet/rivanna_pull/analysis/synthetic_lollipop_v1/masks/132_1_148_synthetic_lollipop.nii.gz,feature-specific/surface-related
132_1_148,large,surface_to_volume_ratio,0.3770053389474581,0.2666740011621258,0.11033133778533227,-0.11033133778533227,-0.29265192395778983,10363.5,10057.0,/sfs/ceph/standard/gam_ai_group/people_scratch/ethan hirai/GrowthNet/analysis/synthetic_lollipop_v1/masks/132_1_148_synthetic_lollipop.nii.gz,/Users/kvothearcane/Personal/Coding Projects/GrowthNet/rivanna_pull/analysis/synthetic_lollipop_v1/masks/132_1_148_synthetic_lollipop.nii.gz,feature-specific/surface-related
132_1_148,large,roughness_index,1.6944366221296172,1.190289774397275,0.5041468477323423,-0.5041468477323423,-0.2975306607211522,10363.5,10057.0,/sfs/ceph/standard/gam_ai_group/people_scratch/ethan hirai/GrowthNet/analysis/synthetic_lollipop_v1/masks/132_1_148_synthetic_lollipop.nii.gz,/Users/kvothearcane/Personal/Coding Projects/GrowthNet/rivanna_pull/analysis/synthetic_lollipop_v1/masks/132_1_148_synthetic_lollipop.nii.gz,feature-specific/surface-related
132_1_148,large,voxel_spacing_mm_x,1.0,1.0,0.0,0.0,0.0,10363.5,10057.0,/sfs/ceph/standard/gam_ai_group/people_scratch/ethan hirai/GrowthNet/analysis/synthetic_lollipop_v1/masks/132_1_148_synthetic_lollipop.nii.gz,/Users/kvothearcane/Personal/Coding Projects/GrowthNet/rivanna_pull/analysis/synthetic_lollipop_v1/masks/132_1_148_synthetic_lollipop.nii.gz,constant
132_1_148,large,voxel_spacing_mm_y,1.0,1.0,0.0,0.0,0.0,10363.5,10057.0,/sfs/ceph/standard/gam_ai_group/people_scratch/ethan hirai/GrowthNet/analysis/synthetic_lollipop_v1/masks/132_1_148_synthetic_lollipop.nii.gz,/Users/kvothearcane/Personal/Coding Projects/GrowthNet/rivanna_pull/analysis/synthetic_lollipop_v1/masks/132_1_148_synthetic_lollipop.nii.gz,constant
132_1_148,large,voxel_spacing_mm_z,1.0,1.0,0.0,0.0,0.0,10363.5,10057.0,/sfs/ceph/standard/gam_ai_group/people_scratch/ethan hirai/GrowthNet/analysis/synthetic_lollipop_v1/masks/132_1_148_synthetic_lollipop.nii.gz,/Users/kvothearcane/Personal/Coding Projects/GrowthNet/rivanna_pull/analysis/synthetic_lollipop_v1/masks/132_1_148_synthetic_lollipop.nii.gz,constant
132_1_148,large,bounding_box_size_vox_x,55.0,27.0,28.0,-28.0,-0.509090909090909,10363.5,10057.0,/sfs/ceph/standard/gam_ai_group/people_scratch/ethan hirai/GrowthNet/analysis/synthetic_lollipop_v1/masks/132_1_148_synthetic_lollipop.nii.gz,/Users/kvothearcane/Personal/Coding Projects/GrowthNet/rivanna_pull/analysis/synthetic_lollipop_v1/masks/132_1_148_synthetic_lollipop.nii.gz,case-specific
132_1_148,large,bounding_box_size_vox_y,41.0,34.0,7.0,-7.0,-0.17073170731707318,10363.5,10057.0,/sfs/ceph/standard/gam_ai_group/people_scratch/ethan hirai/GrowthNet/analysis/synthetic_lollipop_v1/masks/132_1_148_synthetic_lollipop.nii.gz,/Users/kvothearcane/Personal/Coding Projects/GrowthNet/rivanna_pull/analysis/synthetic_lollipop_v1/masks/132_1_148_synthetic_lollipop.nii.gz,case-specific
132_1_148,large,bounding_box_size_vox_z,30.0,24.0,6.0,-6.0,-0.2,10363.5,10057.0,/sfs/ceph/standard/gam_ai_group/people_scratch/ethan hirai/GrowthNet/analysis/synthetic_lollipop_v1/masks/132_1_148_synthetic_lollipop.nii.gz,/Users/kvothearcane/Personal/Coding Projects/GrowthNet/rivanna_pull/analysis/synthetic_lollipop_v1/masks/132_1_148_synthetic_lollipop.nii.gz,case-specific
132_1_148,large,bounding_box_size_mm_x,55.0,27.0,28.0,-28.0,-0.509090909090909,10363.5,10057.0,/sfs/ceph/standard/gam_ai_group/people_scratch/ethan hirai/GrowthNet/analysis/synthetic_lollipop_v1/masks/132_1_148_synthetic_lollipop.nii.gz,/Users/kvothearcane/Personal/Coding Projects/GrowthNet/rivanna_pull/analysis/synthetic_lollipop_v1/masks/132_1_148_synthetic_lollipop.nii.gz,case-specific
132_1_148,large,bounding_box_size_mm_y,41.0,34.0,7.0,-7.0,-0.17073170731707318,10363.5,10057.0,/sfs/ceph/standard/gam_ai_group/people_scratch/ethan hirai/GrowthNet/analysis/synthetic_lollipop_v1/masks/132_1_148_synthetic_lollipop.nii.gz,/Users/kvothearcane/Personal/Coding Projects/GrowthNet/rivanna_pull/analysis/synthetic_lollipop_v1/masks/132_1_148_synthetic_lollipop.nii.gz,case-specific
132_1_148,large,bounding_box_size_mm_z,30.0,24.0,6.0,-6.0,-0.2,10363.5,10057.0,/sfs/ceph/standard/gam_ai_group/people_scratch/ethan hirai/GrowthNet/analysis/synthetic_lollipop_v1/masks/132_1_148_synthetic_lollipop.nii.gz,/Users/kvothearcane/Personal/Coding Projects/GrowthNet/rivanna_pull/analysis/synthetic_lollipop_v1/masks/132_1_148_synthetic_lollipop.nii.gz,case-specific
235_0_0,small,voxel_volume_mm3,1.0,1.0,0.0,0.0,0.0,8.875,9.0,/sfs/ceph/standard/gam_ai_group/people_scratch/ethan hirai/GrowthNet/analysis/synthetic_lollipop_v1/masks/235_0_0_synthetic_lollipop.nii.gz,/Users/kvothearcane/Personal/Coding Projects/GrowthNet/rivanna_pull/analysis/synthetic_lollipop_v1/masks/235_0_0_synthetic_lollipop.nii.gz,constant
235_0_0,small,mask_voxel_count,41.0,9.0,32.0,-32.0,-0.7804878048780488,8.875,9.0,/sfs/ceph/standard/gam_ai_group/people_scratch/ethan hirai/GrowthNet/analysis/synthetic_lollipop_v1/masks/235_0_0_synthetic_lollipop.nii.gz,/Users/kvothearcane/Personal/Coding Projects/GrowthNet/rivanna_pull/analysis/synthetic_lollipop_v1/masks/235_0_0_synthetic_lollipop.nii.gz,case-specific
235_0_0,small,volume_mm3,41.0,9.0,32.0,-32.0,-0.7804878048780488,8.875,9.0,/sfs/ceph/standard/gam_ai_group/people_scratch/ethan hirai/GrowthNet/analysis/synthetic_lollipop_v1/masks/235_0_0_synthetic_lollipop.nii.gz,/Users/kvothearcane/Personal/Coding Projects/GrowthNet/rivanna_pull/analysis/synthetic_lollipop_v1/masks/235_0_0_synthetic_lollipop.nii.gz,case-specific
235_0_0,small,connected_component_count,1.0,1.0,0.0,0.0,0.0,8.875,9.0,/sfs/ceph/standard/gam_ai_group/people_scratch/ethan hirai/GrowthNet/analysis/synthetic_lollipop_v1/masks/235_0_0_synthetic_lollipop.nii.gz,/Users/kvothearcane/Personal/Coding Projects/GrowthNet/rivanna_pull/analysis/synthetic_lollipop_v1/masks/235_0_0_synthetic_lollipop.nii.gz,constant
235_0_0,small,largest_component_voxel_count,41.0,9.0,32.0,-32.0,-0.7804878048780488,8.875,9.0,/sfs/ceph/standard/gam_ai_group/people_scratch/ethan hirai/GrowthNet/analysis/synthetic_lollipop_v1/masks/235_0_0_synthetic_lollipop.nii.gz,/Users/kvothearcane/Personal/Coding Projects/GrowthNet/rivanna_pull/analysis/synthetic_lollipop_v1/masks/235_0_0_synthetic_lollipop.nii.gz,case-specific
235_0_0,small,largest_component_fraction,1.0,1.0,0.0,0.0,0.0,8.875,9.0,/sfs/ceph/standard/gam_ai_group/people_scratch/ethan hirai/GrowthNet/analysis/synthetic_lollipop_v1/masks/235_0_0_synthetic_lollipop.nii.gz,/Users/kvothearcane/Personal/Coding Projects/GrowthNet/rivanna_pull/analysis/synthetic_lollipop_v1/masks/235_0_0_synthetic_lollipop.nii.gz,constant
235_0_0,small,component_volume_fraction_largest,1.0,1.0,0.0,0.0,0.0,8.875,9.0,/sfs/ceph/standard/gam_ai_group/people_scratch/ethan hirai/GrowthNet/analysis/synthetic_lollipop_v1/masks/235_0_0_synthetic_lollipop.nii.gz,/Users/kvothearcane/Personal/Coding Projects/GrowthNet/rivanna_pull/analysis/synthetic_lollipop_v1/masks/235_0_0_synthetic_lollipop.nii.gz,constant
235_0_0,small,component_volume_fraction_second_largest,0.0,0.0,0.0,0.0,,8.875,9.0,/sfs/ceph/standard/gam_ai_group/people_scratch/ethan hirai/GrowthNet/analysis/synthetic_lollipop_v1/masks/235_0_0_synthetic_lollipop.nii.gz,/Users/kvothearcane/Personal/Coding Projects/GrowthNet/rivanna_pull/analysis/synthetic_lollipop_v1/masks/235_0_0_synthetic_lollipop.nii.gz,constant
235_0_0,small,equivalent_sphere_diameter_mm,4.278206515598402,2.5807620414842987,1.6974444741141035,-1.6974444741141035,-0.3967654361530227,8.875,9.0,/sfs/ceph/standard/gam_ai_group/people_scratch/ethan hirai/GrowthNet/analysis/synthetic_lollipop_v1/masks/235_0_0_synthetic_lollipop.nii.gz,/Users/kvothearcane/Personal/Coding Projects/GrowthNet/rivanna_pull/analysis/synthetic_lollipop_v1/masks/235_0_0_synthetic_lollipop.nii.gz,case-specific
235_0_0,small,max_diameter_bbox_mm,7.0,3.0,4.0,-4.0,-0.5714285714285714,8.875,9.0,/sfs/ceph/standard/gam_ai_group/people_scratch/ethan hirai/GrowthNet/analysis/synthetic_lollipop_v1/masks/235_0_0_synthetic_lollipop.nii.gz,/Users/kvothearcane/Personal/Coding Projects/GrowthNet/rivanna_pull/analysis/synthetic_lollipop_v1/masks/235_0_0_synthetic_lollipop.nii.gz,systematic/bbox-related
235_0_0,small,bbox_volume_mm3,112.0,27.0,85.0,-85.0,-0.7589285714285714,8.875,9.0,/sfs/ceph/standard/gam_ai_group/people_scratch/ethan hirai/GrowthNet/analysis/synthetic_lollipop_v1/masks/235_0_0_synthetic_lollipop.nii.gz,/Users/kvothearcane/Personal/Coding Projects/GrowthNet/rivanna_pull/analysis/synthetic_lollipop_v1/masks/235_0_0_synthetic_lollipop.nii.gz,systematic/bbox-related
235_0_0,small,bbox_fill_fraction,0.3660714285714285,0.3333333333333333,0.03273809523809518,-0.03273809523809518,-0.08943089430894294,8.875,9.0,/sfs/ceph/standard/gam_ai_group/people_scratch/ethan hirai/GrowthNet/analysis/synthetic_lollipop_v1/masks/235_0_0_synthetic_lollipop.nii.gz,/Users/kvothearcane/Personal/Coding Projects/GrowthNet/rivanna_pull/analysis/synthetic_lollipop_v1/masks/235_0_0_synthetic_lollipop.nii.gz,systematic/bbox-related
235_0_0,small,principal_axis_length_major_mm,6.2161000592205635,2.041241452319315,4.174858606901248,-4.174858606901248,-0.671620238916285,8.875,9.0,/sfs/ceph/standard/gam_ai_group/people_scratch/ethan hirai/GrowthNet/analysis/synthetic_lollipop_v1/masks/235_0_0_synthetic_lollipop.nii.gz,/Users/kvothearcane/Personal/Coding Projects/GrowthNet/rivanna_pull/analysis/synthetic_lollipop_v1/masks/235_0_0_synthetic_lollipop.nii.gz,systematic/PCA-related
235_0_0,small,principal_axis_length_minor1_mm,3.0538337290891935,1.4142135623730951,1.6396201667160983,-1.6396201667160983,-0.5369055135837784,8.875,9.0,/sfs/ceph/standard/gam_ai_group/people_scratch/ethan hirai/GrowthNet/analysis/synthetic_lollipop_v1/masks/235_0_0_synthetic_lollipop.nii.gz,/Users/kvothearcane/Personal/Coding Projects/GrowthNet/rivanna_pull/analysis/synthetic_lollipop_v1/masks/235_0_0_synthetic_lollipop.nii.gz,systematic/PCA-related
235_0_0,small,principal_axis_length_minor2_mm,2.8284271247461965,1.1547005383792517,1.6737265863669448,-1.6737265863669448,-0.5917517095361379,8.875,9.0,/sfs/ceph/standard/gam_ai_group/people_scratch/ethan hirai/GrowthNet/analysis/synthetic_lollipop_v1/masks/235_0_0_synthetic_lollipop.nii.gz,/Users/kvothearcane/Personal/Coding Projects/GrowthNet/rivanna_pull/analysis/synthetic_lollipop_v1/masks/235_0_0_synthetic_lollipop.nii.gz,systematic/PCA-related
235_0_0,small,flatness,0.9588055871543992,0.8164965809277261,0.14230900622667308,-0.14230900622667308,-0.14842321335342476,8.875,9.0,/sfs/ceph/standard/gam_ai_group/people_scratch/ethan hirai/GrowthNet/analysis/synthetic_lollipop_v1/masks/235_0_0_synthetic_lollipop.nii.gz,/Users/kvothearcane/Personal/Coding Projects/GrowthNet/rivanna_pull/analysis/synthetic_lollipop_v1/masks/235_0_0_synthetic_lollipop.nii.gz,systematic/PCA-related
235_0_0,small,aspect_ratio_major_to_minor2,2.5983646830599985,1.4719601443879746,1.1264045386720238,-1.1264045386720238,-0.43350517578059855,8.875,9.0,/sfs/ceph/standard/gam_ai_group/people_scratch/ethan hirai/GrowthNet/analysis/synthetic_lollipop_v1/masks/235_0_0_synthetic_lollipop.nii.gz,/Users/kvothearcane/Personal/Coding Projects/GrowthNet/rivanna_pull/analysis/synthetic_lollipop_v1/masks/235_0_0_synthetic_lollipop.nii.gz,systematic/PCA-related
235_0_0,small,elongation_legacy_major_to_minor2,2.5983646830599985,1.4719601443879746,1.1264045386720238,-1.1264045386720238,-0.43350517578059855,8.875,9.0,/sfs/ceph/standard/gam_ai_group/people_scratch/ethan hirai/GrowthNet/analysis/synthetic_lollipop_v1/masks/235_0_0_synthetic_lollipop.nii.gz,/Users/kvothearcane/Personal/Coding Projects/GrowthNet/rivanna_pull/analysis/synthetic_lollipop_v1/masks/235_0_0_synthetic_lollipop.nii.gz,systematic/PCA-related
235_0_0,small,elongation,2.4913265755825966,1.2018504251546631,1.2894761504279335,-1.2894761504279335,-0.5175861579393258,8.875,9.0,/sfs/ceph/standard/gam_ai_group/people_scratch/ethan hirai/GrowthNet/analysis/synthetic_lollipop_v1/masks/235_0_0_synthetic_lollipop.nii.gz,/Users/kvothearcane/Personal/Coding Projects/GrowthNet/rivanna_pull/analysis/synthetic_lollipop_v1/masks/235_0_0_synthetic_lollipop.nii.gz,systematic/PCA-related
235_0_0,small,secondary_axis_ratio,0.401392579279234,0.8320502943378435,0.4306577150586095,0.4306577150586095,1.0729090105051913,8.875,9.0,/sfs/ceph/standard/gam_ai_group/people_scratch/ethan hirai/GrowthNet/analysis/synthetic_lollipop_v1/masks/235_0_0_synthetic_lollipop.nii.gz,/Users/kvothearcane/Personal/Coding Projects/GrowthNet/rivanna_pull/analysis/synthetic_lollipop_v1/masks/235_0_0_synthetic_lollipop.nii.gz,systematic/PCA-related
235_0_0,small,surface_area_mm2,73.78108215332031,19.440128326416016,54.3409538269043,-54.3409538269043,-0.7365160857085482,8.875,9.0,/sfs/ceph/standard/gam_ai_group/people_scratch/ethan hirai/GrowthNet/analysis/synthetic_lollipop_v1/masks/235_0_0_synthetic_lollipop.nii.gz,/Users/kvothearcane/Personal/Coding Projects/GrowthNet/rivanna_pull/analysis/synthetic_lollipop_v1/masks/235_0_0_synthetic_lollipop.nii.gz,feature-specific/surface-related
235_0_0,small,sphericity,0.7793424662614138,1.0763330352475524,0.2969905689861386,0.2969905689861386,0.3810783857459135,8.875,9.0,/sfs/ceph/standard/gam_ai_group/people_scratch/ethan hirai/GrowthNet/analysis/synthetic_lollipop_v1/masks/235_0_0_synthetic_lollipop.nii.gz,/Users/kvothearcane/Personal/Coding Projects/GrowthNet/rivanna_pull/analysis/synthetic_lollipop_v1/masks/235_0_0_synthetic_lollipop.nii.gz,feature-specific/surface-related
235_0_0,small,compactness,238.92816566230888,90.70106017103645,148.22710549127243,-148.22710549127243,-0.620383557879779,8.875,9.0,/sfs/ceph/standard/gam_ai_group/people_scratch/ethan hirai/GrowthNet/analysis/synthetic_lollipop_v1/masks/235_0_0_synthetic_lollipop.nii.gz,/Users/kvothearcane/Personal/Coding Projects/GrowthNet/rivanna_pull/analysis/synthetic_lollipop_v1/masks/235_0_0_synthetic_lollipop.nii.gz,feature-specific/surface-related
235_0_0,small,surface_to_volume_ratio,1.7995385891053737,2.1600142584906683,0.36047566938529463,0.36047566938529463,0.20031560954994704,8.875,9.0,/sfs/ceph/standard/gam_ai_group/people_scratch/ethan hirai/GrowthNet/analysis/synthetic_lollipop_v1/masks/235_0_0_synthetic_lollipop.nii.gz,/Users/kvothearcane/Personal/Coding Projects/GrowthNet/rivanna_pull/analysis/synthetic_lollipop_v1/masks/235_0_0_synthetic_lollipop.nii.gz,feature-specific/surface-related
235_0_0,small,roughness_index,1.2831329528302278,0.929080467896262,0.3540524849339658,-0.3540524849339658,-0.27592813679441897,8.875,9.0,/sfs/ceph/standard/gam_ai_group/people_scratch/ethan hirai/GrowthNet/analysis/synthetic_lollipop_v1/masks/235_0_0_synthetic_lollipop.nii.gz,/Users/kvothearcane/Personal/Coding Projects/GrowthNet/rivanna_pull/analysis/synthetic_lollipop_v1/masks/235_0_0_synthetic_lollipop.nii.gz,feature-specific/surface-related
235_0_0,small,voxel_spacing_mm_x,1.0,1.0,0.0,0.0,0.0,8.875,9.0,/sfs/ceph/standard/gam_ai_group/people_scratch/ethan hirai/GrowthNet/analysis/synthetic_lollipop_v1/masks/235_0_0_synthetic_lollipop.nii.gz,/Users/kvothearcane/Personal/Coding Projects/GrowthNet/rivanna_pull/analysis/synthetic_lollipop_v1/masks/235_0_0_synthetic_lollipop.nii.gz,constant
235_0_0,small,voxel_spacing_mm_y,1.0,1.0,0.0,0.0,0.0,8.875,9.0,/sfs/ceph/standard/gam_ai_group/people_scratch/ethan hirai/GrowthNet/analysis/synthetic_lollipop_v1/masks/235_0_0_synthetic_lollipop.nii.gz,/Users/kvothearcane/Personal/Coding Projects/GrowthNet/rivanna_pull/analysis/synthetic_lollipop_v1/masks/235_0_0_synthetic_lollipop.nii.gz,constant
235_0_0,small,voxel_spacing_mm_z,1.0,1.0,0.0,0.0,0.0,8.875,9.0,/sfs/ceph/standard/gam_ai_group/people_scratch/ethan hirai/GrowthNet/analysis/synthetic_lollipop_v1/masks/235_0_0_synthetic_lollipop.nii.gz,/Users/kvothearcane/Personal/Coding Projects/GrowthNet/rivanna_pull/analysis/synthetic_lollipop_v1/masks/235_0_0_synthetic_lollipop.nii.gz,constant
235_0_0,small,bounding_box_size_vox_x,7.0,3.0,4.0,-4.0,-0.5714285714285714,8.875,9.0,/sfs/ceph/standard/gam_ai_group/people_scratch/ethan hirai/GrowthNet/analysis/synthetic_lollipop_v1/masks/235_0_0_synthetic_lollipop.nii.gz,/Users/kvothearcane/Personal/Coding Projects/GrowthNet/rivanna_pull/analysis/synthetic_lollipop_v1/masks/235_0_0_synthetic_lollipop.nii.gz,case-specific
235_0_0,small,bounding_box_size_vox_y,4.0,3.0,1.0,-1.0,-0.25,8.875,9.0,/sfs/ceph/standard/gam_ai_group/people_scratch/ethan hirai/GrowthNet/analysis/synthetic_lollipop_v1/masks/235_0_0_synthetic_lollipop.nii.gz,/Users/kvothearcane/Personal/Coding Projects/GrowthNet/rivanna_pull/analysis/synthetic_lollipop_v1/masks/235_0_0_synthetic_lollipop.nii.gz,case-specific
235_0_0,small,bounding_box_size_vox_z,4.0,3.0,1.0,-1.0,-0.25,8.875,9.0,/sfs/ceph/standard/gam_ai_group/people_scratch/ethan hirai/GrowthNet/analysis/synthetic_lollipop_v1/masks/235_0_0_synthetic_lollipop.nii.gz,/Users/kvothearcane/Personal/Coding Projects/GrowthNet/rivanna_pull/analysis/synthetic_lollipop_v1/masks/235_0_0_synthetic_lollipop.nii.gz,case-specific
235_0_0,small,bounding_box_size_mm_x,7.0,3.0,4.0,-4.0,-0.5714285714285714,8.875,9.0,/sfs/ceph/standard/gam_ai_group/people_scratch/ethan hirai/GrowthNet/analysis/synthetic_lollipop_v1/masks/235_0_0_synthetic_lollipop.nii.gz,/Users/kvothearcane/Personal/Coding Projects/GrowthNet/rivanna_pull/analysis/synthetic_lollipop_v1/masks/235_0_0_synthetic_lollipop.nii.gz,case-specific
235_0_0,small,bounding_box_size_mm_y,4.0,3.0,1.0,-1.0,-0.25,8.875,9.0,/sfs/ceph/standard/gam_ai_group/people_scratch/ethan hirai/GrowthNet/analysis/synthetic_lollipop_v1/masks/235_0_0_synthetic_lollipop.nii.gz,/Users/kvothearcane/Personal/Coding Projects/GrowthNet/rivanna_pull/analysis/synthetic_lollipop_v1/masks/235_0_0_synthetic_lollipop.nii.gz,case-specific
235_0_0,small,bounding_box_size_mm_z,4.0,3.0,1.0,-1.0,-0.25,8.875,9.0,/sfs/ceph/standard/gam_ai_group/people_scratch/ethan hirai/GrowthNet/analysis/synthetic_lollipop_v1/masks/235_0_0_synthetic_lollipop.nii.gz,/Users/kvothearcane/Personal/Coding Projects/GrowthNet/rivanna_pull/analysis/synthetic_lollipop_v1/masks/235_0_0_synthetic_lollipop.nii.gz,case-specific
301_0_0,small,voxel_volume_mm3,1.0,1.0,0.0,0.0,0.0,12.25,12.0,/sfs/ceph/standard/gam_ai_group/people_scratch/ethan hirai/GrowthNet/analysis/synthetic_lollipop_v1/masks/301_0_0_synthetic_lollipop.nii.gz,/Users/kvothearcane/Personal/Coding Projects/GrowthNet/rivanna_pull/analysis/synthetic_lollipop_v1/masks/301_0_0_synthetic_lollipop.nii.gz,constant
301_0_0,small,mask_voxel_count,43.0,12.0,31.0,-31.0,-0.7209302325581395,12.25,12.0,/sfs/ceph/standard/gam_ai_group/people_scratch/ethan hirai/GrowthNet/analysis/synthetic_lollipop_v1/masks/301_0_0_synthetic_lollipop.nii.gz,/Users/kvothearcane/Personal/Coding Projects/GrowthNet/rivanna_pull/analysis/synthetic_lollipop_v1/masks/301_0_0_synthetic_lollipop.nii.gz,case-specific
301_0_0,small,volume_mm3,43.0,12.0,31.0,-31.0,-0.7209302325581395,12.25,12.0,/sfs/ceph/standard/gam_ai_group/people_scratch/ethan hirai/GrowthNet/analysis/synthetic_lollipop_v1/masks/301_0_0_synthetic_lollipop.nii.gz,/Users/kvothearcane/Personal/Coding Projects/GrowthNet/rivanna_pull/analysis/synthetic_lollipop_v1/masks/301_0_0_synthetic_lollipop.nii.gz,case-specific
301_0_0,small,connected_component_count,1.0,1.0,0.0,0.0,0.0,12.25,12.0,/sfs/ceph/standard/gam_ai_group/people_scratch/ethan hirai/GrowthNet/analysis/synthetic_lollipop_v1/masks/301_0_0_synthetic_lollipop.nii.gz,/Users/kvothearcane/Personal/Coding Projects/GrowthNet/rivanna_pull/analysis/synthetic_lollipop_v1/masks/301_0_0_synthetic_lollipop.nii.gz,constant
301_0_0,small,largest_component_voxel_count,43.0,12.0,31.0,-31.0,-0.7209302325581395,12.25,12.0,/sfs/ceph/standard/gam_ai_group/people_scratch/ethan hirai/GrowthNet/analysis/synthetic_lollipop_v1/masks/301_0_0_synthetic_lollipop.nii.gz,/Users/kvothearcane/Personal/Coding Projects/GrowthNet/rivanna_pull/analysis/synthetic_lollipop_v1/masks/301_0_0_synthetic_lollipop.nii.gz,case-specific
301_0_0,small,largest_component_fraction,1.0,1.0,0.0,0.0,0.0,12.25,12.0,/sfs/ceph/standard/gam_ai_group/people_scratch/ethan hirai/GrowthNet/analysis/synthetic_lollipop_v1/masks/301_0_0_synthetic_lollipop.nii.gz,/Users/kvothearcane/Personal/Coding Projects/GrowthNet/rivanna_pull/analysis/synthetic_lollipop_v1/masks/301_0_0_synthetic_lollipop.nii.gz,constant
301_0_0,small,component_volume_fraction_largest,1.0,1.0,0.0,0.0,0.0,12.25,12.0,/sfs/ceph/standard/gam_ai_group/people_scratch/ethan hirai/GrowthNet/analysis/synthetic_lollipop_v1/masks/301_0_0_synthetic_lollipop.nii.gz,/Users/kvothearcane/Personal/Coding Projects/GrowthNet/rivanna_pull/analysis/synthetic_lollipop_v1/masks/301_0_0_synthetic_lollipop.nii.gz,constant
301_0_0,small,component_volume_fraction_second_largest,0.0,0.0,0.0,0.0,,12.25,12.0,/sfs/ceph/standard/gam_ai_group/people_scratch/ethan hirai/GrowthNet/analysis/synthetic_lollipop_v1/masks/301_0_0_synthetic_lollipop.nii.gz,/Users/kvothearcane/Personal/Coding Projects/GrowthNet/rivanna_pull/analysis/synthetic_lollipop_v1/masks/301_0_0_synthetic_lollipop.nii.gz,constant
301_0_0,small,equivalent_sphere_diameter_mm,4.34666941315382,2.840496169229977,1.5061732439238429,-1.5061732439238429,-0.34651203042170314,12.25,12.0,/sfs/ceph/standard/gam_ai_group/people_scratch/ethan hirai/GrowthNet/analysis/synthetic_lollipop_v1/masks/301_0_0_synthetic_lollipop.nii.gz,/Users/kvothearcane/Personal/Coding Projects/GrowthNet/rivanna_pull/analysis/synthetic_lollipop_v1/masks/301_0_0_synthetic_lollipop.nii.gz,case-specific
301_0_0,small,max_diameter_bbox_mm,6.0,3.0,3.0,-3.0,-0.5,12.25,12.0,/sfs/ceph/standard/gam_ai_group/people_scratch/ethan hirai/GrowthNet/analysis/synthetic_lollipop_v1/masks/301_0_0_synthetic_lollipop.nii.gz,/Users/kvothearcane/Personal/Coding Projects/GrowthNet/rivanna_pull/analysis/synthetic_lollipop_v1/masks/301_0_0_synthetic_lollipop.nii.gz,systematic/bbox-related
301_0_0,small,bbox_volume_mm3,144.0,27.0,117.0,-117.0,-0.8125,12.25,12.0,/sfs/ceph/standard/gam_ai_group/people_scratch/ethan hirai/GrowthNet/analysis/synthetic_lollipop_v1/masks/301_0_0_synthetic_lollipop.nii.gz,/Users/kvothearcane/Personal/Coding Projects/GrowthNet/rivanna_pull/analysis/synthetic_lollipop_v1/masks/301_0_0_synthetic_lollipop.nii.gz,systematic/bbox-related
301_0_0,small,bbox_fill_fraction,0.2986111111111111,0.4444444444444444,0.14583333333333331,0.14583333333333331,0.48837209302325574,12.25,12.0,/sfs/ceph/standard/gam_ai_group/people_scratch/ethan hirai/GrowthNet/analysis/synthetic_lollipop_v1/masks/301_0_0_synthetic_lollipop.nii.gz,/Users/kvothearcane/Personal/Coding Projects/GrowthNet/rivanna_pull/analysis/synthetic_lollipop_v1/masks/301_0_0_synthetic_lollipop.nii.gz,systematic/bbox-related
301_0_0,small,principal_axis_length_major_mm,6.652457605967015,2.333333333333333,4.319124272633682,-4.319124272633682,-0.6492524309752208,12.25,12.0,/sfs/ceph/standard/gam_ai_group/people_scratch/ethan hirai/GrowthNet/analysis/synthetic_lollipop_v1/masks/301_0_0_synthetic_lollipop.nii.gz,/Users/kvothearcane/Personal/Coding Projects/GrowthNet/rivanna_pull/analysis/synthetic_lollipop_v1/masks/301_0_0_synthetic_lollipop.nii.gz,systematic/PCA-related
301_0_0,small,principal_axis_length_minor1_mm,3.0966762689608345,2.121320343559643,0.9753559254011916,-0.9753559254011916,-0.31496864401925234,12.25,12.0,/sfs/ceph/standard/gam_ai_group/people_scratch/ethan hirai/GrowthNet/analysis/synthetic_lollipop_v1/masks/301_0_0_synthetic_lollipop.nii.gz,/Users/kvothearcane/Personal/Coding Projects/GrowthNet/rivanna_pull/analysis/synthetic_lollipop_v1/masks/301_0_0_synthetic_lollipop.nii.gz,systematic/PCA-related
301_0_0,small,principal_axis_length_minor2_mm,2.9821049626724276,1.4142135623730951,1.5678914002993325,-1.5678914002993325,-0.5257666715038289,12.25,12.0,/sfs/ceph/standard/gam_ai_group/people_scratch/ethan hirai/GrowthNet/analysis/synthetic_lollipop_v1/masks/301_0_0_synthetic_lollipop.nii.gz,/Users/kvothearcane/Personal/Coding Projects/GrowthNet/rivanna_pull/analysis/synthetic_lollipop_v1/masks/301_0_0_synthetic_lollipop.nii.gz,systematic/PCA-related
301_0_0,small,flatness,0.9706806268647762,0.9428090415820636,0.027871585282712608,-0.027871585282712608,-0.028713445505485862,12.25,12.0,/sfs/ceph/standard/gam_ai_group/people_scratch/ethan hirai/GrowthNet/analysis/synthetic_lollipop_v1/masks/301_0_0_synthetic_lollipop.nii.gz,/Users/kvothearcane/Personal/Coding Projects/GrowthNet/rivanna_pull/analysis/synthetic_lollipop_v1/masks/301_0_0_synthetic_lollipop.nii.gz,systematic/PCA-related
301_0_0,small,aspect_ratio_major_to_minor2,2.5086606402606435,1.224744871391589,1.2839157688690546,-1.2839157688690546,-0.5117933243994528,12.25,12.0,/sfs/ceph/standard/gam_ai_group/people_scratch/ethan hirai/GrowthNet/analysis/synthetic_lollipop_v1/masks/301_0_0_synthetic_lollipop.nii.gz,/Users/kvothearcane/Personal/Coding Projects/GrowthNet/rivanna_pull/analysis/synthetic_lollipop_v1/masks/301_0_0_synthetic_lollipop.nii.gz,systematic/PCA-related
301_0_0,small,elongation_legacy_major_to_minor2,2.5086606402606435,1.224744871391589,1.2839157688690546,-1.2839157688690546,-0.5117933243994528,12.25,12.0,/sfs/ceph/standard/gam_ai_group/people_scratch/ethan hirai/GrowthNet/analysis/synthetic_lollipop_v1/masks/301_0_0_synthetic_lollipop.nii.gz,/Users/kvothearcane/Personal/Coding Projects/GrowthNet/rivanna_pull/analysis/synthetic_lollipop_v1/masks/301_0_0_synthetic_lollipop.nii.gz,systematic/PCA-related
301_0_0,small,elongation,2.435108282879193,1.1547005383792517,1.2804077444999413,-1.2804077444999413,-0.5258114201747237,12.25,12.0,/sfs/ceph/standard/gam_ai_group/people_scratch/ethan hirai/GrowthNet/analysis/synthetic_lollipop_v1/masks/301_0_0_synthetic_lollipop.nii.gz,/Users/kvothearcane/Personal/Coding Projects/GrowthNet/rivanna_pull/analysis/synthetic_lollipop_v1/masks/301_0_0_synthetic_lollipop.nii.gz,systematic/PCA-related
301_0_0,small,secondary_axis_ratio,0.4106593563131545,0.8660254037844385,0.455366047471284,0.455366047471284,1.1088656339392833,12.25,12.0,/sfs/ceph/standard/gam_ai_group/people_scratch/ethan hirai/GrowthNet/analysis/synthetic_lollipop_v1/masks/301_0_0_synthetic_lollipop.nii.gz,/Users/kvothearcane/Personal/Coding Projects/GrowthNet/rivanna_pull/analysis/synthetic_lollipop_v1/masks/301_0_0_synthetic_lollipop.nii.gz,systematic/PCA-related
301_0_0,small,surface_area_mm2,70.4277114868164,24.2685546875,46.159156799316406,-46.159156799316406,-0.6554118517390287,12.25,12.0,/sfs/ceph/standard/gam_ai_group/people_scratch/ethan hirai/GrowthNet/analysis/synthetic_lollipop_v1/masks/301_0_0_synthetic_lollipop.nii.gz,/Users/kvothearcane/Personal/Coding Projects/GrowthNet/rivanna_pull/analysis/synthetic_lollipop_v1/masks/301_0_0_synthetic_lollipop.nii.gz,feature-specific/surface-related
301_0_0,small,sphericity,0.8427902804620852,1.0444661650655158,0.20167588460343067,0.20167588460343067,0.2392954561517437,12.25,12.0,/sfs/ceph/standard/gam_ai_group/people_scratch/ethan hirai/GrowthNet/analysis/synthetic_lollipop_v1/masks/301_0_0_synthetic_lollipop.nii.gz,/Users/kvothearcane/Personal/Coding Projects/GrowthNet/rivanna_pull/analysis/synthetic_lollipop_v1/masks/301_0_0_synthetic_lollipop.nii.gz,feature-specific/surface-related
301_0_0,small,compactness,188.92690854237833,99.25885156425,89.66805697812833,-89.66805697812833,-0.4746177115263326,12.25,12.0,/sfs/ceph/standard/gam_ai_group/people_scratch/ethan hirai/GrowthNet/analysis/synthetic_lollipop_v1/masks/301_0_0_synthetic_lollipop.nii.gz,/Users/kvothearcane/Personal/Coding Projects/GrowthNet/rivanna_pull/analysis/synthetic_lollipop_v1/masks/301_0_0_synthetic_lollipop.nii.gz,feature-specific/surface-related
301_0_0,small,surface_to_volume_ratio,1.6378537555073582,2.0223795572916665,0.3845258017843083,0.3845258017843083,0.23477419793514695,12.25,12.0,/sfs/ceph/standard/gam_ai_group/people_scratch/ethan hirai/GrowthNet/analysis/synthetic_lollipop_v1/masks/301_0_0_synthetic_lollipop.nii.gz,/Users/kvothearcane/Personal/Coding Projects/GrowthNet/rivanna_pull/analysis/synthetic_lollipop_v1/masks/301_0_0_synthetic_lollipop.nii.gz,feature-specific/surface-related
301_0_0,small,roughness_index,1.1865348037138252,0.9574268975359996,0.22910790617782562,-0.22910790617782562,-0.19308991650369076,12.25,12.0,/sfs/ceph/standard/gam_ai_group/people_scratch/ethan hirai/GrowthNet/analysis/synthetic_lollipop_v1/masks/301_0_0_synthetic_lollipop.nii.gz,/Users/kvothearcane/Personal/Coding Projects/GrowthNet/rivanna_pull/analysis/synthetic_lollipop_v1/masks/301_0_0_synthetic_lollipop.nii.gz,feature-specific/surface-related
301_0_0,small,voxel_spacing_mm_x,1.0,1.0,0.0,0.0,0.0,12.25,12.0,/sfs/ceph/standard/gam_ai_group/people_scratch/ethan hirai/GrowthNet/analysis/synthetic_lollipop_v1/masks/301_0_0_synthetic_lollipop.nii.gz,/Users/kvothearcane/Personal/Coding Projects/GrowthNet/rivanna_pull/analysis/synthetic_lollipop_v1/masks/301_0_0_synthetic_lollipop.nii.gz,constant
301_0_0,small,voxel_spacing_mm_y,1.0,1.0,0.0,0.0,0.0,12.25,12.0,/sfs/ceph/standard/gam_ai_group/people_scratch/ethan hirai/GrowthNet/analysis/synthetic_lollipop_v1/masks/301_0_0_synthetic_lollipop.nii.gz,/Users/kvothearcane/Personal/Coding Projects/GrowthNet/rivanna_pull/analysis/synthetic_lollipop_v1/masks/301_0_0_synthetic_lollipop.nii.gz,constant
301_0_0,small,voxel_spacing_mm_z,1.0,1.0,0.0,0.0,0.0,12.25,12.0,/sfs/ceph/standard/gam_ai_group/people_scratch/ethan hirai/GrowthNet/analysis/synthetic_lollipop_v1/masks/301_0_0_synthetic_lollipop.nii.gz,/Users/kvothearcane/Personal/Coding Projects/GrowthNet/rivanna_pull/analysis/synthetic_lollipop_v1/masks/301_0_0_synthetic_lollipop.nii.gz,constant
301_0_0,small,bounding_box_size_vox_x,6.0,3.0,3.0,-3.0,-0.5,12.25,12.0,/sfs/ceph/standard/gam_ai_group/people_scratch/ethan hirai/GrowthNet/analysis/synthetic_lollipop_v1/masks/301_0_0_synthetic_lollipop.nii.gz,/Users/kvothearcane/Personal/Coding Projects/GrowthNet/rivanna_pull/analysis/synthetic_lollipop_v1/masks/301_0_0_synthetic_lollipop.nii.gz,case-specific
301_0_0,small,bounding_box_size_vox_y,4.0,3.0,1.0,-1.0,-0.25,12.25,12.0,/sfs/ceph/standard/gam_ai_group/people_scratch/ethan hirai/GrowthNet/analysis/synthetic_lollipop_v1/masks/301_0_0_synthetic_lollipop.nii.gz,/Users/kvothearcane/Personal/Coding Projects/GrowthNet/rivanna_pull/analysis/synthetic_lollipop_v1/masks/301_0_0_synthetic_lollipop.nii.gz,case-specific
301_0_0,small,bounding_box_size_vox_z,6.0,3.0,3.0,-3.0,-0.5,12.25,12.0,/sfs/ceph/standard/gam_ai_group/people_scratch/ethan hirai/GrowthNet/analysis/synthetic_lollipop_v1/masks/301_0_0_synthetic_lollipop.nii.gz,/Users/kvothearcane/Personal/Coding Projects/GrowthNet/rivanna_pull/analysis/synthetic_lollipop_v1/masks/301_0_0_synthetic_lollipop.nii.gz,case-specific
301_0_0,small,bounding_box_size_mm_x,6.0,3.0,3.0,-3.0,-0.5,12.25,12.0,/sfs/ceph/standard/gam_ai_group/people_scratch/ethan hirai/GrowthNet/analysis/synthetic_lollipop_v1/masks/301_0_0_synthetic_lollipop.nii.gz,/Users/kvothearcane/Personal/Coding Projects/GrowthNet/rivanna_pull/analysis/synthetic_lollipop_v1/masks/301_0_0_synthetic_lollipop.nii.gz,case-specific
301_0_0,small,bounding_box_size_mm_y,4.0,3.0,1.0,-1.0,-0.25,12.25,12.0,/sfs/ceph/standard/gam_ai_group/people_scratch/ethan hirai/GrowthNet/analysis/synthetic_lollipop_v1/masks/301_0_0_synthetic_lollipop.nii.gz,/Users/kvothearcane/Personal/Coding Projects/GrowthNet/rivanna_pull/analysis/synthetic_lollipop_v1/masks/301_0_0_synthetic_lollipop.nii.gz,case-specific
301_0_0,small,bounding_box_size_mm_z,6.0,3.0,3.0,-3.0,-0.5,12.25,12.0,/sfs/ceph/standard/gam_ai_group/people_scratch/ethan hirai/GrowthNet/analysis/synthetic_lollipop_v1/masks/301_0_0_synthetic_lollipop.nii.gz,/Users/kvothearcane/Personal/Coding Projects/GrowthNet/rivanna_pull/analysis/synthetic_lollipop_v1/masks/301_0_0_synthetic_lollipop.nii.gz,case-specific
304_1_206,large,voxel_volume_mm3,1.0,1.0,0.0,0.0,0.0,643.875,648.0,/sfs/ceph/standard/gam_ai_group/people_scratch/ethan hirai/GrowthNet/analysis/synthetic_lollipop_v1/masks/304_1_206_synthetic_lollipop.nii.gz,/Users/kvothearcane/Personal/Coding Projects/GrowthNet/rivanna_pull/analysis/synthetic_lollipop_v1/masks/304_1_206_synthetic_lollipop.nii.gz,constant
304_1_206,large,mask_voxel_count,612.0,648.0,36.0,36.0,0.058823529411764705,643.875,648.0,/sfs/ceph/standard/gam_ai_group/people_scratch/ethan hirai/GrowthNet/analysis/synthetic_lollipop_v1/masks/304_1_206_synthetic_lollipop.nii.gz,/Users/kvothearcane/Personal/Coding Projects/GrowthNet/rivanna_pull/analysis/synthetic_lollipop_v1/masks/304_1_206_synthetic_lollipop.nii.gz,case-specific
304_1_206,large,volume_mm3,612.0,648.0,36.0,36.0,0.058823529411764705,643.875,648.0,/sfs/ceph/standard/gam_ai_group/people_scratch/ethan hirai/GrowthNet/analysis/synthetic_lollipop_v1/masks/304_1_206_synthetic_lollipop.nii.gz,/Users/kvothearcane/Personal/Coding Projects/GrowthNet/rivanna_pull/analysis/synthetic_lollipop_v1/masks/304_1_206_synthetic_lollipop.nii.gz,case-specific
304_1_206,large,connected_component_count,1.0,1.0,0.0,0.0,0.0,643.875,648.0,/sfs/ceph/standard/gam_ai_group/people_scratch/ethan hirai/GrowthNet/analysis/synthetic_lollipop_v1/masks/304_1_206_synthetic_lollipop.nii.gz,/Users/kvothearcane/Personal/Coding Projects/GrowthNet/rivanna_pull/analysis/synthetic_lollipop_v1/masks/304_1_206_synthetic_lollipop.nii.gz,constant
304_1_206,large,largest_component_voxel_count,612.0,648.0,36.0,36.0,0.058823529411764705,643.875,648.0,/sfs/ceph/standard/gam_ai_group/people_scratch/ethan hirai/GrowthNet/analysis/synthetic_lollipop_v1/masks/304_1_206_synthetic_lollipop.nii.gz,/Users/kvothearcane/Personal/Coding Projects/GrowthNet/rivanna_pull/analysis/synthetic_lollipop_v1/masks/304_1_206_synthetic_lollipop.nii.gz,case-specific
304_1_206,large,largest_component_fraction,1.0,1.0,0.0,0.0,0.0,643.875,648.0,/sfs/ceph/standard/gam_ai_group/people_scratch/ethan hirai/GrowthNet/analysis/synthetic_lollipop_v1/masks/304_1_206_synthetic_lollipop.nii.gz,/Users/kvothearcane/Personal/Coding Projects/GrowthNet/rivanna_pull/analysis/synthetic_lollipop_v1/masks/304_1_206_synthetic_lollipop.nii.gz,constant
304_1_206,large,component_volume_fraction_largest,1.0,1.0,0.0,0.0,0.0,643.875,648.0,/sfs/ceph/standard/gam_ai_group/people_scratch/ethan hirai/GrowthNet/analysis/synthetic_lollipop_v1/masks/304_1_206_synthetic_lollipop.nii.gz,/Users/kvothearcane/Personal/Coding Projects/GrowthNet/rivanna_pull/analysis/synthetic_lollipop_v1/masks/304_1_206_synthetic_lollipop.nii.gz,constant
304_1_206,large,component_volume_fraction_second_largest,0.0,0.0,0.0,0.0,,643.875,648.0,/sfs/ceph/standard/gam_ai_group/people_scratch/ethan hirai/GrowthNet/analysis/synthetic_lollipop_v1/masks/304_1_206_synthetic_lollipop.nii.gz,/Users/kvothearcane/Personal/Coding Projects/GrowthNet/rivanna_pull/analysis/synthetic_lollipop_v1/masks/304_1_206_synthetic_lollipop.nii.gz,constant
304_1_206,large,equivalent_sphere_diameter_mm,10.533780553459016,10.736402747275791,0.20262219381677582,0.20262219381677582,0.019235467531193255,643.875,648.0,/sfs/ceph/standard/gam_ai_group/people_scratch/ethan hirai/GrowthNet/analysis/synthetic_lollipop_v1/masks/304_1_206_synthetic_lollipop.nii.gz,/Users/kvothearcane/Personal/Coding Projects/GrowthNet/rivanna_pull/analysis/synthetic_lollipop_v1/masks/304_1_206_synthetic_lollipop.nii.gz,case-specific
304_1_206,large,max_diameter_bbox_mm,22.0,13.0,9.0,-9.0,-0.4090909090909091,643.875,648.0,/sfs/ceph/standard/gam_ai_group/people_scratch/ethan hirai/GrowthNet/analysis/synthetic_lollipop_v1/masks/304_1_206_synthetic_lollipop.nii.gz,/Users/kvothearcane/Personal/Coding Projects/GrowthNet/rivanna_pull/analysis/synthetic_lollipop_v1/masks/304_1_206_synthetic_lollipop.nii.gz,systematic/bbox-related
304_1_206,large,bbox_volume_mm3,3432.0,1430.0,2002.0,-2002.0,-0.5833333333333334,643.875,648.0,/sfs/ceph/standard/gam_ai_group/people_scratch/ethan hirai/GrowthNet/analysis/synthetic_lollipop_v1/masks/304_1_206_synthetic_lollipop.nii.gz,/Users/kvothearcane/Personal/Coding Projects/GrowthNet/rivanna_pull/analysis/synthetic_lollipop_v1/masks/304_1_206_synthetic_lollipop.nii.gz,systematic/bbox-related
304_1_206,large,bbox_fill_fraction,0.1783216783216783,0.4531468531468531,0.27482517482517477,0.27482517482517477,1.5411764705882351,643.875,648.0,/sfs/ceph/standard/gam_ai_group/people_scratch/ethan hirai/GrowthNet/analysis/synthetic_lollipop_v1/masks/304_1_206_synthetic_lollipop.nii.gz,/Users/kvothearcane/Personal/Coding Projects/GrowthNet/rivanna_pull/analysis/synthetic_lollipop_v1/masks/304_1_206_synthetic_lollipop.nii.gz,systematic/bbox-related
304_1_206,large,principal_axis_length_major_mm,21.363427104157545,13.414101070935622,7.949326033221922,-7.949326033221922,-0.37209975695682745,643.875,648.0,/sfs/ceph/standard/gam_ai_group/people_scratch/ethan hirai/GrowthNet/analysis/synthetic_lollipop_v1/masks/304_1_206_synthetic_lollipop.nii.gz,/Users/kvothearcane/Personal/Coding Projects/GrowthNet/rivanna_pull/analysis/synthetic_lollipop_v1/masks/304_1_206_synthetic_lollipop.nii.gz,systematic/PCA-related
304_1_206,large,principal_axis_length_minor1_mm,12.282606454501202,9.149205181521587,3.133401272979615,-3.133401272979615,-0.25510882275572044,643.875,648.0,/sfs/ceph/standard/gam_ai_group/people_scratch/ethan hirai/GrowthNet/analysis/synthetic_lollipop_v1/masks/304_1_206_synthetic_lollipop.nii.gz,/Users/kvothearcane/Personal/Coding Projects/GrowthNet/rivanna_pull/analysis/synthetic_lollipop_v1/masks/304_1_206_synthetic_lollipop.nii.gz,systematic/PCA-related
304_1_206,large,principal_axis_length_minor2_mm,11.154158640961723,9.067758999533153,2.086399641428571,-2.086399641428571,-0.18705127913159025,643.875,648.0,/sfs/ceph/standard/gam_ai_group/people_scratch/ethan hirai/GrowthNet/analysis/synthetic_lollipop_v1/masks/304_1_206_synthetic_lollipop.nii.gz,/Users/kvothearcane/Personal/Coding Projects/GrowthNet/rivanna_pull/analysis/synthetic_lollipop_v1/masks/304_1_206_synthetic_lollipop.nii.gz,systematic/PCA-related
304_1_206,large,flatness,0.9070611225276998,0.987023778007352,0.0799626554796522,0.0799626554796522,0.08815575212486335,643.875,648.0,/sfs/ceph/standard/gam_ai_group/people_scratch/ethan hirai/GrowthNet/analysis/synthetic_lollipop_v1/masks/304_1_206_synthetic_lollipop.nii.gz,/Users/kvothearcane/Personal/Coding Projects/GrowthNet/rivanna_pull/analysis/synthetic_lollipop_v1/masks/304_1_206_synthetic_lollipop.nii.gz,systematic/PCA-related
304_1_206,large,aspect_ratio_major_to_minor2,2.7335846749351767,1.4120282216577689,1.3215564532774078,-1.3215564532774078,-0.4834518079483844,643.875,648.0,/sfs/ceph/standard/gam_ai_group/people_scratch/ethan hirai/GrowthNet/analysis/synthetic_lollipop_v1/masks/304_1_206_synthetic_lollipop.nii.gz,/Users/kvothearcane/Personal/Coding Projects/GrowthNet/rivanna_pull/analysis/synthetic_lollipop_v1/masks/304_1_206_synthetic_lollipop.nii.gz,systematic/PCA-related
304_1_206,large,elongation_legacy_major_to_minor2,2.7335846749351767,1.4120282216577689,1.3215564532774078,-1.3215564532774078,-0.4834518079483844,643.875,648.0,/sfs/ceph/standard/gam_ai_group/people_scratch/ethan hirai/GrowthNet/analysis/synthetic_lollipop_v1/masks/304_1_206_synthetic_lollipop.nii.gz,/Users/kvothearcane/Personal/Coding Projects/GrowthNet/rivanna_pull/analysis/synthetic_lollipop_v1/masks/304_1_206_synthetic_lollipop.nii.gz,systematic/PCA-related
304_1_206,large,elongation,2.4795283837712185,1.3937054299936535,1.085822953777565,-1.085822953777565,-0.4379151135693359,643.875,648.0,/sfs/ceph/standard/gam_ai_group/people_scratch/ethan hirai/GrowthNet/analysis/synthetic_lollipop_v1/masks/304_1_206_synthetic_lollipop.nii.gz,/Users/kvothearcane/Personal/Coding Projects/GrowthNet/rivanna_pull/analysis/synthetic_lollipop_v1/masks/304_1_206_synthetic_lollipop.nii.gz,systematic/PCA-related
304_1_206,large,secondary_axis_ratio,0.4033025016148668,0.7175117341722301,0.3142092325573633,0.3142092325573633,0.7790907105689541,643.875,648.0,/sfs/ceph/standard/gam_ai_group/people_scratch/ethan hirai/GrowthNet/analysis/synthetic_lollipop_v1/masks/304_1_206_synthetic_lollipop.nii.gz,/Users/kvothearcane/Personal/Coding Projects/GrowthNet/rivanna_pull/analysis/synthetic_lollipop_v1/masks/304_1_206_synthetic_lollipop.nii.gz,systematic/PCA-related
304_1_206,large,surface_area_mm2,560.8308715820312,403.95904541015625,156.871826171875,-156.871826171875,-0.2797132506799419,643.875,648.0,/sfs/ceph/standard/gam_ai_group/people_scratch/ethan hirai/GrowthNet/analysis/synthetic_lollipop_v1/masks/304_1_206_synthetic_lollipop.nii.gz,/Users/kvothearcane/Personal/Coding Projects/GrowthNet/rivanna_pull/analysis/synthetic_lollipop_v1/masks/304_1_206_synthetic_lollipop.nii.gz,feature-specific/surface-related
304_1_206,large,sphericity,0.6215649176685771,0.8964583658914643,0.2748934482228872,0.2748934482228872,0.44226023768198314,643.875,648.0,/sfs/ceph/standard/gam_ai_group/people_scratch/ethan hirai/GrowthNet/analysis/synthetic_lollipop_v1/masks/304_1_206_synthetic_lollipop.nii.gz,/Users/kvothearcane/Personal/Coding Projects/GrowthNet/rivanna_pull/analysis/synthetic_lollipop_v1/masks/304_1_206_synthetic_lollipop.nii.gz,feature-specific/surface-related
304_1_206,large,compactness,470.96961729972816,156.98638903126655,313.98322826846163,-313.98322826846163,-0.6666740629016853,643.875,648.0,/sfs/ceph/standard/gam_ai_group/people_scratch/ethan hirai/GrowthNet/analysis/synthetic_lollipop_v1/masks/304_1_206_synthetic_lollipop.nii.gz,/Users/kvothearcane/Personal/Coding Projects/GrowthNet/rivanna_pull/analysis/synthetic_lollipop_v1/masks/304_1_206_synthetic_lollipop.nii.gz,feature-specific/surface-related
304_1_206,large,surface_to_volume_ratio,0.9163903130425348,0.6233935885959201,0.29299672444661473,-0.29299672444661473,-0.31972918119772303,643.875,648.0,/sfs/ceph/standard/gam_ai_group/people_scratch/ethan hirai/GrowthNet/analysis/synthetic_lollipop_v1/masks/304_1_206_synthetic_lollipop.nii.gz,/Users/kvothearcane/Personal/Coding Projects/GrowthNet/rivanna_pull/analysis/synthetic_lollipop_v1/masks/304_1_206_synthetic_lollipop.nii.gz,feature-specific/surface-related
304_1_206,large,roughness_index,1.6088424098176133,1.1155007728725592,0.49334163694505406,-0.49334163694505406,-0.3066438539502336,643.875,648.0,/sfs/ceph/standard/gam_ai_group/people_scratch/ethan hirai/GrowthNet/analysis/synthetic_lollipop_v1/masks/304_1_206_synthetic_lollipop.nii.gz,/Users/kvothearcane/Personal/Coding Projects/GrowthNet/rivanna_pull/analysis/synthetic_lollipop_v1/masks/304_1_206_synthetic_lollipop.nii.gz,feature-specific/surface-related
304_1_206,large,voxel_spacing_mm_x,1.0,1.0,0.0,0.0,0.0,643.875,648.0,/sfs/ceph/standard/gam_ai_group/people_scratch/ethan hirai/GrowthNet/analysis/synthetic_lollipop_v1/masks/304_1_206_synthetic_lollipop.nii.gz,/Users/kvothearcane/Personal/Coding Projects/GrowthNet/rivanna_pull/analysis/synthetic_lollipop_v1/masks/304_1_206_synthetic_lollipop.nii.gz,constant
304_1_206,large,voxel_spacing_mm_y,1.0,1.0,0.0,0.0,0.0,643.875,648.0,/sfs/ceph/standard/gam_ai_group/people_scratch/ethan hirai/GrowthNet/analysis/synthetic_lollipop_v1/masks/304_1_206_synthetic_lollipop.nii.gz,/Users/kvothearcane/Personal/Coding Projects/GrowthNet/rivanna_pull/analysis/synthetic_lollipop_v1/masks/304_1_206_synthetic_lollipop.nii.gz,constant
304_1_206,large,voxel_spacing_mm_z,1.0,1.0,0.0,0.0,0.0,643.875,648.0,/sfs/ceph/standard/gam_ai_group/people_scratch/ethan hirai/GrowthNet/analysis/synthetic_lollipop_v1/masks/304_1_206_synthetic_lollipop.nii.gz,/Users/kvothearcane/Personal/Coding Projects/GrowthNet/rivanna_pull/analysis/synthetic_lollipop_v1/masks/304_1_206_synthetic_lollipop.nii.gz,constant
304_1_206,large,bounding_box_size_vox_x,22.0,10.0,12.0,-12.0,-0.5454545454545454,643.875,648.0,/sfs/ceph/standard/gam_ai_group/people_scratch/ethan hirai/GrowthNet/analysis/synthetic_lollipop_v1/masks/304_1_206_synthetic_lollipop.nii.gz,/Users/kvothearcane/Personal/Coding Projects/GrowthNet/rivanna_pull/analysis/synthetic_lollipop_v1/masks/304_1_206_synthetic_lollipop.nii.gz,case-specific
304_1_206,large,bounding_box_size_vox_y,12.0,13.0,1.0,1.0,0.08333333333333333,643.875,648.0,/sfs/ceph/standard/gam_ai_group/people_scratch/ethan hirai/GrowthNet/analysis/synthetic_lollipop_v1/masks/304_1_206_synthetic_lollipop.nii.gz,/Users/kvothearcane/Personal/Coding Projects/GrowthNet/rivanna_pull/analysis/synthetic_lollipop_v1/masks/304_1_206_synthetic_lollipop.nii.gz,case-specific
304_1_206,large,bounding_box_size_vox_z,13.0,11.0,2.0,-2.0,-0.15384615384615385,643.875,648.0,/sfs/ceph/standard/gam_ai_group/people_scratch/ethan hirai/GrowthNet/analysis/synthetic_lollipop_v1/masks/304_1_206_synthetic_lollipop.nii.gz,/Users/kvothearcane/Personal/Coding Projects/GrowthNet/rivanna_pull/analysis/synthetic_lollipop_v1/masks/304_1_206_synthetic_lollipop.nii.gz,case-specific
304_1_206,large,bounding_box_size_mm_x,22.0,10.0,12.0,-12.0,-0.5454545454545454,643.875,648.0,/sfs/ceph/standard/gam_ai_group/people_scratch/ethan hirai/GrowthNet/analysis/synthetic_lollipop_v1/masks/304_1_206_synthetic_lollipop.nii.gz,/Users/kvothearcane/Personal/Coding Projects/GrowthNet/rivanna_pull/analysis/synthetic_lollipop_v1/masks/304_1_206_synthetic_lollipop.nii.gz,case-specific
304_1_206,large,bounding_box_size_mm_y,12.0,13.0,1.0,1.0,0.08333333333333333,643.875,648.0,/sfs/ceph/standard/gam_ai_group/people_scratch/ethan hirai/GrowthNet/analysis/synthetic_lollipop_v1/masks/304_1_206_synthetic_lollipop.nii.gz,/Users/kvothearcane/Personal/Coding Projects/GrowthNet/rivanna_pull/analysis/synthetic_lollipop_v1/masks/304_1_206_synthetic_lollipop.nii.gz,case-specific
304_1_206,large,bounding_box_size_mm_z,13.0,11.0,2.0,-2.0,-0.15384615384615385,643.875,648.0,/sfs/ceph/standard/gam_ai_group/people_scratch/ethan hirai/GrowthNet/analysis/synthetic_lollipop_v1/masks/304_1_206_synthetic_lollipop.nii.gz,/Users/kvothearcane/Personal/Coding Projects/GrowthNet/rivanna_pull/analysis/synthetic_lollipop_v1/masks/304_1_206_synthetic_lollipop.nii.gz,case-specific
434_0_0,medium,voxel_volume_mm3,1.0,1.0,0.0,0.0,0.0,107.75,106.0,/sfs/ceph/standard/gam_ai_group/people_scratch/ethan hirai/GrowthNet/analysis/synthetic_lollipop_v1/masks/434_0_0_synthetic_lollipop.nii.gz,/Users/kvothearcane/Personal/Coding Projects/GrowthNet/rivanna_pull/analysis/synthetic_lollipop_v1/masks/434_0_0_synthetic_lollipop.nii.gz,constant
434_0_0,medium,mask_voxel_count,105.0,106.0,1.0,1.0,0.009523809523809525,107.75,106.0,/sfs/ceph/standard/gam_ai_group/people_scratch/ethan hirai/GrowthNet/analysis/synthetic_lollipop_v1/masks/434_0_0_synthetic_lollipop.nii.gz,/Users/kvothearcane/Personal/Coding Projects/GrowthNet/rivanna_pull/analysis/synthetic_lollipop_v1/masks/434_0_0_synthetic_lollipop.nii.gz,case-specific
434_0_0,medium,volume_mm3,105.0,106.0,1.0,1.0,0.009523809523809525,107.75,106.0,/sfs/ceph/standard/gam_ai_group/people_scratch/ethan hirai/GrowthNet/analysis/synthetic_lollipop_v1/masks/434_0_0_synthetic_lollipop.nii.gz,/Users/kvothearcane/Personal/Coding Projects/GrowthNet/rivanna_pull/analysis/synthetic_lollipop_v1/masks/434_0_0_synthetic_lollipop.nii.gz,case-specific
434_0_0,medium,connected_component_count,1.0,1.0,0.0,0.0,0.0,107.75,106.0,/sfs/ceph/standard/gam_ai_group/people_scratch/ethan hirai/GrowthNet/analysis/synthetic_lollipop_v1/masks/434_0_0_synthetic_lollipop.nii.gz,/Users/kvothearcane/Personal/Coding Projects/GrowthNet/rivanna_pull/analysis/synthetic_lollipop_v1/masks/434_0_0_synthetic_lollipop.nii.gz,constant
434_0_0,medium,largest_component_voxel_count,105.0,106.0,1.0,1.0,0.009523809523809525,107.75,106.0,/sfs/ceph/standard/gam_ai_group/people_scratch/ethan hirai/GrowthNet/analysis/synthetic_lollipop_v1/masks/434_0_0_synthetic_lollipop.nii.gz,/Users/kvothearcane/Personal/Coding Projects/GrowthNet/rivanna_pull/analysis/synthetic_lollipop_v1/masks/434_0_0_synthetic_lollipop.nii.gz,case-specific
434_0_0,medium,largest_component_fraction,1.0,1.0,0.0,0.0,0.0,107.75,106.0,/sfs/ceph/standard/gam_ai_group/people_scratch/ethan hirai/GrowthNet/analysis/synthetic_lollipop_v1/masks/434_0_0_synthetic_lollipop.nii.gz,/Users/kvothearcane/Personal/Coding Projects/GrowthNet/rivanna_pull/analysis/synthetic_lollipop_v1/masks/434_0_0_synthetic_lollipop.nii.gz,constant
434_0_0,medium,component_volume_fraction_largest,1.0,1.0,0.0,0.0,0.0,107.75,106.0,/sfs/ceph/standard/gam_ai_group/people_scratch/ethan hirai/GrowthNet/analysis/synthetic_lollipop_v1/masks/434_0_0_synthetic_lollipop.nii.gz,/Users/kvothearcane/Personal/Coding Projects/GrowthNet/rivanna_pull/analysis/synthetic_lollipop_v1/masks/434_0_0_synthetic_lollipop.nii.gz,constant
434_0_0,medium,component_volume_fraction_second_largest,0.0,0.0,0.0,0.0,,107.75,106.0,/sfs/ceph/standard/gam_ai_group/people_scratch/ethan hirai/GrowthNet/analysis/synthetic_lollipop_v1/masks/434_0_0_synthetic_lollipop.nii.gz,/Users/kvothearcane/Personal/Coding Projects/GrowthNet/rivanna_pull/analysis/synthetic_lollipop_v1/masks/434_0_0_synthetic_lollipop.nii.gz,constant
434_0_0,medium,equivalent_sphere_diameter_mm,5.853247553205011,5.871770611970456,0.018523058765445022,0.018523058765445022,0.0031645780563821385,107.75,106.0,/sfs/ceph/standard/gam_ai_group/people_scratch/ethan hirai/GrowthNet/analysis/synthetic_lollipop_v1/masks/434_0_0_synthetic_lollipop.nii.gz,/Users/kvothearcane/Personal/Coding Projects/GrowthNet/rivanna_pull/analysis/synthetic_lollipop_v1/masks/434_0_0_synthetic_lollipop.nii.gz,case-specific
434_0_0,medium,max_diameter_bbox_mm,12.0,6.0,6.0,-6.0,-0.5,107.75,106.0,/sfs/ceph/standard/gam_ai_group/people_scratch/ethan hirai/GrowthNet/analysis/synthetic_lollipop_v1/masks/434_0_0_synthetic_lollipop.nii.gz,/Users/kvothearcane/Personal/Coding Projects/GrowthNet/rivanna_pull/analysis/synthetic_lollipop_v1/masks/434_0_0_synthetic_lollipop.nii.gz,systematic/bbox-related
434_0_0,medium,bbox_volume_mm3,588.0,180.0,408.0,-408.0,-0.6938775510204082,107.75,106.0,/sfs/ceph/standard/gam_ai_group/people_scratch/ethan hirai/GrowthNet/analysis/synthetic_lollipop_v1/masks/434_0_0_synthetic_lollipop.nii.gz,/Users/kvothearcane/Personal/Coding Projects/GrowthNet/rivanna_pull/analysis/synthetic_lollipop_v1/masks/434_0_0_synthetic_lollipop.nii.gz,systematic/bbox-related
434_0_0,medium,bbox_fill_fraction,0.1785714285714285,0.5888888888888889,0.4103174603174604,0.4103174603174604,2.2977777777777795,107.75,106.0,/sfs/ceph/standard/gam_ai_group/people_scratch/ethan hirai/GrowthNet/analysis/synthetic_lollipop_v1/masks/434_0_0_synthetic_lollipop.nii.gz,/Users/kvothearcane/Personal/Coding Projects/GrowthNet/rivanna_pull/analysis/synthetic_lollipop_v1/masks/434_0_0_synthetic_lollipop.nii.gz,systematic/bbox-related
434_0_0,medium,principal_axis_length_major_mm,11.35348467199173,5.311348980539034,6.042135691452696,-6.042135691452696,-0.5321833662539072,107.75,106.0,/sfs/ceph/standard/gam_ai_group/people_scratch/ethan hirai/GrowthNet/analysis/synthetic_lollipop_v1/masks/434_0_0_synthetic_lollipop.nii.gz,/Users/kvothearcane/Personal/Coding Projects/GrowthNet/rivanna_pull/analysis/synthetic_lollipop_v1/masks/434_0_0_synthetic_lollipop.nii.gz,systematic/PCA-related
434_0_0,medium,principal_axis_length_minor1_mm,5.905219989656668,5.097775649990719,0.807444339665949,-0.807444339665949,-0.13673399823888593,107.75,106.0,/sfs/ceph/standard/gam_ai_group/people_scratch/ethan hirai/GrowthNet/analysis/synthetic_lollipop_v1/masks/434_0_0_synthetic_lollipop.nii.gz,/Users/kvothearcane/Personal/Coding Projects/GrowthNet/rivanna_pull/analysis/synthetic_lollipop_v1/masks/434_0_0_synthetic_lollipop.nii.gz,systematic/PCA-related
434_0_0,medium,principal_axis_length_minor2_mm,5.844054402244529,4.586863405366613,1.2571909968779158,-1.2571909968779158,-0.21512308242631448,107.75,106.0,/sfs/ceph/standard/gam_ai_group/people_scratch/ethan hirai/GrowthNet/analysis/synthetic_lollipop_v1/masks/434_0_0_synthetic_lollipop.nii.gz,/Users/kvothearcane/Personal/Coding Projects/GrowthNet/rivanna_pull/analysis/synthetic_lollipop_v1/masks/434_0_0_synthetic_lollipop.nii.gz,systematic/PCA-related
434_0_0,medium,flatness,0.9632153138816898,0.942207625403368,0.021007688478321795,-0.021007688478321795,-0.021809961049790928,107.75,106.0,/sfs/ceph/standard/gam_ai_group/people_scratch/ethan hirai/GrowthNet/analysis/synthetic_lollipop_v1/masks/434_0_0_synthetic_lollipop.nii.gz,/Users/kvothearcane/Personal/Coding Projects/GrowthNet/rivanna_pull/analysis/synthetic_lollipop_v1/masks/434_0_0_synthetic_lollipop.nii.gz,systematic/PCA-related
434_0_0,medium,aspect_ratio_major_to_minor2,2.648585371709339,1.2166289345941446,1.4319564371151945,-1.4319564371151945,-0.5406495302777578,107.75,106.0,/sfs/ceph/standard/gam_ai_group/people_scratch/ethan hirai/GrowthNet/analysis/synthetic_lollipop_v1/masks/434_0_0_synthetic_lollipop.nii.gz,/Users/kvothearcane/Personal/Coding Projects/GrowthNet/rivanna_pull/analysis/synthetic_lollipop_v1/masks/434_0_0_synthetic_lollipop.nii.gz,systematic/PCA-related
434_0_0,medium,elongation_legacy_major_to_minor2,2.648585371709339,1.2166289345941446,1.4319564371151945,-1.4319564371151945,-0.5406495302777578,107.75,106.0,/sfs/ceph/standard/gam_ai_group/people_scratch/ethan hirai/GrowthNet/analysis/synthetic_lollipop_v1/masks/434_0_0_synthetic_lollipop.nii.gz,/Users/kvothearcane/Personal/Coding Projects/GrowthNet/rivanna_pull/analysis/synthetic_lollipop_v1/masks/434_0_0_synthetic_lollipop.nii.gz,systematic/PCA-related
434_0_0,medium,elongation,2.551157990153463,1.1463170594609784,1.4048409306924847,-1.4048409306924847,-0.550667946130603,107.75,106.0,/sfs/ceph/standard/gam_ai_group/people_scratch/ethan hirai/GrowthNet/analysis/synthetic_lollipop_v1/masks/434_0_0_synthetic_lollipop.nii.gz,/Users/kvothearcane/Personal/Coding Projects/GrowthNet/rivanna_pull/analysis/synthetic_lollipop_v1/masks/434_0_0_synthetic_lollipop.nii.gz,systematic/PCA-related
434_0_0,medium,secondary_axis_ratio,0.3919788597411976,0.8723589967946741,0.4803801370534765,0.4803801370534765,1.2255256249549924,107.75,106.0,/sfs/ceph/standard/gam_ai_group/people_scratch/ethan hirai/GrowthNet/analysis/synthetic_lollipop_v1/masks/434_0_0_synthetic_lollipop.nii.gz,/Users/kvothearcane/Personal/Coding Projects/GrowthNet/rivanna_pull/analysis/synthetic_lollipop_v1/masks/434_0_0_synthetic_lollipop.nii.gz,systematic/PCA-related
434_0_0,medium,surface_area_mm2,164.2662353515625,111.4782257080078,52.7880096435547,-52.7880096435547,-0.3213564219730113,107.75,106.0,/sfs/ceph/standard/gam_ai_group/people_scratch/ethan hirai/GrowthNet/analysis/synthetic_lollipop_v1/masks/434_0_0_synthetic_lollipop.nii.gz,/Users/kvothearcane/Personal/Coding Projects/GrowthNet/rivanna_pull/analysis/synthetic_lollipop_v1/masks/434_0_0_synthetic_lollipop.nii.gz,feature-specific/surface-related
434_0_0,medium,sphericity,0.6552323830576205,0.9716234475796814,0.3163910645220609,0.3163910645220609,0.48286847949369094,107.75,106.0,/sfs/ceph/standard/gam_ai_group/people_scratch/ethan hirai/GrowthNet/analysis/synthetic_lollipop_v1/masks/434_0_0_synthetic_lollipop.nii.gz,/Users/kvothearcane/Personal/Coding Projects/GrowthNet/rivanna_pull/analysis/synthetic_lollipop_v1/masks/434_0_0_synthetic_lollipop.nii.gz,feature-specific/surface-related
434_0_0,medium,compactness,402.0372689795088,123.29867597524806,278.73859300426074,-278.73859300426074,-0.6933153080852005,107.75,106.0,/sfs/ceph/standard/gam_ai_group/people_scratch/ethan hirai/GrowthNet/analysis/synthetic_lollipop_v1/masks/434_0_0_synthetic_lollipop.nii.gz,/Users/kvothearcane/Personal/Coding Projects/GrowthNet/rivanna_pull/analysis/synthetic_lollipop_v1/masks/434_0_0_synthetic_lollipop.nii.gz,feature-specific/surface-related
434_0_0,medium,surface_to_volume_ratio,1.5644403366815476,1.0516813746038474,0.5127589620777002,-0.5127589620777002,-0.32775871987892613,107.75,106.0,/sfs/ceph/standard/gam_ai_group/people_scratch/ethan hirai/GrowthNet/analysis/synthetic_lollipop_v1/masks/434_0_0_synthetic_lollipop.nii.gz,/Users/kvothearcane/Personal/Coding Projects/GrowthNet/rivanna_pull/analysis/synthetic_lollipop_v1/masks/434_0_0_synthetic_lollipop.nii.gz,feature-specific/surface-related
434_0_0,medium,roughness_index,1.526176095469416,1.029205298092594,0.4969707973768218,-0.4969707973768218,-0.3256313598752608,107.75,106.0,/sfs/ceph/standard/gam_ai_group/people_scratch/ethan hirai/GrowthNet/analysis/synthetic_lollipop_v1/masks/434_0_0_synthetic_lollipop.nii.gz,/Users/kvothearcane/Personal/Coding Projects/GrowthNet/rivanna_pull/analysis/synthetic_lollipop_v1/masks/434_0_0_synthetic_lollipop.nii.gz,feature-specific/surface-related
434_0_0,medium,voxel_spacing_mm_x,1.0,1.0,0.0,0.0,0.0,107.75,106.0,/sfs/ceph/standard/gam_ai_group/people_scratch/ethan hirai/GrowthNet/analysis/synthetic_lollipop_v1/masks/434_0_0_synthetic_lollipop.nii.gz,/Users/kvothearcane/Personal/Coding Projects/GrowthNet/rivanna_pull/analysis/synthetic_lollipop_v1/masks/434_0_0_synthetic_lollipop.nii.gz,constant
434_0_0,medium,voxel_spacing_mm_y,1.0,1.0,0.0,0.0,0.0,107.75,106.0,/sfs/ceph/standard/gam_ai_group/people_scratch/ethan hirai/GrowthNet/analysis/synthetic_lollipop_v1/masks/434_0_0_synthetic_lollipop.nii.gz,/Users/kvothearcane/Personal/Coding Projects/GrowthNet/rivanna_pull/analysis/synthetic_lollipop_v1/masks/434_0_0_synthetic_lollipop.nii.gz,constant
434_0_0,medium,voxel_spacing_mm_z,1.0,1.0,0.0,0.0,0.0,107.75,106.0,/sfs/ceph/standard/gam_ai_group/people_scratch/ethan hirai/GrowthNet/analysis/synthetic_lollipop_v1/masks/434_0_0_synthetic_lollipop.nii.gz,/Users/kvothearcane/Personal/Coding Projects/GrowthNet/rivanna_pull/analysis/synthetic_lollipop_v1/masks/434_0_0_synthetic_lollipop.nii.gz,constant
434_0_0,medium,bounding_box_size_vox_x,12.0,6.0,6.0,-6.0,-0.5,107.75,106.0,/sfs/ceph/standard/gam_ai_group/people_scratch/ethan hirai/GrowthNet/analysis/synthetic_lollipop_v1/masks/434_0_0_synthetic_lollipop.nii.gz,/Users/kvothearcane/Personal/Coding Projects/GrowthNet/rivanna_pull/analysis/synthetic_lollipop_v1/masks/434_0_0_synthetic_lollipop.nii.gz,case-specific
434_0_0,medium,bounding_box_size_vox_y,7.0,6.0,1.0,-1.0,-0.14285714285714285,107.75,106.0,/sfs/ceph/standard/gam_ai_group/people_scratch/ethan hirai/GrowthNet/analysis/synthetic_lollipop_v1/masks/434_0_0_synthetic_lollipop.nii.gz,/Users/kvothearcane/Personal/Coding Projects/GrowthNet/rivanna_pull/analysis/synthetic_lollipop_v1/masks/434_0_0_synthetic_lollipop.nii.gz,case-specific
434_0_0,medium,bounding_box_size_vox_z,7.0,5.0,2.0,-2.0,-0.2857142857142857,107.75,106.0,/sfs/ceph/standard/gam_ai_group/people_scratch/ethan hirai/GrowthNet/analysis/synthetic_lollipop_v1/masks/434_0_0_synthetic_lollipop.nii.gz,/Users/kvothearcane/Personal/Coding Projects/GrowthNet/rivanna_pull/analysis/synthetic_lollipop_v1/masks/434_0_0_synthetic_lollipop.nii.gz,case-specific
434_0_0,medium,bounding_box_size_mm_x,12.0,6.0,6.0,-6.0,-0.5,107.75,106.0,/sfs/ceph/standard/gam_ai_group/people_scratch/ethan hirai/GrowthNet/analysis/synthetic_lollipop_v1/masks/434_0_0_synthetic_lollipop.nii.gz,/Users/kvothearcane/Personal/Coding Projects/GrowthNet/rivanna_pull/analysis/synthetic_lollipop_v1/masks/434_0_0_synthetic_lollipop.nii.gz,case-specific
434_0_0,medium,bounding_box_size_mm_y,7.0,6.0,1.0,-1.0,-0.14285714285714285,107.75,106.0,/sfs/ceph/standard/gam_ai_group/people_scratch/ethan hirai/GrowthNet/analysis/synthetic_lollipop_v1/masks/434_0_0_synthetic_lollipop.nii.gz,/Users/kvothearcane/Personal/Coding Projects/GrowthNet/rivanna_pull/analysis/synthetic_lollipop_v1/masks/434_0_0_synthetic_lollipop.nii.gz,case-specific
434_0_0,medium,bounding_box_size_mm_z,7.0,5.0,2.0,-2.0,-0.2857142857142857,107.75,106.0,/sfs/ceph/standard/gam_ai_group/people_scratch/ethan hirai/GrowthNet/analysis/synthetic_lollipop_v1/masks/434_0_0_synthetic_lollipop.nii.gz,/Users/kvothearcane/Personal/Coding Projects/GrowthNet/rivanna_pull/analysis/synthetic_lollipop_v1/masks/434_0_0_synthetic_lollipop.nii.gz,case-specific
434_1_160,medium,voxel_volume_mm3,1.0,1.0,0.0,0.0,0.0,270.375,278.0,/sfs/ceph/standard/gam_ai_group/people_scratch/ethan hirai/GrowthNet/analysis/synthetic_lollipop_v1/masks/434_1_160_synthetic_lollipop.nii.gz,/Users/kvothearcane/Personal/Coding Projects/GrowthNet/rivanna_pull/analysis/synthetic_lollipop_v1/masks/434_1_160_synthetic_lollipop.nii.gz,constant
434_1_160,medium,mask_voxel_count,258.0,278.0,20.0,20.0,0.07751937984496124,270.375,278.0,/sfs/ceph/standard/gam_ai_group/people_scratch/ethan hirai/GrowthNet/analysis/synthetic_lollipop_v1/masks/434_1_160_synthetic_lollipop.nii.gz,/Users/kvothearcane/Personal/Coding Projects/GrowthNet/rivanna_pull/analysis/synthetic_lollipop_v1/masks/434_1_160_synthetic_lollipop.nii.gz,case-specific
434_1_160,medium,volume_mm3,258.0,278.0,20.0,20.0,0.07751937984496124,270.375,278.0,/sfs/ceph/standard/gam_ai_group/people_scratch/ethan hirai/GrowthNet/analysis/synthetic_lollipop_v1/masks/434_1_160_synthetic_lollipop.nii.gz,/Users/kvothearcane/Personal/Coding Projects/GrowthNet/rivanna_pull/analysis/synthetic_lollipop_v1/masks/434_1_160_synthetic_lollipop.nii.gz,case-specific
434_1_160,medium,connected_component_count,1.0,1.0,0.0,0.0,0.0,270.375,278.0,/sfs/ceph/standard/gam_ai_group/people_scratch/ethan hirai/GrowthNet/analysis/synthetic_lollipop_v1/masks/434_1_160_synthetic_lollipop.nii.gz,/Users/kvothearcane/Personal/Coding Projects/GrowthNet/rivanna_pull/analysis/synthetic_lollipop_v1/masks/434_1_160_synthetic_lollipop.nii.gz,constant
434_1_160,medium,largest_component_voxel_count,258.0,278.0,20.0,20.0,0.07751937984496124,270.375,278.0,/sfs/ceph/standard/gam_ai_group/people_scratch/ethan hirai/GrowthNet/analysis/synthetic_lollipop_v1/masks/434_1_160_synthetic_lollipop.nii.gz,/Users/kvothearcane/Personal/Coding Projects/GrowthNet/rivanna_pull/analysis/synthetic_lollipop_v1/masks/434_1_160_synthetic_lollipop.nii.gz,case-specific
434_1_160,medium,largest_component_fraction,1.0,1.0,0.0,0.0,0.0,270.375,278.0,/sfs/ceph/standard/gam_ai_group/people_scratch/ethan hirai/GrowthNet/analysis/synthetic_lollipop_v1/masks/434_1_160_synthetic_lollipop.nii.gz,/Users/kvothearcane/Personal/Coding Projects/GrowthNet/rivanna_pull/analysis/synthetic_lollipop_v1/masks/434_1_160_synthetic_lollipop.nii.gz,constant
434_1_160,medium,component_volume_fraction_largest,1.0,1.0,0.0,0.0,0.0,270.375,278.0,/sfs/ceph/standard/gam_ai_group/people_scratch/ethan hirai/GrowthNet/analysis/synthetic_lollipop_v1/masks/434_1_160_synthetic_lollipop.nii.gz,/Users/kvothearcane/Personal/Coding Projects/GrowthNet/rivanna_pull/analysis/synthetic_lollipop_v1/masks/434_1_160_synthetic_lollipop.nii.gz,constant
434_1_160,medium,component_volume_fraction_second_largest,0.0,0.0,0.0,0.0,,270.375,278.0,/sfs/ceph/standard/gam_ai_group/people_scratch/ethan hirai/GrowthNet/analysis/synthetic_lollipop_v1/masks/434_1_160_synthetic_lollipop.nii.gz,/Users/kvothearcane/Personal/Coding Projects/GrowthNet/rivanna_pull/analysis/synthetic_lollipop_v1/masks/434_1_160_synthetic_lollipop.nii.gz,constant
434_1_160,medium,equivalent_sphere_diameter_mm,7.898422500875398,8.097458381330195,0.19903588045479736,0.19903588045479736,0.025199447159573677,270.375,278.0,/sfs/ceph/standard/gam_ai_group/people_scratch/ethan hirai/GrowthNet/analysis/synthetic_lollipop_v1/masks/434_1_160_synthetic_lollipop.nii.gz,/Users/kvothearcane/Personal/Coding Projects/GrowthNet/rivanna_pull/analysis/synthetic_lollipop_v1/masks/434_1_160_synthetic_lollipop.nii.gz,case-specific
434_1_160,medium,max_diameter_bbox_mm,17.0,9.0,8.0,-8.0,-0.47058823529411764,270.375,278.0,/sfs/ceph/standard/gam_ai_group/people_scratch/ethan hirai/GrowthNet/analysis/synthetic_lollipop_v1/masks/434_1_160_synthetic_lollipop.nii.gz,/Users/kvothearcane/Personal/Coding Projects/GrowthNet/rivanna_pull/analysis/synthetic_lollipop_v1/masks/434_1_160_synthetic_lollipop.nii.gz,systematic/bbox-related
434_1_160,medium,bbox_volume_mm3,1530.0,504.0,1026.0,-1026.0,-0.6705882352941176,270.375,278.0,/sfs/ceph/standard/gam_ai_group/people_scratch/ethan hirai/GrowthNet/analysis/synthetic_lollipop_v1/masks/434_1_160_synthetic_lollipop.nii.gz,/Users/kvothearcane/Personal/Coding Projects/GrowthNet/rivanna_pull/analysis/synthetic_lollipop_v1/masks/434_1_160_synthetic_lollipop.nii.gz,systematic/bbox-related
434_1_160,medium,bbox_fill_fraction,0.1686274509803921,0.5515873015873016,0.3829598506069095,0.3829598506069095,2.2710409745293476,270.375,278.0,/sfs/ceph/standard/gam_ai_group/people_scratch/ethan hirai/GrowthNet/analysis/synthetic_lollipop_v1/masks/434_1_160_synthetic_lollipop.nii.gz,/Users/kvothearcane/Personal/Coding Projects/GrowthNet/rivanna_pull/analysis/synthetic_lollipop_v1/masks/434_1_160_synthetic_lollipop.nii.gz,systematic/bbox-related
434_1_160,medium,principal_axis_length_major_mm,16.3883094995351,8.474401884049122,7.913907615485979,-7.913907615485979,-0.48289957031324543,270.375,278.0,/sfs/ceph/standard/gam_ai_group/people_scratch/ethan hirai/GrowthNet/analysis/synthetic_lollipop_v1/masks/434_1_160_synthetic_lollipop.nii.gz,/Users/kvothearcane/Personal/Coding Projects/GrowthNet/rivanna_pull/analysis/synthetic_lollipop_v1/masks/434_1_160_synthetic_lollipop.nii.gz,systematic/PCA-related
434_1_160,medium,principal_axis_length_minor1_mm,9.25734985683166,7.048634665762222,2.2087151910694374,-2.2087151910694374,-0.2385904416737009,270.375,278.0,/sfs/ceph/standard/gam_ai_group/people_scratch/ethan hirai/GrowthNet/analysis/synthetic_lollipop_v1/masks/434_1_160_synthetic_lollipop.nii.gz,/Users/kvothearcane/Personal/Coding Projects/GrowthNet/rivanna_pull/analysis/synthetic_lollipop_v1/masks/434_1_160_synthetic_lollipop.nii.gz,systematic/PCA-related
434_1_160,medium,principal_axis_length_minor2_mm,8.52681995763925,6.188186390579144,2.3386335670601053,-2.3386335670601053,-0.2742679660973613,270.375,278.0,/sfs/ceph/standard/gam_ai_group/people_scratch/ethan hirai/GrowthNet/analysis/synthetic_lollipop_v1/masks/434_1_160_synthetic_lollipop.nii.gz,/Users/kvothearcane/Personal/Coding Projects/GrowthNet/rivanna_pull/analysis/synthetic_lollipop_v1/masks/434_1_160_synthetic_lollipop.nii.gz,systematic/PCA-related
434_1_160,medium,flatness,0.9052828208451588,0.994019225156168,0.08873640431100926,0.08873640431100926,0.09802064312693602,270.375,278.0,/sfs/ceph/standard/gam_ai_group/people_scratch/ethan hirai/GrowthNet/analysis/synthetic_lollipop_v1/masks/434_1_160_synthetic_lollipop.nii.gz,/Users/kvothearcane/Personal/Coding Projects/GrowthNet/rivanna_pull/analysis/synthetic_lollipop_v1/masks/434_1_160_synthetic_lollipop.nii.gz,systematic/PCA-related
434_1_160,medium,aspect_ratio_major_to_minor2,2.6972869882707924,1.2383129619836246,1.4589740262871678,-1.4589740262871678,-0.5409042614417917,270.375,278.0,/sfs/ceph/standard/gam_ai_group/people_scratch/ethan hirai/GrowthNet/analysis/synthetic_lollipop_v1/masks/434_1_160_synthetic_lollipop.nii.gz,/Users/kvothearcane/Personal/Coding Projects/GrowthNet/rivanna_pull/analysis/synthetic_lollipop_v1/masks/434_1_160_synthetic_lollipop.nii.gz,systematic/PCA-related
434_1_160,medium,elongation_legacy_major_to_minor2,2.6972869882707924,1.2383129619836246,1.4589740262871678,-1.4589740262871678,-0.5409042614417917,270.375,278.0,/sfs/ceph/standard/gam_ai_group/people_scratch/ethan hirai/GrowthNet/analysis/synthetic_lollipop_v1/masks/434_1_160_synthetic_lollipop.nii.gz,/Users/kvothearcane/Personal/Coding Projects/GrowthNet/rivanna_pull/analysis/synthetic_lollipop_v1/masks/434_1_160_synthetic_lollipop.nii.gz,systematic/PCA-related
434_1_160,medium,elongation,2.4418075733707254,1.2309068909718022,1.2109006823989232,-1.2109006823989232,-0.49590340189148036,270.375,278.0,/sfs/ceph/standard/gam_ai_group/people_scratch/ethan hirai/GrowthNet/analysis/synthetic_lollipop_v1/masks/434_1_160_synthetic_lollipop.nii.gz,/Users/kvothearcane/Personal/Coding Projects/GrowthNet/rivanna_pull/analysis/synthetic_lollipop_v1/masks/434_1_160_synthetic_lollipop.nii.gz,systematic/PCA-related
434_1_160,medium,secondary_axis_ratio,0.4095326801774056,0.8124091329202805,0.4028764527428749,0.4028764527428749,0.983746773440285,270.375,278.0,/sfs/ceph/standard/gam_ai_group/people_scratch/ethan hirai/GrowthNet/analysis/synthetic_lollipop_v1/masks/434_1_160_synthetic_lollipop.nii.gz,/Users/kvothearcane/Personal/Coding Projects/GrowthNet/rivanna_pull/analysis/synthetic_lollipop_v1/masks/434_1_160_synthetic_lollipop.nii.gz,systematic/PCA-related
434_1_160,medium,surface_area_mm2,319.2655944824219,224.7103729248047,94.55522155761719,-94.55522155761719,-0.2961647706227337,270.375,278.0,/sfs/ceph/standard/gam_ai_group/people_scratch/ethan hirai/GrowthNet/analysis/synthetic_lollipop_v1/masks/434_1_160_synthetic_lollipop.nii.gz,/Users/kvothearcane/Personal/Coding Projects/GrowthNet/rivanna_pull/analysis/synthetic_lollipop_v1/masks/434_1_160_synthetic_lollipop.nii.gz,feature-specific/surface-related
434_1_160,medium,sphericity,0.6138729200166034,0.9166936042170548,0.3028206842004514,0.3028206842004514,0.4932953944152822,270.375,278.0,/sfs/ceph/standard/gam_ai_group/people_scratch/ethan hirai/GrowthNet/analysis/synthetic_lollipop_v1/masks/434_1_160_synthetic_lollipop.nii.gz,/Users/kvothearcane/Personal/Coding Projects/GrowthNet/rivanna_pull/analysis/synthetic_lollipop_v1/masks/434_1_160_synthetic_lollipop.nii.gz,feature-specific/surface-related
434_1_160,medium,compactness,488.896520736479,146.81815751324325,342.0783632232357,-342.0783632232357,-0.6996948203025155,270.375,278.0,/sfs/ceph/standard/gam_ai_group/people_scratch/ethan hirai/GrowthNet/analysis/synthetic_lollipop_v1/masks/434_1_160_synthetic_lollipop.nii.gz,/Users/kvothearcane/Personal/Coding Projects/GrowthNet/rivanna_pull/analysis/synthetic_lollipop_v1/masks/434_1_160_synthetic_lollipop.nii.gz,feature-specific/surface-related
434_1_160,medium,surface_to_volume_ratio,1.237463544505511,0.8083106939741176,0.4291528505313935,-0.4291528505313935,-0.3468003986354866,270.375,278.0,/sfs/ceph/standard/gam_ai_group/people_scratch/ethan hirai/GrowthNet/analysis/synthetic_lollipop_v1/masks/434_1_160_synthetic_lollipop.nii.gz,/Users/kvothearcane/Personal/Coding Projects/GrowthNet/rivanna_pull/analysis/synthetic_lollipop_v1/masks/434_1_160_synthetic_lollipop.nii.gz,feature-specific/surface-related
434_1_160,medium,roughness_index,1.629001650655893,1.0908770339399243,0.5381246167159688,-0.5381246167159688,-0.3303401297962473,270.375,278.0,/sfs/ceph/standard/gam_ai_group/people_scratch/ethan hirai/GrowthNet/analysis/synthetic_lollipop_v1/masks/434_1_160_synthetic_lollipop.nii.gz,/Users/kvothearcane/Personal/Coding Projects/GrowthNet/rivanna_pull/analysis/synthetic_lollipop_v1/masks/434_1_160_synthetic_lollipop.nii.gz,feature-specific/surface-related
434_1_160,medium,voxel_spacing_mm_x,1.0,1.0,0.0,0.0,0.0,270.375,278.0,/sfs/ceph/standard/gam_ai_group/people_scratch/ethan hirai/GrowthNet/analysis/synthetic_lollipop_v1/masks/434_1_160_synthetic_lollipop.nii.gz,/Users/kvothearcane/Personal/Coding Projects/GrowthNet/rivanna_pull/analysis/synthetic_lollipop_v1/masks/434_1_160_synthetic_lollipop.nii.gz,constant
434_1_160,medium,voxel_spacing_mm_y,1.0,1.0,0.0,0.0,0.0,270.375,278.0,/sfs/ceph/standard/gam_ai_group/people_scratch/ethan hirai/GrowthNet/analysis/synthetic_lollipop_v1/masks/434_1_160_synthetic_lollipop.nii.gz,/Users/kvothearcane/Personal/Coding Projects/GrowthNet/rivanna_pull/analysis/synthetic_lollipop_v1/masks/434_1_160_synthetic_lollipop.nii.gz,constant
434_1_160,medium,voxel_spacing_mm_z,1.0,1.0,0.0,0.0,0.0,270.375,278.0,/sfs/ceph/standard/gam_ai_group/people_scratch/ethan hirai/GrowthNet/analysis/synthetic_lollipop_v1/masks/434_1_160_synthetic_lollipop.nii.gz,/Users/kvothearcane/Personal/Coding Projects/GrowthNet/rivanna_pull/analysis/synthetic_lollipop_v1/masks/434_1_160_synthetic_lollipop.nii.gz,constant
434_1_160,medium,bounding_box_size_vox_x,17.0,9.0,8.0,-8.0,-0.47058823529411764,270.375,278.0,/sfs/ceph/standard/gam_ai_group/people_scratch/ethan hirai/GrowthNet/analysis/synthetic_lollipop_v1/masks/434_1_160_synthetic_lollipop.nii.gz,/Users/kvothearcane/Personal/Coding Projects/GrowthNet/rivanna_pull/analysis/synthetic_lollipop_v1/masks/434_1_160_synthetic_lollipop.nii.gz,case-specific
434_1_160,medium,bounding_box_size_vox_y,10.0,7.0,3.0,-3.0,-0.3,270.375,278.0,/sfs/ceph/standard/gam_ai_group/people_scratch/ethan hirai/GrowthNet/analysis/synthetic_lollipop_v1/masks/434_1_160_synthetic_lollipop.nii.gz,/Users/kvothearcane/Personal/Coding Projects/GrowthNet/rivanna_pull/analysis/synthetic_lollipop_v1/masks/434_1_160_synthetic_lollipop.nii.gz,case-specific
434_1_160,medium,bounding_box_size_vox_z,9.0,8.0,1.0,-1.0,-0.1111111111111111,270.375,278.0,/sfs/ceph/standard/gam_ai_group/people_scratch/ethan hirai/GrowthNet/analysis/synthetic_lollipop_v1/masks/434_1_160_synthetic_lollipop.nii.gz,/Users/kvothearcane/Personal/Coding Projects/GrowthNet/rivanna_pull/analysis/synthetic_lollipop_v1/masks/434_1_160_synthetic_lollipop.nii.gz,case-specific
434_1_160,medium,bounding_box_size_mm_x,17.0,9.0,8.0,-8.0,-0.47058823529411764,270.375,278.0,/sfs/ceph/standard/gam_ai_group/people_scratch/ethan hirai/GrowthNet/analysis/synthetic_lollipop_v1/masks/434_1_160_synthetic_lollipop.nii.gz,/Users/kvothearcane/Personal/Coding Projects/GrowthNet/rivanna_pull/analysis/synthetic_lollipop_v1/masks/434_1_160_synthetic_lollipop.nii.gz,case-specific
434_1_160,medium,bounding_box_size_mm_y,10.0,7.0,3.0,-3.0,-0.3,270.375,278.0,/sfs/ceph/standard/gam_ai_group/people_scratch/ethan hirai/GrowthNet/analysis/synthetic_lollipop_v1/masks/434_1_160_synthetic_lollipop.nii.gz,/Users/kvothearcane/Personal/Coding Projects/GrowthNet/rivanna_pull/analysis/synthetic_lollipop_v1/masks/434_1_160_synthetic_lollipop.nii.gz,case-specific
434_1_160,medium,bounding_box_size_mm_z,9.0,8.0,1.0,-1.0,-0.1111111111111111,270.375,278.0,/sfs/ceph/standard/gam_ai_group/people_scratch/ethan hirai/GrowthNet/analysis/synthetic_lollipop_v1/masks/434_1_160_synthetic_lollipop.nii.gz,/Users/kvothearcane/Personal/Coding Projects/GrowthNet/rivanna_pull/analysis/synthetic_lollipop_v1/masks/434_1_160_synthetic_lollipop.nii.gz,case-specific
439_0_0,small,voxel_volume_mm3,1.0,1.0,0.0,0.0,0.0,7.75,8.0,/sfs/ceph/standard/gam_ai_group/people_scratch/ethan hirai/GrowthNet/analysis/synthetic_lollipop_v1/masks/439_0_0_synthetic_lollipop.nii.gz,/Users/kvothearcane/Personal/Coding Projects/GrowthNet/rivanna_pull/analysis/synthetic_lollipop_v1/masks/439_0_0_synthetic_lollipop.nii.gz,constant
439_0_0,small,mask_voxel_count,42.0,8.0,34.0,-34.0,-0.8095238095238095,7.75,8.0,/sfs/ceph/standard/gam_ai_group/people_scratch/ethan hirai/GrowthNet/analysis/synthetic_lollipop_v1/masks/439_0_0_synthetic_lollipop.nii.gz,/Users/kvothearcane/Personal/Coding Projects/GrowthNet/rivanna_pull/analysis/synthetic_lollipop_v1/masks/439_0_0_synthetic_lollipop.nii.gz,case-specific
439_0_0,small,volume_mm3,42.0,8.0,34.0,-34.0,-0.8095238095238095,7.75,8.0,/sfs/ceph/standard/gam_ai_group/people_scratch/ethan hirai/GrowthNet/analysis/synthetic_lollipop_v1/masks/439_0_0_synthetic_lollipop.nii.gz,/Users/kvothearcane/Personal/Coding Projects/GrowthNet/rivanna_pull/analysis/synthetic_lollipop_v1/masks/439_0_0_synthetic_lollipop.nii.gz,case-specific
439_0_0,small,connected_component_count,1.0,1.0,0.0,0.0,0.0,7.75,8.0,/sfs/ceph/standard/gam_ai_group/people_scratch/ethan hirai/GrowthNet/analysis/synthetic_lollipop_v1/masks/439_0_0_synthetic_lollipop.nii.gz,/Users/kvothearcane/Personal/Coding Projects/GrowthNet/rivanna_pull/analysis/synthetic_lollipop_v1/masks/439_0_0_synthetic_lollipop.nii.gz,constant
439_0_0,small,largest_component_voxel_count,42.0,8.0,34.0,-34.0,-0.8095238095238095,7.75,8.0,/sfs/ceph/standard/gam_ai_group/people_scratch/ethan hirai/GrowthNet/analysis/synthetic_lollipop_v1/masks/439_0_0_synthetic_lollipop.nii.gz,/Users/kvothearcane/Personal/Coding Projects/GrowthNet/rivanna_pull/analysis/synthetic_lollipop_v1/masks/439_0_0_synthetic_lollipop.nii.gz,case-specific
439_0_0,small,largest_component_fraction,1.0,1.0,0.0,0.0,0.0,7.75,8.0,/sfs/ceph/standard/gam_ai_group/people_scratch/ethan hirai/GrowthNet/analysis/synthetic_lollipop_v1/masks/439_0_0_synthetic_lollipop.nii.gz,/Users/kvothearcane/Personal/Coding Projects/GrowthNet/rivanna_pull/analysis/synthetic_lollipop_v1/masks/439_0_0_synthetic_lollipop.nii.gz,constant
439_0_0,small,component_volume_fraction_largest,1.0,1.0,0.0,0.0,0.0,7.75,8.0,/sfs/ceph/standard/gam_ai_group/people_scratch/ethan hirai/GrowthNet/analysis/synthetic_lollipop_v1/masks/439_0_0_synthetic_lollipop.nii.gz,/Users/kvothearcane/Personal/Coding Projects/GrowthNet/rivanna_pull/analysis/synthetic_lollipop_v1/masks/439_0_0_synthetic_lollipop.nii.gz,constant
439_0_0,small,component_volume_fraction_second_largest,0.0,0.0,0.0,0.0,,7.75,8.0,/sfs/ceph/standard/gam_ai_group/people_scratch/ethan hirai/GrowthNet/analysis/synthetic_lollipop_v1/masks/439_0_0_synthetic_lollipop.nii.gz,/Users/kvothearcane/Personal/Coding Projects/GrowthNet/rivanna_pull/analysis/synthetic_lollipop_v1/masks/439_0_0_synthetic_lollipop.nii.gz,constant
439_0_0,small,equivalent_sphere_diameter_mm,4.312709671069407,2.4814019635976,1.8313077074718072,-1.8313077074718072,-0.424630417335212,7.75,8.0,/sfs/ceph/standard/gam_ai_group/people_scratch/ethan hirai/GrowthNet/analysis/synthetic_lollipop_v1/masks/439_0_0_synthetic_lollipop.nii.gz,/Users/kvothearcane/Personal/Coding Projects/GrowthNet/rivanna_pull/analysis/synthetic_lollipop_v1/masks/439_0_0_synthetic_lollipop.nii.gz,case-specific
439_0_0,small,max_diameter_bbox_mm,7.0,3.0,4.0,-4.0,-0.5714285714285714,7.75,8.0,/sfs/ceph/standard/gam_ai_group/people_scratch/ethan hirai/GrowthNet/analysis/synthetic_lollipop_v1/masks/439_0_0_synthetic_lollipop.nii.gz,/Users/kvothearcane/Personal/Coding Projects/GrowthNet/rivanna_pull/analysis/synthetic_lollipop_v1/masks/439_0_0_synthetic_lollipop.nii.gz,systematic/bbox-related
439_0_0,small,bbox_volume_mm3,140.0,27.0,113.0,-113.0,-0.8071428571428572,7.75,8.0,/sfs/ceph/standard/gam_ai_group/people_scratch/ethan hirai/GrowthNet/analysis/synthetic_lollipop_v1/masks/439_0_0_synthetic_lollipop.nii.gz,/Users/kvothearcane/Personal/Coding Projects/GrowthNet/rivanna_pull/analysis/synthetic_lollipop_v1/masks/439_0_0_synthetic_lollipop.nii.gz,systematic/bbox-related
439_0_0,small,bbox_fill_fraction,0.3,0.2962962962962963,0.003703703703703709,-0.003703703703703709,-0.012345679012345697,7.75,8.0,/sfs/ceph/standard/gam_ai_group/people_scratch/ethan hirai/GrowthNet/analysis/synthetic_lollipop_v1/masks/439_0_0_synthetic_lollipop.nii.gz,/Users/kvothearcane/Personal/Coding Projects/GrowthNet/rivanna_pull/analysis/synthetic_lollipop_v1/masks/439_0_0_synthetic_lollipop.nii.gz,systematic/bbox-related
439_0_0,small,principal_axis_length_major_mm,7.140923578072661,2.1213203435596424,5.019603234513019,-5.019603234513019,-0.7029347366111727,7.75,8.0,/sfs/ceph/standard/gam_ai_group/people_scratch/ethan hirai/GrowthNet/analysis/synthetic_lollipop_v1/masks/439_0_0_synthetic_lollipop.nii.gz,/Users/kvothearcane/Personal/Coding Projects/GrowthNet/rivanna_pull/analysis/synthetic_lollipop_v1/masks/439_0_0_synthetic_lollipop.nii.gz,systematic/PCA-related
439_0_0,small,principal_axis_length_minor1_mm,3.2968704630084704,2.0,1.2968704630084704,-1.2968704630084704,-0.393364094088503,7.75,8.0,/sfs/ceph/standard/gam_ai_group/people_scratch/ethan hirai/GrowthNet/analysis/synthetic_lollipop_v1/masks/439_0_0_synthetic_lollipop.nii.gz,/Users/kvothearcane/Personal/Coding Projects/GrowthNet/rivanna_pull/analysis/synthetic_lollipop_v1/masks/439_0_0_synthetic_lollipop.nii.gz,systematic/PCA-related
439_0_0,small,principal_axis_length_minor2_mm,3.0240039456201027,1.414213562373095,1.6097903832470077,-1.6097903832470077,-0.5323373951209921,7.75,8.0,/sfs/ceph/standard/gam_ai_group/people_scratch/ethan hirai/GrowthNet/analysis/synthetic_lollipop_v1/masks/439_0_0_synthetic_lollipop.nii.gz,/Users/kvothearcane/Personal/Coding Projects/GrowthNet/rivanna_pull/analysis/synthetic_lollipop_v1/masks/439_0_0_synthetic_lollipop.nii.gz,systematic/PCA-related
439_0_0,small,flatness,0.9602988820541508,1.0,0.039701117945849185,0.039701117945849185,0.04134245981930702,7.75,8.0,/sfs/ceph/standard/gam_ai_group/people_scratch/ethan hirai/GrowthNet/analysis/synthetic_lollipop_v1/masks/439_0_0_synthetic_lollipop.nii.gz,/Users/kvothearcane/Personal/Coding Projects/GrowthNet/rivanna_pull/analysis/synthetic_lollipop_v1/masks/439_0_0_synthetic_lollipop.nii.gz,systematic/PCA-related
439_0_0,small,aspect_ratio_major_to_minor2,2.6299514343311476,1.3693063937629153,1.2606450405682323,-1.2606450405682323,-0.4793415665825179,7.75,8.0,/sfs/ceph/standard/gam_ai_group/people_scratch/ethan hirai/GrowthNet/analysis/synthetic_lollipop_v1/masks/439_0_0_synthetic_lollipop.nii.gz,/Users/kvothearcane/Personal/Coding Projects/GrowthNet/rivanna_pull/analysis/synthetic_lollipop_v1/masks/439_0_0_synthetic_lollipop.nii.gz,systematic/PCA-related
439_0_0,small,elongation_legacy_major_to_minor2,2.6299514343311476,1.3693063937629153,1.2606450405682323,-1.2606450405682323,-0.4793415665825179,7.75,8.0,/sfs/ceph/standard/gam_ai_group/people_scratch/ethan hirai/GrowthNet/analysis/synthetic_lollipop_v1/masks/439_0_0_synthetic_lollipop.nii.gz,/Users/kvothearcane/Personal/Coding Projects/GrowthNet/rivanna_pull/analysis/synthetic_lollipop_v1/masks/439_0_0_synthetic_lollipop.nii.gz,systematic/PCA-related
439_0_0,small,elongation,2.5255394222449117,1.3693063937629153,1.1562330284819964,-1.1562330284819964,-0.4578162662193724,7.75,8.0,/sfs/ceph/standard/gam_ai_group/people_scratch/ethan hirai/GrowthNet/analysis/synthetic_lollipop_v1/masks/439_0_0_synthetic_lollipop.nii.gz,/Users/kvothearcane/Personal/Coding Projects/GrowthNet/rivanna_pull/analysis/synthetic_lollipop_v1/masks/439_0_0_synthetic_lollipop.nii.gz,systematic/PCA-related
439_0_0,small,secondary_axis_ratio,0.395955015072034,0.7302967433402215,0.33434172826818753,0.33434172826818753,0.8443932152428035,7.75,8.0,/sfs/ceph/standard/gam_ai_group/people_scratch/ethan hirai/GrowthNet/analysis/synthetic_lollipop_v1/masks/439_0_0_synthetic_lollipop.nii.gz,/Users/kvothearcane/Personal/Coding Projects/GrowthNet/rivanna_pull/analysis/synthetic_lollipop_v1/masks/439_0_0_synthetic_lollipop.nii.gz,systematic/PCA-related
439_0_0,small,surface_area_mm2,73.19085693359375,17.68483543395996,55.50602149963379,-55.50602149963379,-0.7583737071147363,7.75,8.0,/sfs/ceph/standard/gam_ai_group/people_scratch/ethan hirai/GrowthNet/analysis/synthetic_lollipop_v1/masks/439_0_0_synthetic_lollipop.nii.gz,/Users/kvothearcane/Personal/Coding Projects/GrowthNet/rivanna_pull/analysis/synthetic_lollipop_v1/masks/439_0_0_synthetic_lollipop.nii.gz,feature-specific/surface-related
439_0_0,small,sphericity,0.798350287618943,1.09381303096843,0.29546274334948697,0.29546274334948697,0.3700916100759432,7.75,8.0,/sfs/ceph/standard/gam_ai_group/people_scratch/ethan hirai/GrowthNet/analysis/synthetic_lollipop_v1/masks/439_0_0_synthetic_lollipop.nii.gz,/Users/kvothearcane/Personal/Coding Projects/GrowthNet/rivanna_pull/analysis/synthetic_lollipop_v1/masks/439_0_0_synthetic_lollipop.nii.gz,feature-specific/surface-related
439_0_0,small,compactness,222.26542750817543,86.42175760813122,135.84366990004423,-135.84366990004423,-0.6111776870698777,7.75,8.0,/sfs/ceph/standard/gam_ai_group/people_scratch/ethan hirai/GrowthNet/analysis/synthetic_lollipop_v1/masks/439_0_0_synthetic_lollipop.nii.gz,/Users/kvothearcane/Personal/Coding Projects/GrowthNet/rivanna_pull/analysis/synthetic_lollipop_v1/masks/439_0_0_synthetic_lollipop.nii.gz,feature-specific/surface-related
439_0_0,small,surface_to_volume_ratio,1.7426394507998513,2.210604429244995,0.46796497844514384,0.46796497844514384,0.2685380376476347,7.75,8.0,/sfs/ceph/standard/gam_ai_group/people_scratch/ethan hirai/GrowthNet/analysis/synthetic_lollipop_v1/masks/439_0_0_synthetic_lollipop.nii.gz,/Users/kvothearcane/Personal/Coding Projects/GrowthNet/rivanna_pull/analysis/synthetic_lollipop_v1/masks/439_0_0_synthetic_lollipop.nii.gz,feature-specific/surface-related
439_0_0,small,roughness_index,1.2525830021086002,0.9142330285776804,0.3383499735309198,-0.3383499735309198,-0.27012179868427155,7.75,8.0,/sfs/ceph/standard/gam_ai_group/people_scratch/ethan hirai/GrowthNet/analysis/synthetic_lollipop_v1/masks/439_0_0_synthetic_lollipop.nii.gz,/Users/kvothearcane/Personal/Coding Projects/GrowthNet/rivanna_pull/analysis/synthetic_lollipop_v1/masks/439_0_0_synthetic_lollipop.nii.gz,feature-specific/surface-related
439_0_0,small,voxel_spacing_mm_x,1.0,1.0,0.0,0.0,0.0,7.75,8.0,/sfs/ceph/standard/gam_ai_group/people_scratch/ethan hirai/GrowthNet/analysis/synthetic_lollipop_v1/masks/439_0_0_synthetic_lollipop.nii.gz,/Users/kvothearcane/Personal/Coding Projects/GrowthNet/rivanna_pull/analysis/synthetic_lollipop_v1/masks/439_0_0_synthetic_lollipop.nii.gz,constant
439_0_0,small,voxel_spacing_mm_y,1.0,1.0,0.0,0.0,0.0,7.75,8.0,/sfs/ceph/standard/gam_ai_group/people_scratch/ethan hirai/GrowthNet/analysis/synthetic_lollipop_v1/masks/439_0_0_synthetic_lollipop.nii.gz,/Users/kvothearcane/Personal/Coding Projects/GrowthNet/rivanna_pull/analysis/synthetic_lollipop_v1/masks/439_0_0_synthetic_lollipop.nii.gz,constant
439_0_0,small,voxel_spacing_mm_z,1.0,1.0,0.0,0.0,0.0,7.75,8.0,/sfs/ceph/standard/gam_ai_group/people_scratch/ethan hirai/GrowthNet/analysis/synthetic_lollipop_v1/masks/439_0_0_synthetic_lollipop.nii.gz,/Users/kvothearcane/Personal/Coding Projects/GrowthNet/rivanna_pull/analysis/synthetic_lollipop_v1/masks/439_0_0_synthetic_lollipop.nii.gz,constant
439_0_0,small,bounding_box_size_vox_x,4.0,3.0,1.0,-1.0,-0.25,7.75,8.0,/sfs/ceph/standard/gam_ai_group/people_scratch/ethan hirai/GrowthNet/analysis/synthetic_lollipop_v1/masks/439_0_0_synthetic_lollipop.nii.gz,/Users/kvothearcane/Personal/Coding Projects/GrowthNet/rivanna_pull/analysis/synthetic_lollipop_v1/masks/439_0_0_synthetic_lollipop.nii.gz,case-specific
439_0_0,small,bounding_box_size_vox_y,7.0,3.0,4.0,-4.0,-0.5714285714285714,7.75,8.0,/sfs/ceph/standard/gam_ai_group/people_scratch/ethan hirai/GrowthNet/analysis/synthetic_lollipop_v1/masks/439_0_0_synthetic_lollipop.nii.gz,/Users/kvothearcane/Personal/Coding Projects/GrowthNet/rivanna_pull/analysis/synthetic_lollipop_v1/masks/439_0_0_synthetic_lollipop.nii.gz,case-specific
439_0_0,small,bounding_box_size_vox_z,5.0,3.0,2.0,-2.0,-0.4,7.75,8.0,/sfs/ceph/standard/gam_ai_group/people_scratch/ethan hirai/GrowthNet/analysis/synthetic_lollipop_v1/masks/439_0_0_synthetic_lollipop.nii.gz,/Users/kvothearcane/Personal/Coding Projects/GrowthNet/rivanna_pull/analysis/synthetic_lollipop_v1/masks/439_0_0_synthetic_lollipop.nii.gz,case-specific
439_0_0,small,bounding_box_size_mm_x,4.0,3.0,1.0,-1.0,-0.25,7.75,8.0,/sfs/ceph/standard/gam_ai_group/people_scratch/ethan hirai/GrowthNet/analysis/synthetic_lollipop_v1/masks/439_0_0_synthetic_lollipop.nii.gz,/Users/kvothearcane/Personal/Coding Projects/GrowthNet/rivanna_pull/analysis/synthetic_lollipop_v1/masks/439_0_0_synthetic_lollipop.nii.gz,case-specific
439_0_0,small,bounding_box_size_mm_y,7.0,3.0,4.0,-4.0,-0.5714285714285714,7.75,8.0,/sfs/ceph/standard/gam_ai_group/people_scratch/ethan hirai/GrowthNet/analysis/synthetic_lollipop_v1/masks/439_0_0_synthetic_lollipop.nii.gz,/Users/kvothearcane/Personal/Coding Projects/GrowthNet/rivanna_pull/analysis/synthetic_lollipop_v1/masks/439_0_0_synthetic_lollipop.nii.gz,case-specific
439_0_0,small,bounding_box_size_mm_z,5.0,3.0,2.0,-2.0,-0.4,7.75,8.0,/sfs/ceph/standard/gam_ai_group/people_scratch/ethan hirai/GrowthNet/analysis/synthetic_lollipop_v1/masks/439_0_0_synthetic_lollipop.nii.gz,/Users/kvothearcane/Personal/Coding Projects/GrowthNet/rivanna_pull/analysis/synthetic_lollipop_v1/masks/439_0_0_synthetic_lollipop.nii.gz,case-specific
492_1_391,small,voxel_volume_mm3,1.0,1.0,0.0,0.0,0.0,8.5,9.0,/sfs/ceph/standard/gam_ai_group/people_scratch/ethan hirai/GrowthNet/analysis/synthetic_lollipop_v1/masks/492_1_391_synthetic_lollipop.nii.gz,/Users/kvothearcane/Personal/Coding Projects/GrowthNet/rivanna_pull/analysis/synthetic_lollipop_v1/masks/492_1_391_synthetic_lollipop.nii.gz,constant
492_1_391,small,mask_voxel_count,44.0,9.0,35.0,-35.0,-0.7954545454545454,8.5,9.0,/sfs/ceph/standard/gam_ai_group/people_scratch/ethan hirai/GrowthNet/analysis/synthetic_lollipop_v1/masks/492_1_391_synthetic_lollipop.nii.gz,/Users/kvothearcane/Personal/Coding Projects/GrowthNet/rivanna_pull/analysis/synthetic_lollipop_v1/masks/492_1_391_synthetic_lollipop.nii.gz,case-specific
492_1_391,small,volume_mm3,44.0,9.0,35.0,-35.0,-0.7954545454545454,8.5,9.0,/sfs/ceph/standard/gam_ai_group/people_scratch/ethan hirai/GrowthNet/analysis/synthetic_lollipop_v1/masks/492_1_391_synthetic_lollipop.nii.gz,/Users/kvothearcane/Personal/Coding Projects/GrowthNet/rivanna_pull/analysis/synthetic_lollipop_v1/masks/492_1_391_synthetic_lollipop.nii.gz,case-specific
492_1_391,small,connected_component_count,1.0,1.0,0.0,0.0,0.0,8.5,9.0,/sfs/ceph/standard/gam_ai_group/people_scratch/ethan hirai/GrowthNet/analysis/synthetic_lollipop_v1/masks/492_1_391_synthetic_lollipop.nii.gz,/Users/kvothearcane/Personal/Coding Projects/GrowthNet/rivanna_pull/analysis/synthetic_lollipop_v1/masks/492_1_391_synthetic_lollipop.nii.gz,constant
492_1_391,small,largest_component_voxel_count,44.0,9.0,35.0,-35.0,-0.7954545454545454,8.5,9.0,/sfs/ceph/standard/gam_ai_group/people_scratch/ethan hirai/GrowthNet/analysis/synthetic_lollipop_v1/masks/492_1_391_synthetic_lollipop.nii.gz,/Users/kvothearcane/Personal/Coding Projects/GrowthNet/rivanna_pull/analysis/synthetic_lollipop_v1/masks/492_1_391_synthetic_lollipop.nii.gz,case-specific
492_1_391,small,largest_component_fraction,1.0,1.0,0.0,0.0,0.0,8.5,9.0,/sfs/ceph/standard/gam_ai_group/people_scratch/ethan hirai/GrowthNet/analysis/synthetic_lollipop_v1/masks/492_1_391_synthetic_lollipop.nii.gz,/Users/kvothearcane/Personal/Coding Projects/GrowthNet/rivanna_pull/analysis/synthetic_lollipop_v1/masks/492_1_391_synthetic_lollipop.nii.gz,constant
492_1_391,small,component_volume_fraction_largest,1.0,1.0,0.0,0.0,0.0,8.5,9.0,/sfs/ceph/standard/gam_ai_group/people_scratch/ethan hirai/GrowthNet/analysis/synthetic_lollipop_v1/masks/492_1_391_synthetic_lollipop.nii.gz,/Users/kvothearcane/Personal/Coding Projects/GrowthNet/rivanna_pull/analysis/synthetic_lollipop_v1/masks/492_1_391_synthetic_lollipop.nii.gz,constant
492_1_391,small,component_volume_fraction_second_largest,0.0,0.0,0.0,0.0,,8.5,9.0,/sfs/ceph/standard/gam_ai_group/people_scratch/ethan hirai/GrowthNet/analysis/synthetic_lollipop_v1/masks/492_1_391_synthetic_lollipop.nii.gz,/Users/kvothearcane/Personal/Coding Projects/GrowthNet/rivanna_pull/analysis/synthetic_lollipop_v1/masks/492_1_391_synthetic_lollipop.nii.gz,constant
492_1_391,small,equivalent_sphere_diameter_mm,4.380106645730805,2.5807620414842987,1.7993446042465067,-1.7993446042465067,-0.41079926809551287,8.5,9.0,/sfs/ceph/standard/gam_ai_group/people_scratch/ethan hirai/GrowthNet/analysis/synthetic_lollipop_v1/masks/492_1_391_synthetic_lollipop.nii.gz,/Users/kvothearcane/Personal/Coding Projects/GrowthNet/rivanna_pull/analysis/synthetic_lollipop_v1/masks/492_1_391_synthetic_lollipop.nii.gz,case-specific
492_1_391,small,max_diameter_bbox_mm,7.0,3.0,4.0,-4.0,-0.5714285714285714,8.5,9.0,/sfs/ceph/standard/gam_ai_group/people_scratch/ethan hirai/GrowthNet/analysis/synthetic_lollipop_v1/masks/492_1_391_synthetic_lollipop.nii.gz,/Users/kvothearcane/Personal/Coding Projects/GrowthNet/rivanna_pull/analysis/synthetic_lollipop_v1/masks/492_1_391_synthetic_lollipop.nii.gz,systematic/bbox-related
492_1_391,small,bbox_volume_mm3,140.0,27.0,113.0,-113.0,-0.8071428571428572,8.5,9.0,/sfs/ceph/standard/gam_ai_group/people_scratch/ethan hirai/GrowthNet/analysis/synthetic_lollipop_v1/masks/492_1_391_synthetic_lollipop.nii.gz,/Users/kvothearcane/Personal/Coding Projects/GrowthNet/rivanna_pull/analysis/synthetic_lollipop_v1/masks/492_1_391_synthetic_lollipop.nii.gz,systematic/bbox-related
492_1_391,small,bbox_fill_fraction,0.3142857142857143,0.3333333333333333,0.019047619047619035,0.019047619047619035,0.060606060606060566,8.5,9.0,/sfs/ceph/standard/gam_ai_group/people_scratch/ethan hirai/GrowthNet/analysis/synthetic_lollipop_v1/masks/492_1_391_synthetic_lollipop.nii.gz,/Users/kvothearcane/Personal/Coding Projects/GrowthNet/rivanna_pull/analysis/synthetic_lollipop_v1/masks/492_1_391_synthetic_lollipop.nii.gz,systematic/bbox-related
492_1_391,small,principal_axis_length_major_mm,6.953863623582476,2.0412414523193148,4.912622171263161,-4.912622171263161,-0.7064593781510324,8.5,9.0,/sfs/ceph/standard/gam_ai_group/people_scratch/ethan hirai/GrowthNet/analysis/synthetic_lollipop_v1/masks/492_1_391_synthetic_lollipop.nii.gz,/Users/kvothearcane/Personal/Coding Projects/GrowthNet/rivanna_pull/analysis/synthetic_lollipop_v1/masks/492_1_391_synthetic_lollipop.nii.gz,systematic/PCA-related
492_1_391,small,principal_axis_length_minor1_mm,3.136944159482032,1.4142135623730947,1.7227305971089375,-1.7227305971089375,-0.5491747731312477,8.5,9.0,/sfs/ceph/standard/gam_ai_group/people_scratch/ethan hirai/GrowthNet/analysis/synthetic_lollipop_v1/masks/492_1_391_synthetic_lollipop.nii.gz,/Users/kvothearcane/Personal/Coding Projects/GrowthNet/rivanna_pull/analysis/synthetic_lollipop_v1/masks/492_1_391_synthetic_lollipop.nii.gz,systematic/PCA-related
492_1_391,small,principal_axis_length_minor2_mm,2.691178595440375,1.1547005383792512,1.5364780570611238,-1.5364780570611238,-0.5709312862640764,8.5,9.0,/sfs/ceph/standard/gam_ai_group/people_scratch/ethan hirai/GrowthNet/analysis/synthetic_lollipop_v1/masks/492_1_391_synthetic_lollipop.nii.gz,/Users/kvothearcane/Personal/Coding Projects/GrowthNet/rivanna_pull/analysis/synthetic_lollipop_v1/masks/492_1_391_synthetic_lollipop.nii.gz,systematic/PCA-related
492_1_391,small,flatness,0.8665464779821632,0.8164965809277259,0.0500498970544373,-0.0500498970544373,-0.057757891037747096,8.5,9.0,/sfs/ceph/standard/gam_ai_group/people_scratch/ethan hirai/GrowthNet/analysis/synthetic_lollipop_v1/masks/492_1_391_synthetic_lollipop.nii.gz,/Users/kvothearcane/Personal/Coding Projects/GrowthNet/rivanna_pull/analysis/synthetic_lollipop_v1/masks/492_1_391_synthetic_lollipop.nii.gz,systematic/PCA-related
492_1_391,small,aspect_ratio_major_to_minor2,2.821069154194724,1.4719601443879744,1.3491090098067497,-1.3491090098067497,-0.47822613912201445,8.5,9.0,/sfs/ceph/standard/gam_ai_group/people_scratch/ethan hirai/GrowthNet/analysis/synthetic_lollipop_v1/masks/492_1_391_synthetic_lollipop.nii.gz,/Users/kvothearcane/Personal/Coding Projects/GrowthNet/rivanna_pull/analysis/synthetic_lollipop_v1/masks/492_1_391_synthetic_lollipop.nii.gz,systematic/PCA-related
492_1_391,small,elongation_legacy_major_to_minor2,2.821069154194724,1.4719601443879744,1.3491090098067497,-1.3491090098067497,-0.47822613912201445,8.5,9.0,/sfs/ceph/standard/gam_ai_group/people_scratch/ethan hirai/GrowthNet/analysis/synthetic_lollipop_v1/masks/492_1_391_synthetic_lollipop.nii.gz,/Users/kvothearcane/Personal/Coding Projects/GrowthNet/rivanna_pull/analysis/synthetic_lollipop_v1/masks/492_1_391_synthetic_lollipop.nii.gz,systematic/PCA-related
492_1_391,small,elongation,2.444587539711558,1.201850425154663,1.242737114556895,-1.242737114556895,-0.5083626969249496,8.5,9.0,/sfs/ceph/standard/gam_ai_group/people_scratch/ethan hirai/GrowthNet/analysis/synthetic_lollipop_v1/masks/492_1_391_synthetic_lollipop.nii.gz,/Users/kvothearcane/Personal/Coding Projects/GrowthNet/rivanna_pull/analysis/synthetic_lollipop_v1/masks/492_1_391_synthetic_lollipop.nii.gz,systematic/PCA-related
492_1_391,small,secondary_axis_ratio,0.4090669627310593,0.8320502943378438,0.42298333160678453,0.42298333160678453,1.0340197819516277,8.5,9.0,/sfs/ceph/standard/gam_ai_group/people_scratch/ethan hirai/GrowthNet/analysis/synthetic_lollipop_v1/masks/492_1_391_synthetic_lollipop.nii.gz,/Users/kvothearcane/Personal/Coding Projects/GrowthNet/rivanna_pull/analysis/synthetic_lollipop_v1/masks/492_1_391_synthetic_lollipop.nii.gz,systematic/PCA-related
492_1_391,small,surface_area_mm2,72.88397216796875,19.440126419067383,53.44384574890137,-53.44384574890137,-0.7332729564428023,8.5,9.0,/sfs/ceph/standard/gam_ai_group/people_scratch/ethan hirai/GrowthNet/analysis/synthetic_lollipop_v1/masks/492_1_391_synthetic_lollipop.nii.gz,/Users/kvothearcane/Personal/Coding Projects/GrowthNet/rivanna_pull/analysis/synthetic_lollipop_v1/masks/492_1_391_synthetic_lollipop.nii.gz,feature-specific/surface-related
492_1_391,small,sphericity,0.8269651512456988,1.0763331408508956,0.2493679896051968,0.2493679896051968,0.3015459469235933,8.5,9.0,/sfs/ceph/standard/gam_ai_group/people_scratch/ethan hirai/GrowthNet/analysis/synthetic_lollipop_v1/masks/492_1_391_synthetic_lollipop.nii.gz,/Users/kvothearcane/Personal/Coding Projects/GrowthNet/rivanna_pull/analysis/synthetic_lollipop_v1/masks/492_1_391_synthetic_lollipop.nii.gz,feature-specific/surface-related
492_1_391,small,compactness,199.9819265317955,90.70103347390923,109.28089305788626,-109.28089305788626,-0.5464538468705645,8.5,9.0,/sfs/ceph/standard/gam_ai_group/people_scratch/ethan hirai/GrowthNet/analysis/synthetic_lollipop_v1/masks/492_1_391_synthetic_lollipop.nii.gz,/Users/kvothearcane/Personal/Coding Projects/GrowthNet/rivanna_pull/analysis/synthetic_lollipop_v1/masks/492_1_391_synthetic_lollipop.nii.gz,feature-specific/surface-related
492_1_391,small,surface_to_volume_ratio,1.6564539129083806,2.160014046563042,0.5035601336546616,0.5035601336546616,0.3039988796129662,8.5,9.0,/sfs/ceph/standard/gam_ai_group/people_scratch/ethan hirai/GrowthNet/analysis/synthetic_lollipop_v1/masks/492_1_391_synthetic_lollipop.nii.gz,/Users/kvothearcane/Personal/Coding Projects/GrowthNet/rivanna_pull/analysis/synthetic_lollipop_v1/masks/492_1_391_synthetic_lollipop.nii.gz,feature-specific/surface-related
492_1_391,small,roughness_index,1.2092407987127998,0.9290803767404668,0.28016042197233293,-0.28016042197233293,-0.23168290572940908,8.5,9.0,/sfs/ceph/standard/gam_ai_group/people_scratch/ethan hirai/GrowthNet/analysis/synthetic_lollipop_v1/masks/492_1_391_synthetic_lollipop.nii.gz,/Users/kvothearcane/Personal/Coding Projects/GrowthNet/rivanna_pull/analysis/synthetic_lollipop_v1/masks/492_1_391_synthetic_lollipop.nii.gz,feature-specific/surface-related
492_1_391,small,voxel_spacing_mm_x,1.0,1.0,0.0,0.0,0.0,8.5,9.0,/sfs/ceph/standard/gam_ai_group/people_scratch/ethan hirai/GrowthNet/analysis/synthetic_lollipop_v1/masks/492_1_391_synthetic_lollipop.nii.gz,/Users/kvothearcane/Personal/Coding Projects/GrowthNet/rivanna_pull/analysis/synthetic_lollipop_v1/masks/492_1_391_synthetic_lollipop.nii.gz,constant
492_1_391,small,voxel_spacing_mm_y,1.0,1.0,0.0,0.0,0.0,8.5,9.0,/sfs/ceph/standard/gam_ai_group/people_scratch/ethan hirai/GrowthNet/analysis/synthetic_lollipop_v1/masks/492_1_391_synthetic_lollipop.nii.gz,/Users/kvothearcane/Personal/Coding Projects/GrowthNet/rivanna_pull/analysis/synthetic_lollipop_v1/masks/492_1_391_synthetic_lollipop.nii.gz,constant
492_1_391,small,voxel_spacing_mm_z,1.0,1.0,0.0,0.0,0.0,8.5,9.0,/sfs/ceph/standard/gam_ai_group/people_scratch/ethan hirai/GrowthNet/analysis/synthetic_lollipop_v1/masks/492_1_391_synthetic_lollipop.nii.gz,/Users/kvothearcane/Personal/Coding Projects/GrowthNet/rivanna_pull/analysis/synthetic_lollipop_v1/masks/492_1_391_synthetic_lollipop.nii.gz,constant
492_1_391,small,bounding_box_size_vox_x,7.0,3.0,4.0,-4.0,-0.5714285714285714,8.5,9.0,/sfs/ceph/standard/gam_ai_group/people_scratch/ethan hirai/GrowthNet/analysis/synthetic_lollipop_v1/masks/492_1_391_synthetic_lollipop.nii.gz,/Users/kvothearcane/Personal/Coding Projects/GrowthNet/rivanna_pull/analysis/synthetic_lollipop_v1/masks/492_1_391_synthetic_lollipop.nii.gz,case-specific
492_1_391,small,bounding_box_size_vox_y,5.0,3.0,2.0,-2.0,-0.4,8.5,9.0,/sfs/ceph/standard/gam_ai_group/people_scratch/ethan hirai/GrowthNet/analysis/synthetic_lollipop_v1/masks/492_1_391_synthetic_lollipop.nii.gz,/Users/kvothearcane/Personal/Coding Projects/GrowthNet/rivanna_pull/analysis/synthetic_lollipop_v1/masks/492_1_391_synthetic_lollipop.nii.gz,case-specific
492_1_391,small,bounding_box_size_vox_z,4.0,3.0,1.0,-1.0,-0.25,8.5,9.0,/sfs/ceph/standard/gam_ai_group/people_scratch/ethan hirai/GrowthNet/analysis/synthetic_lollipop_v1/masks/492_1_391_synthetic_lollipop.nii.gz,/Users/kvothearcane/Personal/Coding Projects/GrowthNet/rivanna_pull/analysis/synthetic_lollipop_v1/masks/492_1_391_synthetic_lollipop.nii.gz,case-specific
492_1_391,small,bounding_box_size_mm_x,7.0,3.0,4.0,-4.0,-0.5714285714285714,8.5,9.0,/sfs/ceph/standard/gam_ai_group/people_scratch/ethan hirai/GrowthNet/analysis/synthetic_lollipop_v1/masks/492_1_391_synthetic_lollipop.nii.gz,/Users/kvothearcane/Personal/Coding Projects/GrowthNet/rivanna_pull/analysis/synthetic_lollipop_v1/masks/492_1_391_synthetic_lollipop.nii.gz,case-specific
492_1_391,small,bounding_box_size_mm_y,5.0,3.0,2.0,-2.0,-0.4,8.5,9.0,/sfs/ceph/standard/gam_ai_group/people_scratch/ethan hirai/GrowthNet/analysis/synthetic_lollipop_v1/masks/492_1_391_synthetic_lollipop.nii.gz,/Users/kvothearcane/Personal/Coding Projects/GrowthNet/rivanna_pull/analysis/synthetic_lollipop_v1/masks/492_1_391_synthetic_lollipop.nii.gz,case-specific
492_1_391,small,bounding_box_size_mm_z,4.0,3.0,1.0,-1.0,-0.25,8.5,9.0,/sfs/ceph/standard/gam_ai_group/people_scratch/ethan hirai/GrowthNet/analysis/synthetic_lollipop_v1/masks/492_1_391_synthetic_lollipop.nii.gz,/Users/kvothearcane/Personal/Coding Projects/GrowthNet/rivanna_pull/analysis/synthetic_lollipop_v1/masks/492_1_391_synthetic_lollipop.nii.gz,case-specific
540_3_1126,large,voxel_volume_mm3,1.0,1.0,0.0,0.0,0.0,8889.625,8893.0,/sfs/ceph/standard/gam_ai_group/people_scratch/ethan hirai/GrowthNet/analysis/synthetic_lollipop_v1/masks/540_3_1126_synthetic_lollipop.nii.gz,/Users/kvothearcane/Personal/Coding Projects/GrowthNet/rivanna_pull/analysis/synthetic_lollipop_v1/masks/540_3_1126_synthetic_lollipop.nii.gz,constant
540_3_1126,large,mask_voxel_count,8901.0,8893.0,8.0,-8.0,-0.0008987754184923043,8889.625,8893.0,/sfs/ceph/standard/gam_ai_group/people_scratch/ethan hirai/GrowthNet/analysis/synthetic_lollipop_v1/masks/540_3_1126_synthetic_lollipop.nii.gz,/Users/kvothearcane/Personal/Coding Projects/GrowthNet/rivanna_pull/analysis/synthetic_lollipop_v1/masks/540_3_1126_synthetic_lollipop.nii.gz,case-specific
540_3_1126,large,volume_mm3,8901.0,8893.0,8.0,-8.0,-0.0008987754184923043,8889.625,8893.0,/sfs/ceph/standard/gam_ai_group/people_scratch/ethan hirai/GrowthNet/analysis/synthetic_lollipop_v1/masks/540_3_1126_synthetic_lollipop.nii.gz,/Users/kvothearcane/Personal/Coding Projects/GrowthNet/rivanna_pull/analysis/synthetic_lollipop_v1/masks/540_3_1126_synthetic_lollipop.nii.gz,case-specific
540_3_1126,large,connected_component_count,1.0,1.0,0.0,0.0,0.0,8889.625,8893.0,/sfs/ceph/standard/gam_ai_group/people_scratch/ethan hirai/GrowthNet/analysis/synthetic_lollipop_v1/masks/540_3_1126_synthetic_lollipop.nii.gz,/Users/kvothearcane/Personal/Coding Projects/GrowthNet/rivanna_pull/analysis/synthetic_lollipop_v1/masks/540_3_1126_synthetic_lollipop.nii.gz,constant
540_3_1126,large,largest_component_voxel_count,8901.0,8893.0,8.0,-8.0,-0.0008987754184923043,8889.625,8893.0,/sfs/ceph/standard/gam_ai_group/people_scratch/ethan hirai/GrowthNet/analysis/synthetic_lollipop_v1/masks/540_3_1126_synthetic_lollipop.nii.gz,/Users/kvothearcane/Personal/Coding Projects/GrowthNet/rivanna_pull/analysis/synthetic_lollipop_v1/masks/540_3_1126_synthetic_lollipop.nii.gz,case-specific
540_3_1126,large,largest_component_fraction,1.0,1.0,0.0,0.0,0.0,8889.625,8893.0,/sfs/ceph/standard/gam_ai_group/people_scratch/ethan hirai/GrowthNet/analysis/synthetic_lollipop_v1/masks/540_3_1126_synthetic_lollipop.nii.gz,/Users/kvothearcane/Personal/Coding Projects/GrowthNet/rivanna_pull/analysis/synthetic_lollipop_v1/masks/540_3_1126_synthetic_lollipop.nii.gz,constant
540_3_1126,large,component_volume_fraction_largest,1.0,1.0,0.0,0.0,0.0,8889.625,8893.0,/sfs/ceph/standard/gam_ai_group/people_scratch/ethan hirai/GrowthNet/analysis/synthetic_lollipop_v1/masks/540_3_1126_synthetic_lollipop.nii.gz,/Users/kvothearcane/Personal/Coding Projects/GrowthNet/rivanna_pull/analysis/synthetic_lollipop_v1/masks/540_3_1126_synthetic_lollipop.nii.gz,constant
540_3_1126,large,component_volume_fraction_second_largest,0.0,0.0,0.0,0.0,,8889.625,8893.0,/sfs/ceph/standard/gam_ai_group/people_scratch/ethan hirai/GrowthNet/analysis/synthetic_lollipop_v1/masks/540_3_1126_synthetic_lollipop.nii.gz,/Users/kvothearcane/Personal/Coding Projects/GrowthNet/rivanna_pull/analysis/synthetic_lollipop_v1/masks/540_3_1126_synthetic_lollipop.nii.gz,constant
540_3_1126,large,equivalent_sphere_diameter_mm,25.712643368160276,25.70493776189457,0.007705606265705711,-0.007705606265705711,-0.0002996816062578572,8889.625,8893.0,/sfs/ceph/standard/gam_ai_group/people_scratch/ethan hirai/GrowthNet/analysis/synthetic_lollipop_v1/masks/540_3_1126_synthetic_lollipop.nii.gz,/Users/kvothearcane/Personal/Coding Projects/GrowthNet/rivanna_pull/analysis/synthetic_lollipop_v1/masks/540_3_1126_synthetic_lollipop.nii.gz,case-specific
540_3_1126,large,max_diameter_bbox_mm,53.0,34.0,19.0,-19.0,-0.3584905660377358,8889.625,8893.0,/sfs/ceph/standard/gam_ai_group/people_scratch/ethan hirai/GrowthNet/analysis/synthetic_lollipop_v1/masks/540_3_1126_synthetic_lollipop.nii.gz,/Users/kvothearcane/Personal/Coding Projects/GrowthNet/rivanna_pull/analysis/synthetic_lollipop_v1/masks/540_3_1126_synthetic_lollipop.nii.gz,systematic/bbox-related
540_3_1126,large,bbox_volume_mm3,58830.0,19550.0,39280.0,-39280.0,-0.6676865544790073,8889.625,8893.0,/sfs/ceph/standard/gam_ai_group/people_scratch/ethan hirai/GrowthNet/analysis/synthetic_lollipop_v1/masks/540_3_1126_synthetic_lollipop.nii.gz,/Users/kvothearcane/Personal/Coding Projects/GrowthNet/rivanna_pull/analysis/synthetic_lollipop_v1/masks/540_3_1126_synthetic_lollipop.nii.gz,systematic/bbox-related
540_3_1126,large,bbox_fill_fraction,0.1513003569607343,0.4548849104859335,0.3035845535251992,0.3035845535251992,2.0065025596997494,8889.625,8893.0,/sfs/ceph/standard/gam_ai_group/people_scratch/ethan hirai/GrowthNet/analysis/synthetic_lollipop_v1/masks/540_3_1126_synthetic_lollipop.nii.gz,/Users/kvothearcane/Personal/Coding Projects/GrowthNet/rivanna_pull/analysis/synthetic_lollipop_v1/masks/540_3_1126_synthetic_lollipop.nii.gz,systematic/bbox-related
540_3_1126,large,principal_axis_length_major_mm,54.16797692490604,34.811361811305254,19.35661511360079,-19.35661511360079,-0.3573442504680428,8889.625,8893.0,/sfs/ceph/standard/gam_ai_group/people_scratch/ethan hirai/GrowthNet/analysis/synthetic_lollipop_v1/masks/540_3_1126_synthetic_lollipop.nii.gz,/Users/kvothearcane/Personal/Coding Projects/GrowthNet/rivanna_pull/analysis/synthetic_lollipop_v1/masks/540_3_1126_synthetic_lollipop.nii.gz,systematic/PCA-related
540_3_1126,large,principal_axis_length_minor1_mm,31.2400526103283,22.122618811130337,9.117433799197961,-9.117433799197961,-0.2918507824850346,8889.625,8893.0,/sfs/ceph/standard/gam_ai_group/people_scratch/ethan hirai/GrowthNet/analysis/synthetic_lollipop_v1/masks/540_3_1126_synthetic_lollipop.nii.gz,/Users/kvothearcane/Personal/Coding Projects/GrowthNet/rivanna_pull/analysis/synthetic_lollipop_v1/masks/540_3_1126_synthetic_lollipop.nii.gz,systematic/PCA-related
540_3_1126,large,principal_axis_length_minor2_mm,28.417863864702937,22.05211362022888,6.365750244474057,-6.365750244474057,-0.22400523398877928,8889.625,8893.0,/sfs/ceph/standard/gam_ai_group/people_scratch/ethan hirai/GrowthNet/analysis/synthetic_lollipop_v1/masks/540_3_1126_synthetic_lollipop.nii.gz,/Users/kvothearcane/Personal/Coding Projects/GrowthNet/rivanna_pull/analysis/synthetic_lollipop_v1/masks/540_3_1126_synthetic_lollipop.nii.gz,systematic/PCA-related
540_3_1126,large,flatness,0.9206159285380546,0.9964321149279796,0.07581618638992493,0.07581618638992493,0.08235376343131673,8889.625,8893.0,/sfs/ceph/standard/gam_ai_group/people_scratch/ethan hirai/GrowthNet/analysis/synthetic_lollipop_v1/masks/540_3_1126_synthetic_lollipop.nii.gz,/Users/kvothearcane/Personal/Coding Projects/GrowthNet/rivanna_pull/analysis/synthetic_lollipop_v1/masks/540_3_1126_synthetic_lollipop.nii.gz,systematic/PCA-related
540_3_1126,large,aspect_ratio_major_to_minor2,2.701080641900136,1.5447192332225337,1.1563614086776022,-1.1563614086776022,-0.4281106571716918,8889.625,8893.0,/sfs/ceph/standard/gam_ai_group/people_scratch/ethan hirai/GrowthNet/analysis/synthetic_lollipop_v1/masks/540_3_1126_synthetic_lollipop.nii.gz,/Users/kvothearcane/Personal/Coding Projects/GrowthNet/rivanna_pull/analysis/synthetic_lollipop_v1/masks/540_3_1126_synthetic_lollipop.nii.gz,systematic/PCA-related
540_3_1126,large,elongation_legacy_major_to_minor2,2.701080641900136,1.5447192332225337,1.1563614086776022,-1.1563614086776022,-0.4281106571716918,8889.625,8893.0,/sfs/ceph/standard/gam_ai_group/people_scratch/ethan hirai/GrowthNet/analysis/synthetic_lollipop_v1/masks/540_3_1126_synthetic_lollipop.nii.gz,/Users/kvothearcane/Personal/Coding Projects/GrowthNet/rivanna_pull/analysis/synthetic_lollipop_v1/masks/540_3_1126_synthetic_lollipop.nii.gz,systematic/PCA-related
540_3_1126,large,elongation,2.486657863199058,1.5392078525298558,0.9474500106692023,-0.9474500106692023,-0.3810134175235182,8889.625,8893.0,/sfs/ceph/standard/gam_ai_group/people_scratch/ethan hirai/GrowthNet/analysis/synthetic_lollipop_v1/masks/540_3_1126_synthetic_lollipop.nii.gz,/Users/kvothearcane/Personal/Coding Projects/GrowthNet/rivanna_pull/analysis/synthetic_lollipop_v1/masks/540_3_1126_synthetic_lollipop.nii.gz,systematic/PCA-related
540_3_1126,large,secondary_axis_ratio,0.402146195823462,0.6496848351938895,0.24753863937042753,0.24753863937042753,0.6155439040360695,8889.625,8893.0,/sfs/ceph/standard/gam_ai_group/people_scratch/ethan hirai/GrowthNet/analysis/synthetic_lollipop_v1/masks/540_3_1126_synthetic_lollipop.nii.gz,/Users/kvothearcane/Personal/Coding Projects/GrowthNet/rivanna_pull/analysis/synthetic_lollipop_v1/masks/540_3_1126_synthetic_lollipop.nii.gz,systematic/PCA-related
540_3_1126,large,surface_area_mm2,3533.2177734375,2491.668212890625,1041.549560546875,-1041.549560546875,-0.29478781873485876,8889.625,8893.0,/sfs/ceph/standard/gam_ai_group/people_scratch/ethan hirai/GrowthNet/analysis/synthetic_lollipop_v1/masks/540_3_1126_synthetic_lollipop.nii.gz,/Users/kvothearcane/Personal/Coding Projects/GrowthNet/rivanna_pull/analysis/synthetic_lollipop_v1/masks/540_3_1126_synthetic_lollipop.nii.gz,feature-specific/surface-related
540_3_1126,large,sphericity,0.5878586578067847,0.8330916359019697,0.24523297809518496,0.24523297809518496,0.41716316471396986,8889.625,8893.0,/sfs/ceph/standard/gam_ai_group/people_scratch/ethan hirai/GrowthNet/analysis/synthetic_lollipop_v1/masks/540_3_1126_synthetic_lollipop.nii.gz,/Users/kvothearcane/Personal/Coding Projects/GrowthNet/rivanna_pull/analysis/synthetic_lollipop_v1/masks/540_3_1126_synthetic_lollipop.nii.gz,feature-specific/surface-related
540_3_1126,large,compactness,556.7158899431893,195.6023421374374,361.11354780575186,-361.11354780575186,-0.6486496152330089,8889.625,8893.0,/sfs/ceph/standard/gam_ai_group/people_scratch/ethan hirai/GrowthNet/analysis/synthetic_lollipop_v1/masks/540_3_1126_synthetic_lollipop.nii.gz,/Users/kvothearcane/Personal/Coding Projects/GrowthNet/rivanna_pull/analysis/synthetic_lollipop_v1/masks/540_3_1126_synthetic_lollipop.nii.gz,feature-specific/surface-related
540_3_1126,large,surface_to_volume_ratio,0.396946160368217,0.2801830892714073,0.11676307109680972,-0.11676307109680972,-0.2941534211805889,8889.625,8893.0,/sfs/ceph/standard/gam_ai_group/people_scratch/ethan hirai/GrowthNet/analysis/synthetic_lollipop_v1/masks/540_3_1126_synthetic_lollipop.nii.gz,/Users/kvothearcane/Personal/Coding Projects/GrowthNet/rivanna_pull/analysis/synthetic_lollipop_v1/masks/540_3_1126_synthetic_lollipop.nii.gz,feature-specific/surface-related
540_3_1126,large,roughness_index,1.7010891763180878,1.2003481452761464,0.5007410310419413,-0.5007410310419413,-0.29436495041710115,8889.625,8893.0,/sfs/ceph/standard/gam_ai_group/people_scratch/ethan hirai/GrowthNet/analysis/synthetic_lollipop_v1/masks/540_3_1126_synthetic_lollipop.nii.gz,/Users/kvothearcane/Personal/Coding Projects/GrowthNet/rivanna_pull/analysis/synthetic_lollipop_v1/masks/540_3_1126_synthetic_lollipop.nii.gz,feature-specific/surface-related
540_3_1126,large,voxel_spacing_mm_x,1.0,1.0,0.0,0.0,0.0,8889.625,8893.0,/sfs/ceph/standard/gam_ai_group/people_scratch/ethan hirai/GrowthNet/analysis/synthetic_lollipop_v1/masks/540_3_1126_synthetic_lollipop.nii.gz,/Users/kvothearcane/Personal/Coding Projects/GrowthNet/rivanna_pull/analysis/synthetic_lollipop_v1/masks/540_3_1126_synthetic_lollipop.nii.gz,constant
540_3_1126,large,voxel_spacing_mm_y,1.0,1.0,0.0,0.0,0.0,8889.625,8893.0,/sfs/ceph/standard/gam_ai_group/people_scratch/ethan hirai/GrowthNet/analysis/synthetic_lollipop_v1/masks/540_3_1126_synthetic_lollipop.nii.gz,/Users/kvothearcane/Personal/Coding Projects/GrowthNet/rivanna_pull/analysis/synthetic_lollipop_v1/masks/540_3_1126_synthetic_lollipop.nii.gz,constant
540_3_1126,large,voxel_spacing_mm_z,1.0,1.0,0.0,0.0,0.0,8889.625,8893.0,/sfs/ceph/standard/gam_ai_group/people_scratch/ethan hirai/GrowthNet/analysis/synthetic_lollipop_v1/masks/540_3_1126_synthetic_lollipop.nii.gz,/Users/kvothearcane/Personal/Coding Projects/GrowthNet/rivanna_pull/analysis/synthetic_lollipop_v1/masks/540_3_1126_synthetic_lollipop.nii.gz,constant
540_3_1126,large,bounding_box_size_vox_x,53.0,23.0,30.0,-30.0,-0.5660377358490566,8889.625,8893.0,/sfs/ceph/standard/gam_ai_group/people_scratch/ethan hirai/GrowthNet/analysis/synthetic_lollipop_v1/masks/540_3_1126_synthetic_lollipop.nii.gz,/Users/kvothearcane/Personal/Coding Projects/GrowthNet/rivanna_pull/analysis/synthetic_lollipop_v1/masks/540_3_1126_synthetic_lollipop.nii.gz,case-specific
540_3_1126,large,bounding_box_size_vox_y,30.0,25.0,5.0,-5.0,-0.16666666666666666,8889.625,8893.0,/sfs/ceph/standard/gam_ai_group/people_scratch/ethan hirai/GrowthNet/analysis/synthetic_lollipop_v1/masks/540_3_1126_synthetic_lollipop.nii.gz,/Users/kvothearcane/Personal/Coding Projects/GrowthNet/rivanna_pull/analysis/synthetic_lollipop_v1/masks/540_3_1126_synthetic_lollipop.nii.gz,case-specific
540_3_1126,large,bounding_box_size_vox_z,37.0,34.0,3.0,-3.0,-0.08108108108108109,8889.625,8893.0,/sfs/ceph/standard/gam_ai_group/people_scratch/ethan hirai/GrowthNet/analysis/synthetic_lollipop_v1/masks/540_3_1126_synthetic_lollipop.nii.gz,/Users/kvothearcane/Personal/Coding Projects/GrowthNet/rivanna_pull/analysis/synthetic_lollipop_v1/masks/540_3_1126_synthetic_lollipop.nii.gz,case-specific
540_3_1126,large,bounding_box_size_mm_x,53.0,23.0,30.0,-30.0,-0.5660377358490566,8889.625,8893.0,/sfs/ceph/standard/gam_ai_group/people_scratch/ethan hirai/GrowthNet/analysis/synthetic_lollipop_v1/masks/540_3_1126_synthetic_lollipop.nii.gz,/Users/kvothearcane/Personal/Coding Projects/GrowthNet/rivanna_pull/analysis/synthetic_lollipop_v1/masks/540_3_1126_synthetic_lollipop.nii.gz,case-specific
540_3_1126,large,bounding_box_size_mm_y,30.0,25.0,5.0,-5.0,-0.16666666666666666,8889.625,8893.0,/sfs/ceph/standard/gam_ai_group/people_scratch/ethan hirai/GrowthNet/analysis/synthetic_lollipop_v1/masks/540_3_1126_synthetic_lollipop.nii.gz,/Users/kvothearcane/Personal/Coding Projects/GrowthNet/rivanna_pull/analysis/synthetic_lollipop_v1/masks/540_3_1126_synthetic_lollipop.nii.gz,case-specific
540_3_1126,large,bounding_box_size_mm_z,37.0,34.0,3.0,-3.0,-0.08108108108108109,8889.625,8893.0,/sfs/ceph/standard/gam_ai_group/people_scratch/ethan hirai/GrowthNet/analysis/synthetic_lollipop_v1/masks/540_3_1126_synthetic_lollipop.nii.gz,/Users/kvothearcane/Personal/Coding Projects/GrowthNet/rivanna_pull/analysis/synthetic_lollipop_v1/masks/540_3_1126_synthetic_lollipop.nii.gz,case-specific
593_3_2370,medium,voxel_volume_mm3,1.0,1.0,0.0,0.0,0.0,111.5,109.0,/sfs/ceph/standard/gam_ai_group/people_scratch/ethan hirai/GrowthNet/analysis/synthetic_lollipop_v1/masks/593_3_2370_synthetic_lollipop.nii.gz,/Users/kvothearcane/Personal/Coding Projects/GrowthNet/rivanna_pull/analysis/synthetic_lollipop_v1/masks/593_3_2370_synthetic_lollipop.nii.gz,constant
593_3_2370,medium,mask_voxel_count,116.0,109.0,7.0,-7.0,-0.0603448275862069,111.5,109.0,/sfs/ceph/standard/gam_ai_group/people_scratch/ethan hirai/GrowthNet/analysis/synthetic_lollipop_v1/masks/593_3_2370_synthetic_lollipop.nii.gz,/Users/kvothearcane/Personal/Coding Projects/GrowthNet/rivanna_pull/analysis/synthetic_lollipop_v1/masks/593_3_2370_synthetic_lollipop.nii.gz,case-specific
593_3_2370,medium,volume_mm3,116.0,109.0,7.0,-7.0,-0.0603448275862069,111.5,109.0,/sfs/ceph/standard/gam_ai_group/people_scratch/ethan hirai/GrowthNet/analysis/synthetic_lollipop_v1/masks/593_3_2370_synthetic_lollipop.nii.gz,/Users/kvothearcane/Personal/Coding Projects/GrowthNet/rivanna_pull/analysis/synthetic_lollipop_v1/masks/593_3_2370_synthetic_lollipop.nii.gz,case-specific
593_3_2370,medium,connected_component_count,1.0,1.0,0.0,0.0,0.0,111.5,109.0,/sfs/ceph/standard/gam_ai_group/people_scratch/ethan hirai/GrowthNet/analysis/synthetic_lollipop_v1/masks/593_3_2370_synthetic_lollipop.nii.gz,/Users/kvothearcane/Personal/Coding Projects/GrowthNet/rivanna_pull/analysis/synthetic_lollipop_v1/masks/593_3_2370_synthetic_lollipop.nii.gz,constant
593_3_2370,medium,largest_component_voxel_count,116.0,109.0,7.0,-7.0,-0.0603448275862069,111.5,109.0,/sfs/ceph/standard/gam_ai_group/people_scratch/ethan hirai/GrowthNet/analysis/synthetic_lollipop_v1/masks/593_3_2370_synthetic_lollipop.nii.gz,/Users/kvothearcane/Personal/Coding Projects/GrowthNet/rivanna_pull/analysis/synthetic_lollipop_v1/masks/593_3_2370_synthetic_lollipop.nii.gz,case-specific
593_3_2370,medium,largest_component_fraction,1.0,1.0,0.0,0.0,0.0,111.5,109.0,/sfs/ceph/standard/gam_ai_group/people_scratch/ethan hirai/GrowthNet/analysis/synthetic_lollipop_v1/masks/593_3_2370_synthetic_lollipop.nii.gz,/Users/kvothearcane/Personal/Coding Projects/GrowthNet/rivanna_pull/analysis/synthetic_lollipop_v1/masks/593_3_2370_synthetic_lollipop.nii.gz,constant
593_3_2370,medium,component_volume_fraction_largest,1.0,1.0,0.0,0.0,0.0,111.5,109.0,/sfs/ceph/standard/gam_ai_group/people_scratch/ethan hirai/GrowthNet/analysis/synthetic_lollipop_v1/masks/593_3_2370_synthetic_lollipop.nii.gz,/Users/kvothearcane/Personal/Coding Projects/GrowthNet/rivanna_pull/analysis/synthetic_lollipop_v1/masks/593_3_2370_synthetic_lollipop.nii.gz,constant
593_3_2370,medium,component_volume_fraction_second_largest,0.0,0.0,0.0,0.0,,111.5,109.0,/sfs/ceph/standard/gam_ai_group/people_scratch/ethan hirai/GrowthNet/analysis/synthetic_lollipop_v1/masks/593_3_2370_synthetic_lollipop.nii.gz,/Users/kvothearcane/Personal/Coding Projects/GrowthNet/rivanna_pull/analysis/synthetic_lollipop_v1/masks/593_3_2370_synthetic_lollipop.nii.gz,constant
593_3_2370,medium,equivalent_sphere_diameter_mm,6.050897399235387,5.926650153721812,0.12424724551357524,-0.12424724551357524,-0.020533689024255404,111.5,109.0,/sfs/ceph/standard/gam_ai_group/people_scratch/ethan hirai/GrowthNet/analysis/synthetic_lollipop_v1/masks/593_3_2370_synthetic_lollipop.nii.gz,/Users/kvothearcane/Personal/Coding Projects/GrowthNet/rivanna_pull/analysis/synthetic_lollipop_v1/masks/593_3_2370_synthetic_lollipop.nii.gz,case-specific
593_3_2370,medium,max_diameter_bbox_mm,13.0,6.0,7.0,-7.0,-0.5384615384615384,111.5,109.0,/sfs/ceph/standard/gam_ai_group/people_scratch/ethan hirai/GrowthNet/analysis/synthetic_lollipop_v1/masks/593_3_2370_synthetic_lollipop.nii.gz,/Users/kvothearcane/Personal/Coding Projects/GrowthNet/rivanna_pull/analysis/synthetic_lollipop_v1/masks/593_3_2370_synthetic_lollipop.nii.gz,systematic/bbox-related
593_3_2370,medium,bbox_volume_mm3,637.0,180.0,457.0,-457.0,-0.717425431711146,111.5,109.0,/sfs/ceph/standard/gam_ai_group/people_scratch/ethan hirai/GrowthNet/analysis/synthetic_lollipop_v1/masks/593_3_2370_synthetic_lollipop.nii.gz,/Users/kvothearcane/Personal/Coding Projects/GrowthNet/rivanna_pull/analysis/synthetic_lollipop_v1/masks/593_3_2370_synthetic_lollipop.nii.gz,systematic/bbox-related
593_3_2370,medium,bbox_fill_fraction,0.1821036106750392,0.6055555555555555,0.4234519448805163,0.4234519448805163,2.3253352490421464,111.5,109.0,/sfs/ceph/standard/gam_ai_group/people_scratch/ethan hirai/GrowthNet/analysis/synthetic_lollipop_v1/masks/593_3_2370_synthetic_lollipop.nii.gz,/Users/kvothearcane/Personal/Coding Projects/GrowthNet/rivanna_pull/analysis/synthetic_lollipop_v1/masks/593_3_2370_synthetic_lollipop.nii.gz,systematic/bbox-related
593_3_2370,medium,principal_axis_length_major_mm,12.481363992953993,5.785512198207426,6.6958517947465666,-6.6958517947465666,-0.5364679532242248,111.5,109.0,/sfs/ceph/standard/gam_ai_group/people_scratch/ethan hirai/GrowthNet/analysis/synthetic_lollipop_v1/masks/593_3_2370_synthetic_lollipop.nii.gz,/Users/kvothearcane/Personal/Coding Projects/GrowthNet/rivanna_pull/analysis/synthetic_lollipop_v1/masks/593_3_2370_synthetic_lollipop.nii.gz,systematic/PCA-related
593_3_2370,medium,principal_axis_length_minor1_mm,6.349295917684128,5.133269029748667,1.2160268879354614,-1.2160268879354614,-0.19152153304881728,111.5,109.0,/sfs/ceph/standard/gam_ai_group/people_scratch/ethan hirai/GrowthNet/analysis/synthetic_lollipop_v1/masks/593_3_2370_synthetic_lollipop.nii.gz,/Users/kvothearcane/Personal/Coding Projects/GrowthNet/rivanna_pull/analysis/synthetic_lollipop_v1/masks/593_3_2370_synthetic_lollipop.nii.gz,systematic/PCA-related
593_3_2370,medium,principal_axis_length_minor2_mm,6.1764126594223185,4.787469378615063,1.388943280807256,-1.388943280807256,-0.22487864030399227,111.5,109.0,/sfs/ceph/standard/gam_ai_group/people_scratch/ethan hirai/GrowthNet/analysis/synthetic_lollipop_v1/masks/593_3_2370_synthetic_lollipop.nii.gz,/Users/kvothearcane/Personal/Coding Projects/GrowthNet/rivanna_pull/analysis/synthetic_lollipop_v1/masks/593_3_2370_synthetic_lollipop.nii.gz,systematic/PCA-related
593_3_2370,medium,flatness,0.940429989783096,0.9532885712647288,0.01285858148163277,0.01285858148163277,0.013673087440138438,111.5,109.0,/sfs/ceph/standard/gam_ai_group/people_scratch/ethan hirai/GrowthNet/analysis/synthetic_lollipop_v1/masks/593_3_2370_synthetic_lollipop.nii.gz,/Users/kvothearcane/Personal/Coding Projects/GrowthNet/rivanna_pull/analysis/synthetic_lollipop_v1/masks/593_3_2370_synthetic_lollipop.nii.gz,systematic/PCA-related
593_3_2370,medium,aspect_ratio_major_to_minor2,2.6845421636705256,1.178353962454935,1.5061882012155905,-1.5061882012155905,-0.5610596181347388,111.5,109.0,/sfs/ceph/standard/gam_ai_group/people_scratch/ethan hirai/GrowthNet/analysis/synthetic_lollipop_v1/masks/593_3_2370_synthetic_lollipop.nii.gz,/Users/kvothearcane/Personal/Coding Projects/GrowthNet/rivanna_pull/analysis/synthetic_lollipop_v1/masks/593_3_2370_synthetic_lollipop.nii.gz,systematic/PCA-related
593_3_2370,medium,elongation_legacy_major_to_minor2,2.6845421636705256,1.178353962454935,1.5061882012155905,-1.5061882012155905,-0.5610596181347388,111.5,109.0,/sfs/ceph/standard/gam_ai_group/people_scratch/ethan hirai/GrowthNet/analysis/synthetic_lollipop_v1/masks/593_3_2370_synthetic_lollipop.nii.gz,/Users/kvothearcane/Personal/Coding Projects/GrowthNet/rivanna_pull/analysis/synthetic_lollipop_v1/masks/593_3_2370_synthetic_lollipop.nii.gz,systematic/PCA-related
593_3_2370,medium,elongation,2.5246239595529625,1.1233113653127969,1.4013125942401656,-1.4013125942401656,-0.5550579479124873,111.5,109.0,/sfs/ceph/standard/gam_ai_group/people_scratch/ethan hirai/GrowthNet/analysis/synthetic_lollipop_v1/masks/593_3_2370_synthetic_lollipop.nii.gz,/Users/kvothearcane/Personal/Coding Projects/GrowthNet/rivanna_pull/analysis/synthetic_lollipop_v1/masks/593_3_2370_synthetic_lollipop.nii.gz,systematic/PCA-related
593_3_2370,medium,secondary_axis_ratio,0.3960985936998993,0.8902251244663053,0.494126530766406,0.494126530766406,1.2474836786236527,111.5,109.0,/sfs/ceph/standard/gam_ai_group/people_scratch/ethan hirai/GrowthNet/analysis/synthetic_lollipop_v1/masks/593_3_2370_synthetic_lollipop.nii.gz,/Users/kvothearcane/Personal/Coding Projects/GrowthNet/rivanna_pull/analysis/synthetic_lollipop_v1/masks/593_3_2370_synthetic_lollipop.nii.gz,systematic/PCA-related
593_3_2370,medium,surface_area_mm2,183.00540161132812,115.67645263671876,67.32894897460936,-67.32894897460936,-0.3679068944511508,111.5,109.0,/sfs/ceph/standard/gam_ai_group/people_scratch/ethan hirai/GrowthNet/analysis/synthetic_lollipop_v1/masks/593_3_2370_synthetic_lollipop.nii.gz,/Users/kvothearcane/Personal/Coding Projects/GrowthNet/rivanna_pull/analysis/synthetic_lollipop_v1/masks/593_3_2370_synthetic_lollipop.nii.gz,feature-specific/surface-related
593_3_2370,medium,sphericity,0.6285293204500251,0.9539453480122162,0.3254160275621911,0.3254160275621911,0.5177420002128051,111.5,109.0,/sfs/ceph/standard/gam_ai_group/people_scratch/ethan hirai/GrowthNet/analysis/synthetic_lollipop_v1/masks/593_3_2370_synthetic_lollipop.nii.gz,/Users/kvothearcane/Personal/Coding Projects/GrowthNet/rivanna_pull/analysis/synthetic_lollipop_v1/masks/593_3_2370_synthetic_lollipop.nii.gz,feature-specific/surface-related
593_3_2370,medium,compactness,455.4867493834613,130.2812419676033,325.205507415858,-325.205507415858,-0.7139735850846383,111.5,109.0,/sfs/ceph/standard/gam_ai_group/people_scratch/ethan hirai/GrowthNet/analysis/synthetic_lollipop_v1/masks/593_3_2370_synthetic_lollipop.nii.gz,/Users/kvothearcane/Personal/Coding Projects/GrowthNet/rivanna_pull/analysis/synthetic_lollipop_v1/masks/593_3_2370_synthetic_lollipop.nii.gz,feature-specific/surface-related
593_3_2370,medium,surface_to_volume_ratio,1.5776327725114494,1.0612518590524656,0.5163809134589838,-0.5163809134589838,-0.3273137592324175,111.5,109.0,/sfs/ceph/standard/gam_ai_group/people_scratch/ethan hirai/GrowthNet/analysis/synthetic_lollipop_v1/masks/593_3_2370_synthetic_lollipop.nii.gz,/Users/kvothearcane/Personal/Coding Projects/GrowthNet/rivanna_pull/analysis/synthetic_lollipop_v1/masks/593_3_2370_synthetic_lollipop.nii.gz,feature-specific/surface-related
593_3_2370,medium,roughness_index,1.591015673356341,1.0482780822651423,0.5427375910911987,-0.5427375910911987,-0.3411264893112347,111.5,109.0,/sfs/ceph/standard/gam_ai_group/people_scratch/ethan hirai/GrowthNet/analysis/synthetic_lollipop_v1/masks/593_3_2370_synthetic_lollipop.nii.gz,/Users/kvothearcane/Personal/Coding Projects/GrowthNet/rivanna_pull/analysis/synthetic_lollipop_v1/masks/593_3_2370_synthetic_lollipop.nii.gz,feature-specific/surface-related
593_3_2370,medium,voxel_spacing_mm_x,1.0,1.0,0.0,0.0,0.0,111.5,109.0,/sfs/ceph/standard/gam_ai_group/people_scratch/ethan hirai/GrowthNet/analysis/synthetic_lollipop_v1/masks/593_3_2370_synthetic_lollipop.nii.gz,/Users/kvothearcane/Personal/Coding Projects/GrowthNet/rivanna_pull/analysis/synthetic_lollipop_v1/masks/593_3_2370_synthetic_lollipop.nii.gz,constant
593_3_2370,medium,voxel_spacing_mm_y,1.0,1.0,0.0,0.0,0.0,111.5,109.0,/sfs/ceph/standard/gam_ai_group/people_scratch/ethan hirai/GrowthNet/analysis/synthetic_lollipop_v1/masks/593_3_2370_synthetic_lollipop.nii.gz,/Users/kvothearcane/Personal/Coding Projects/GrowthNet/rivanna_pull/analysis/synthetic_lollipop_v1/masks/593_3_2370_synthetic_lollipop.nii.gz,constant
593_3_2370,medium,voxel_spacing_mm_z,1.0,1.0,0.0,0.0,0.0,111.5,109.0,/sfs/ceph/standard/gam_ai_group/people_scratch/ethan hirai/GrowthNet/analysis/synthetic_lollipop_v1/masks/593_3_2370_synthetic_lollipop.nii.gz,/Users/kvothearcane/Personal/Coding Projects/GrowthNet/rivanna_pull/analysis/synthetic_lollipop_v1/masks/593_3_2370_synthetic_lollipop.nii.gz,constant
593_3_2370,medium,bounding_box_size_vox_x,13.0,5.0,8.0,-8.0,-0.6153846153846154,111.5,109.0,/sfs/ceph/standard/gam_ai_group/people_scratch/ethan hirai/GrowthNet/analysis/synthetic_lollipop_v1/masks/593_3_2370_synthetic_lollipop.nii.gz,/Users/kvothearcane/Personal/Coding Projects/GrowthNet/rivanna_pull/analysis/synthetic_lollipop_v1/masks/593_3_2370_synthetic_lollipop.nii.gz,case-specific
593_3_2370,medium,bounding_box_size_vox_y,7.0,6.0,1.0,-1.0,-0.14285714285714285,111.5,109.0,/sfs/ceph/standard/gam_ai_group/people_scratch/ethan hirai/GrowthNet/analysis/synthetic_lollipop_v1/masks/593_3_2370_synthetic_lollipop.nii.gz,/Users/kvothearcane/Personal/Coding Projects/GrowthNet/rivanna_pull/analysis/synthetic_lollipop_v1/masks/593_3_2370_synthetic_lollipop.nii.gz,case-specific
593_3_2370,medium,bounding_box_size_vox_z,7.0,6.0,1.0,-1.0,-0.14285714285714285,111.5,109.0,/sfs/ceph/standard/gam_ai_group/people_scratch/ethan hirai/GrowthNet/analysis/synthetic_lollipop_v1/masks/593_3_2370_synthetic_lollipop.nii.gz,/Users/kvothearcane/Personal/Coding Projects/GrowthNet/rivanna_pull/analysis/synthetic_lollipop_v1/masks/593_3_2370_synthetic_lollipop.nii.gz,case-specific
593_3_2370,medium,bounding_box_size_mm_x,13.0,5.0,8.0,-8.0,-0.6153846153846154,111.5,109.0,/sfs/ceph/standard/gam_ai_group/people_scratch/ethan hirai/GrowthNet/analysis/synthetic_lollipop_v1/masks/593_3_2370_synthetic_lollipop.nii.gz,/Users/kvothearcane/Personal/Coding Projects/GrowthNet/rivanna_pull/analysis/synthetic_lollipop_v1/masks/593_3_2370_synthetic_lollipop.nii.gz,case-specific
593_3_2370,medium,bounding_box_size_mm_y,7.0,6.0,1.0,-1.0,-0.14285714285714285,111.5,109.0,/sfs/ceph/standard/gam_ai_group/people_scratch/ethan hirai/GrowthNet/analysis/synthetic_lollipop_v1/masks/593_3_2370_synthetic_lollipop.nii.gz,/Users/kvothearcane/Personal/Coding Projects/GrowthNet/rivanna_pull/analysis/synthetic_lollipop_v1/masks/593_3_2370_synthetic_lollipop.nii.gz,case-specific
593_3_2370,medium,bounding_box_size_mm_z,7.0,6.0,1.0,-1.0,-0.14285714285714285,111.5,109.0,/sfs/ceph/standard/gam_ai_group/people_scratch/ethan hirai/GrowthNet/analysis/synthetic_lollipop_v1/masks/593_3_2370_synthetic_lollipop.nii.gz,/Users/kvothearcane/Personal/Coding Projects/GrowthNet/rivanna_pull/analysis/synthetic_lollipop_v1/masks/593_3_2370_synthetic_lollipop.nii.gz,case-specific
595_3_1268,large,voxel_volume_mm3,1.0,1.0,0.0,0.0,0.0,636.125,645.0,/sfs/ceph/standard/gam_ai_group/people_scratch/ethan hirai/GrowthNet/analysis/synthetic_lollipop_v1/masks/595_3_1268_synthetic_lollipop.nii.gz,/Users/kvothearcane/Personal/Coding Projects/GrowthNet/rivanna_pull/analysis/synthetic_lollipop_v1/masks/595_3_1268_synthetic_lollipop.nii.gz,constant
595_3_1268,large,mask_voxel_count,605.0,645.0,40.0,40.0,0.06611570247933884,636.125,645.0,/sfs/ceph/standard/gam_ai_group/people_scratch/ethan hirai/GrowthNet/analysis/synthetic_lollipop_v1/masks/595_3_1268_synthetic_lollipop.nii.gz,/Users/kvothearcane/Personal/Coding Projects/GrowthNet/rivanna_pull/analysis/synthetic_lollipop_v1/masks/595_3_1268_synthetic_lollipop.nii.gz,case-specific
595_3_1268,large,volume_mm3,605.0,645.0,40.0,40.0,0.06611570247933884,636.125,645.0,/sfs/ceph/standard/gam_ai_group/people_scratch/ethan hirai/GrowthNet/analysis/synthetic_lollipop_v1/masks/595_3_1268_synthetic_lollipop.nii.gz,/Users/kvothearcane/Personal/Coding Projects/GrowthNet/rivanna_pull/analysis/synthetic_lollipop_v1/masks/595_3_1268_synthetic_lollipop.nii.gz,case-specific
595_3_1268,large,connected_component_count,1.0,1.0,0.0,0.0,0.0,636.125,645.0,/sfs/ceph/standard/gam_ai_group/people_scratch/ethan hirai/GrowthNet/analysis/synthetic_lollipop_v1/masks/595_3_1268_synthetic_lollipop.nii.gz,/Users/kvothearcane/Personal/Coding Projects/GrowthNet/rivanna_pull/analysis/synthetic_lollipop_v1/masks/595_3_1268_synthetic_lollipop.nii.gz,constant
595_3_1268,large,largest_component_voxel_count,605.0,645.0,40.0,40.0,0.06611570247933884,636.125,645.0,/sfs/ceph/standard/gam_ai_group/people_scratch/ethan hirai/GrowthNet/analysis/synthetic_lollipop_v1/masks/595_3_1268_synthetic_lollipop.nii.gz,/Users/kvothearcane/Personal/Coding Projects/GrowthNet/rivanna_pull/analysis/synthetic_lollipop_v1/masks/595_3_1268_synthetic_lollipop.nii.gz,case-specific
595_3_1268,large,largest_component_fraction,1.0,1.0,0.0,0.0,0.0,636.125,645.0,/sfs/ceph/standard/gam_ai_group/people_scratch/ethan hirai/GrowthNet/analysis/synthetic_lollipop_v1/masks/595_3_1268_synthetic_lollipop.nii.gz,/Users/kvothearcane/Personal/Coding Projects/GrowthNet/rivanna_pull/analysis/synthetic_lollipop_v1/masks/595_3_1268_synthetic_lollipop.nii.gz,constant
595_3_1268,large,component_volume_fraction_largest,1.0,1.0,0.0,0.0,0.0,636.125,645.0,/sfs/ceph/standard/gam_ai_group/people_scratch/ethan hirai/GrowthNet/analysis/synthetic_lollipop_v1/masks/595_3_1268_synthetic_lollipop.nii.gz,/Users/kvothearcane/Personal/Coding Projects/GrowthNet/rivanna_pull/analysis/synthetic_lollipop_v1/masks/595_3_1268_synthetic_lollipop.nii.gz,constant
595_3_1268,large,component_volume_fraction_second_largest,0.0,0.0,0.0,0.0,,636.125,645.0,/sfs/ceph/standard/gam_ai_group/people_scratch/ethan hirai/GrowthNet/analysis/synthetic_lollipop_v1/masks/595_3_1268_synthetic_lollipop.nii.gz,/Users/kvothearcane/Personal/Coding Projects/GrowthNet/rivanna_pull/analysis/synthetic_lollipop_v1/masks/595_3_1268_synthetic_lollipop.nii.gz,constant
595_3_1268,large,equivalent_sphere_diameter_mm,10.493464979203624,10.71980858984289,0.22634361063926534,0.22634361063926534,0.02156995912101887,636.125,645.0,/sfs/ceph/standard/gam_ai_group/people_scratch/ethan hirai/GrowthNet/analysis/synthetic_lollipop_v1/masks/595_3_1268_synthetic_lollipop.nii.gz,/Users/kvothearcane/Personal/Coding Projects/GrowthNet/rivanna_pull/analysis/synthetic_lollipop_v1/masks/595_3_1268_synthetic_lollipop.nii.gz,case-specific
595_3_1268,large,max_diameter_bbox_mm,22.0,13.0,9.0,-9.0,-0.4090909090909091,636.125,645.0,/sfs/ceph/standard/gam_ai_group/people_scratch/ethan hirai/GrowthNet/analysis/synthetic_lollipop_v1/masks/595_3_1268_synthetic_lollipop.nii.gz,/Users/kvothearcane/Personal/Coding Projects/GrowthNet/rivanna_pull/analysis/synthetic_lollipop_v1/masks/595_3_1268_synthetic_lollipop.nii.gz,systematic/bbox-related
595_3_1268,large,bbox_volume_mm3,3168.0,1287.0,1881.0,-1881.0,-0.59375,636.125,645.0,/sfs/ceph/standard/gam_ai_group/people_scratch/ethan hirai/GrowthNet/analysis/synthetic_lollipop_v1/masks/595_3_1268_synthetic_lollipop.nii.gz,/Users/kvothearcane/Personal/Coding Projects/GrowthNet/rivanna_pull/analysis/synthetic_lollipop_v1/masks/595_3_1268_synthetic_lollipop.nii.gz,systematic/bbox-related
595_3_1268,large,bbox_fill_fraction,0.1909722222222222,0.5011655011655012,0.31019327894327897,0.31019327894327897,1.6242848061029882,636.125,645.0,/sfs/ceph/standard/gam_ai_group/people_scratch/ethan hirai/GrowthNet/analysis/synthetic_lollipop_v1/masks/595_3_1268_synthetic_lollipop.nii.gz,/Users/kvothearcane/Personal/Coding Projects/GrowthNet/rivanna_pull/analysis/synthetic_lollipop_v1/masks/595_3_1268_synthetic_lollipop.nii.gz,systematic/bbox-related
595_3_1268,large,principal_axis_length_major_mm,21.781805952695084,13.268117394265364,8.51368855842972,-8.51368855842972,-0.3908623819769321,636.125,645.0,/sfs/ceph/standard/gam_ai_group/people_scratch/ethan hirai/GrowthNet/analysis/synthetic_lollipop_v1/masks/595_3_1268_synthetic_lollipop.nii.gz,/Users/kvothearcane/Personal/Coding Projects/GrowthNet/rivanna_pull/analysis/synthetic_lollipop_v1/masks/595_3_1268_synthetic_lollipop.nii.gz,systematic/PCA-related
595_3_1268,large,principal_axis_length_minor1_mm,12.841141616906484,9.01081118522364,3.830330431682844,-3.830330431682844,-0.2982858180334901,636.125,645.0,/sfs/ceph/standard/gam_ai_group/people_scratch/ethan hirai/GrowthNet/analysis/synthetic_lollipop_v1/masks/595_3_1268_synthetic_lollipop.nii.gz,/Users/kvothearcane/Personal/Coding Projects/GrowthNet/rivanna_pull/analysis/synthetic_lollipop_v1/masks/595_3_1268_synthetic_lollipop.nii.gz,systematic/PCA-related
595_3_1268,large,principal_axis_length_minor2_mm,11.133742406568045,8.987820363218574,2.1459220433494703,-2.1459220433494703,-0.19274040704260795,636.125,645.0,/sfs/ceph/standard/gam_ai_group/people_scratch/ethan hirai/GrowthNet/analysis/synthetic_lollipop_v1/masks/595_3_1268_synthetic_lollipop.nii.gz,/Users/kvothearcane/Personal/Coding Projects/GrowthNet/rivanna_pull/analysis/synthetic_lollipop_v1/masks/595_3_1268_synthetic_lollipop.nii.gz,systematic/PCA-related
595_3_1268,large,flatness,0.9214318604076918,0.9832895448112152,0.06185768440352346,0.06185768440352346,0.06713213104673225,636.125,645.0,/sfs/ceph/standard/gam_ai_group/people_scratch/ethan hirai/GrowthNet/analysis/synthetic_lollipop_v1/masks/595_3_1268_synthetic_lollipop.nii.gz,/Users/kvothearcane/Personal/Coding Projects/GrowthNet/rivanna_pull/analysis/synthetic_lollipop_v1/masks/595_3_1268_synthetic_lollipop.nii.gz,systematic/PCA-related
595_3_1268,large,aspect_ratio_major_to_minor2,2.6767730791031736,1.4285232684608598,1.2482498106423139,-1.2482498106423139,-0.46632634659510536,636.125,645.0,/sfs/ceph/standard/gam_ai_group/people_scratch/ethan hirai/GrowthNet/analysis/synthetic_lollipop_v1/masks/595_3_1268_synthetic_lollipop.nii.gz,/Users/kvothearcane/Personal/Coding Projects/GrowthNet/rivanna_pull/analysis/synthetic_lollipop_v1/masks/595_3_1268_synthetic_lollipop.nii.gz,systematic/PCA-related
595_3_1268,large,elongation_legacy_major_to_minor2,2.6767730791031736,1.4285232684608598,1.2482498106423139,-1.2482498106423139,-0.46632634659510536,636.125,645.0,/sfs/ceph/standard/gam_ai_group/people_scratch/ethan hirai/GrowthNet/analysis/synthetic_lollipop_v1/masks/595_3_1268_synthetic_lollipop.nii.gz,/Users/kvothearcane/Personal/Coding Projects/GrowthNet/rivanna_pull/analysis/synthetic_lollipop_v1/masks/595_3_1268_synthetic_lollipop.nii.gz,systematic/PCA-related
595_3_1268,large,elongation,2.466463998167263,1.4046519943971083,1.0618120037701548,-1.0618120037701548,-0.4304996969585396,636.125,645.0,/sfs/ceph/standard/gam_ai_group/people_scratch/ethan hirai/GrowthNet/analysis/synthetic_lollipop_v1/masks/595_3_1268_synthetic_lollipop.nii.gz,/Users/kvothearcane/Personal/Coding Projects/GrowthNet/rivanna_pull/analysis/synthetic_lollipop_v1/masks/595_3_1268_synthetic_lollipop.nii.gz,systematic/PCA-related
595_3_1268,large,secondary_axis_ratio,0.4054387174282951,0.7119201083177976,0.3064813908895025,0.3064813908895025,0.7559253167371861,636.125,645.0,/sfs/ceph/standard/gam_ai_group/people_scratch/ethan hirai/GrowthNet/analysis/synthetic_lollipop_v1/masks/595_3_1268_synthetic_lollipop.nii.gz,/Users/kvothearcane/Personal/Coding Projects/GrowthNet/rivanna_pull/analysis/synthetic_lollipop_v1/masks/595_3_1268_synthetic_lollipop.nii.gz,systematic/PCA-related
595_3_1268,large,surface_area_mm2,562.001708984375,399.93548583984375,162.06622314453125,-162.06622314453125,-0.28837318562146413,636.125,645.0,/sfs/ceph/standard/gam_ai_group/people_scratch/ethan hirai/GrowthNet/analysis/synthetic_lollipop_v1/masks/595_3_1268_synthetic_lollipop.nii.gz,/Users/kvothearcane/Personal/Coding Projects/GrowthNet/rivanna_pull/analysis/synthetic_lollipop_v1/masks/595_3_1268_synthetic_lollipop.nii.gz,feature-specific/surface-related
595_3_1268,large,sphericity,0.6155312000919287,0.902680361021892,0.28714916092996323,0.28714916092996323,0.46650626464926215,636.125,645.0,/sfs/ceph/standard/gam_ai_group/people_scratch/ethan hirai/GrowthNet/analysis/synthetic_lollipop_v1/masks/595_3_1268_synthetic_lollipop.nii.gz,/Users/kvothearcane/Personal/Coding Projects/GrowthNet/rivanna_pull/analysis/synthetic_lollipop_v1/masks/595_3_1268_synthetic_lollipop.nii.gz,feature-specific/surface-related
595_3_1268,large,compactness,484.9558017138365,153.76248590192588,331.19331581191057,-331.19331581191057,-0.6829350523108942,636.125,645.0,/sfs/ceph/standard/gam_ai_group/people_scratch/ethan hirai/GrowthNet/analysis/synthetic_lollipop_v1/masks/595_3_1268_synthetic_lollipop.nii.gz,/Users/kvothearcane/Personal/Coding Projects/GrowthNet/rivanna_pull/analysis/synthetic_lollipop_v1/masks/595_3_1268_synthetic_lollipop.nii.gz,feature-specific/surface-related
595_3_1268,large,surface_to_volume_ratio,0.9289284446022728,0.6200550168059593,0.30887342779631344,-0.30887342779631344,-0.3325050810867997,636.125,645.0,/sfs/ceph/standard/gam_ai_group/people_scratch/ethan hirai/GrowthNet/analysis/synthetic_lollipop_v1/masks/595_3_1268_synthetic_lollipop.nii.gz,/Users/kvothearcane/Personal/Coding Projects/GrowthNet/rivanna_pull/analysis/synthetic_lollipop_v1/masks/595_3_1268_synthetic_lollipop.nii.gz,feature-specific/surface-related
595_3_1268,large,roughness_index,1.624613016936674,1.1078118492219504,0.5168011677147235,-0.5168011677147235,-0.31810724297235393,636.125,645.0,/sfs/ceph/standard/gam_ai_group/people_scratch/ethan hirai/GrowthNet/analysis/synthetic_lollipop_v1/masks/595_3_1268_synthetic_lollipop.nii.gz,/Users/kvothearcane/Personal/Coding Projects/GrowthNet/rivanna_pull/analysis/synthetic_lollipop_v1/masks/595_3_1268_synthetic_lollipop.nii.gz,feature-specific/surface-related
595_3_1268,large,voxel_spacing_mm_x,1.0,1.0,0.0,0.0,0.0,636.125,645.0,/sfs/ceph/standard/gam_ai_group/people_scratch/ethan hirai/GrowthNet/analysis/synthetic_lollipop_v1/masks/595_3_1268_synthetic_lollipop.nii.gz,/Users/kvothearcane/Personal/Coding Projects/GrowthNet/rivanna_pull/analysis/synthetic_lollipop_v1/masks/595_3_1268_synthetic_lollipop.nii.gz,constant
595_3_1268,large,voxel_spacing_mm_y,1.0,1.0,0.0,0.0,0.0,636.125,645.0,/sfs/ceph/standard/gam_ai_group/people_scratch/ethan hirai/GrowthNet/analysis/synthetic_lollipop_v1/masks/595_3_1268_synthetic_lollipop.nii.gz,/Users/kvothearcane/Personal/Coding Projects/GrowthNet/rivanna_pull/analysis/synthetic_lollipop_v1/masks/595_3_1268_synthetic_lollipop.nii.gz,constant
595_3_1268,large,voxel_spacing_mm_z,1.0,1.0,0.0,0.0,0.0,636.125,645.0,/sfs/ceph/standard/gam_ai_group/people_scratch/ethan hirai/GrowthNet/analysis/synthetic_lollipop_v1/masks/595_3_1268_synthetic_lollipop.nii.gz,/Users/kvothearcane/Personal/Coding Projects/GrowthNet/rivanna_pull/analysis/synthetic_lollipop_v1/masks/595_3_1268_synthetic_lollipop.nii.gz,constant
595_3_1268,large,bounding_box_size_vox_x,12.0,11.0,1.0,-1.0,-0.08333333333333333,636.125,645.0,/sfs/ceph/standard/gam_ai_group/people_scratch/ethan hirai/GrowthNet/analysis/synthetic_lollipop_v1/masks/595_3_1268_synthetic_lollipop.nii.gz,/Users/kvothearcane/Personal/Coding Projects/GrowthNet/rivanna_pull/analysis/synthetic_lollipop_v1/masks/595_3_1268_synthetic_lollipop.nii.gz,case-specific
595_3_1268,large,bounding_box_size_vox_y,22.0,13.0,9.0,-9.0,-0.4090909090909091,636.125,645.0,/sfs/ceph/standard/gam_ai_group/people_scratch/ethan hirai/GrowthNet/analysis/synthetic_lollipop_v1/masks/595_3_1268_synthetic_lollipop.nii.gz,/Users/kvothearcane/Personal/Coding Projects/GrowthNet/rivanna_pull/analysis/synthetic_lollipop_v1/masks/595_3_1268_synthetic_lollipop.nii.gz,case-specific
595_3_1268,large,bounding_box_size_vox_z,12.0,9.0,3.0,-3.0,-0.25,636.125,645.0,/sfs/ceph/standard/gam_ai_group/people_scratch/ethan hirai/GrowthNet/analysis/synthetic_lollipop_v1/masks/595_3_1268_synthetic_lollipop.nii.gz,/Users/kvothearcane/Personal/Coding Projects/GrowthNet/rivanna_pull/analysis/synthetic_lollipop_v1/masks/595_3_1268_synthetic_lollipop.nii.gz,case-specific
595_3_1268,large,bounding_box_size_mm_x,12.0,11.0,1.0,-1.0,-0.08333333333333333,636.125,645.0,/sfs/ceph/standard/gam_ai_group/people_scratch/ethan hirai/GrowthNet/analysis/synthetic_lollipop_v1/masks/595_3_1268_synthetic_lollipop.nii.gz,/Users/kvothearcane/Personal/Coding Projects/GrowthNet/rivanna_pull/analysis/synthetic_lollipop_v1/masks/595_3_1268_synthetic_lollipop.nii.gz,case-specific
595_3_1268,large,bounding_box_size_mm_y,22.0,13.0,9.0,-9.0,-0.4090909090909091,636.125,645.0,/sfs/ceph/standard/gam_ai_group/people_scratch/ethan hirai/GrowthNet/analysis/synthetic_lollipop_v1/masks/595_3_1268_synthetic_lollipop.nii.gz,/Users/kvothearcane/Personal/Coding Projects/GrowthNet/rivanna_pull/analysis/synthetic_lollipop_v1/masks/595_3_1268_synthetic_lollipop.nii.gz,case-specific
595_3_1268,large,bounding_box_size_mm_z,12.0,9.0,3.0,-3.0,-0.25,636.125,645.0,/sfs/ceph/standard/gam_ai_group/people_scratch/ethan hirai/GrowthNet/analysis/synthetic_lollipop_v1/masks/595_3_1268_synthetic_lollipop.nii.gz,/Users/kvothearcane/Personal/Coding Projects/GrowthNet/rivanna_pull/analysis/synthetic_lollipop_v1/masks/595_3_1268_synthetic_lollipop.nii.gz,case-specific
